plant_id,species,pot_size,light_condition,location_type,watering_per_week,days_since_repot,fertilizer_ml,humidity_pct,temperature_c,prev_height_cm,height_cm,is_blooming
1,스투키,Medium,Medium,실내,2,71.0,57.3,62.0,27.0,64.6,72.3,N
2,필로덴드론,Medium,Medium,베란다,4,5.0,18.0,76.0,19.3,33.7,43.5,Y
3,고무나무,Large,Low,실내,2,5.0,13.9,67.6,18.7,,121.0,N
4,스킨답서스,Small,Medium,실내,0,344.0,21.4,59.8,18.4,5.0,6.1,N
5,몬스테라,Large,Medium,실내,1,200.0,4.2,44.8,23.6,71.3,77.2,N
6,몬스테라,Small,High,실내,5,91.0,23.6,58.6,21.7,44.4,54.8,N
7,몬스테라,Medium,Low,실내,1,89.0,28.8,62.0,18.7,56.4,59.4,N
8,산세베리아,Large,Medium,실내,3,166.0,24.5,76.4,21.4,9.8,19.0,N
9,고무나무,Small,High,실내,1,50.0,14.4,44.4,28.5,83.8,91.2,N
10,고무나무,Medium,High,실내,1,172.0,37.0,50.5,23.3,64.7,71.7,Y
11,몬스테라,Small,High,실내,1,80.0,21.5,79.1,26.4,62.3,65.5,N
12,필로덴드론,Medium,High,실내,2,122.0,27.8,52.6,18.1,20.5,26.3,N
13,산세베리아,Medium,High,베란다,3,402.0,26.9,60.9,22.9,39.6,47.4,N
14,몬스테라,Medium,Medium,실내,0,76.0,46.7,42.3,23.5,45.4,49.7,N
15,몬스테라,Small,Medium,베란다,2,65.0,51.5,50.9,24.1,73.8,79.0,N
16,몬스테라,Small,Low,베란다,1,283.0,61.5,58.9,21.2,20.5,23.6,N
17,스투키,Small,Low,실내,2,279.0,28.2,50.4,25.0,48.2,53.3,N
18,스킨답서스,Small,Low,베란다,2,586.0,20.6,57.2,23.5,39.5,42.7,N
19,스킨답서스,Medium,Low,실내,5,96.0,29.8,58.1,22.3,54.1,57.7,N
20,스투키,Large,Medium,실내,2,51.0,12.6,55.9,20.7,56.0,61.5,N
21,고무나무,Medium,Low,실내,5,33.0,15.2,46.0,17.5,82.6,87.8,Y
22,몬스테라,Medium,Low,베란다,2,4.0,28.9,64.9,16.2,68.0,71.0,N
23,스투키,Large,High,실내,2,156.0,17.7,57.2,20.0,56.2,59.8,N
24,스투키,Medium,Low,베란다,4,32.0,27.8,47.0,21.5,58.7,62.4,N
25,스킨답서스,Large,High,실내,3,112.0,40.4,45.3,20.0,35.2,43.5,N
26,산세베리아,Medium,Low,베란다,2,298.0,39.9,42.6,23.0,52.0,57.1,N
27,몬스테라,Small,High,실내,0,360.0,36.5,69.5,24.5,62.4,65.9,Y
28,스킨답서스,Small,High,실내,1,1.0,85.0,46.4,18.2,17.1,25.7,N
29,스킨답서스,Medium,Medium,실내,0,46.0,14.4,44.1,23.6,71.6,77.4,Y
30,몬스테라,Small,Medium,실내,4,218.0,30.0,43.1,21.9,88.0,94.2,N
31,고무나무,Small,Low,실내,3,92.0,25.9,31.1,16.8,40.0,43.4,N
32,몬스테라,Medium,High,베란다,2,198.0,7.0,81.4,24.7,98.5,107.3,Y
33,,Medium,,실내,1,230.0,36.7,56.1,19.2,45.2,49.4,Y
34,필로덴드론,Medium,High,베란다,1,70.0,5.9,44.4,29.7,39.6,46.3,N
35,·정보없음,Small,Medium,실내,1,53.0,7.9,50.9,25.5,37.1,39.5,N
36,산세베리아,Medium,Medium,베란다,6,73.0,26.9,39.9,21.6,30.8,39.4,N
37,스투키,Medium,High,실내,3,127.0,2.8,57.2,22.0,57.1,63.6,Y
38,몬스테라,Large,Medium,실내,1,55.0,9.3,53.2,17.8,88.5,91.3,N
39,고무나무,Medium,Medium,베란다,5,179.0,17.9,68.4,27.3,63.2,68.2,Y
40,스킨답서스,Large,Low,실내,2,281.0,19.9,46.6,19.5,37.4,38.8,N
41,몬스테라,Medium,High,실내,2,40.0,36.6,59.3,22.1,57.6,64.3,Y
42,스킨답서스,Medium,Low,실내,0,402.0,60.0,55.2,20.1,28.9,30.3,N
43,몬스테라,Small,Low,실내,2,117.0,76.3,44.7,23.4,58.3,62.7,N
44,필로덴드론,Medium,Medium,실내,0,253.0,70.4,59.3,21.9,35.4,39.4,N
45,스투키,Medium,High,베란다,1,13.0,2.0,54.0,20.1,57.1,59.1,N
46,고무나무,Medium,Medium,실내,3,35.0,62.8,66.9,23.4,67.3,71.7,N
47,스투키,Medium,Low,실내,5,46.0,19.3,59.8,26.5,50.9,58.4,N
48,스킨답서스,Medium,Low,실내,2,43.0,100.3,49.2,22.1,17.9,22.9,N
49,스킨답서스,Small,High,실내,0,23.0,16.7,65.7,15.4,41.9,44.2,Y
50,몬스테라,Medium,High,실내,2,243.0,46.1,58.5,23.1,59.9,65.6,N
51,필로덴드론,Small,High,베란다,1,,27.3,48.8,17.6,42.6,46.9,Y
52,산세베리아,Large,Medium,베란다,2,,24.0,66.4,17.9,50.7,51.8,N
53,필로덴드론,Small,High,실내,5,105.0,17.8,65.4,17.6,39.9,47.7,N
54,산세베리아,Small,Medium,베란다,5,18.0,4.9,44.2,24.1,23.4,31.1,N
55,스킨답서스,Medium,Medium,실내,0,95.0,6.3,46.3,17.6,35.7,36.7,N
56,필로덴드론,Medium,Medium,베란다,1,605.0,24.7,56.5,25.0,14.4,19.7,N
57,몬스테라,Medium,Medium,실내,2,100.0,20.1,50.8,24.4,16.5,22.9,N
58,몬스테라,Small,High,실내,1,0.0,53.5,51.1,19.4,78.4,86.8,Y
59,몬스테라,Medium,Medium,실내,5,325.0,14.0,45.5,23.4,15.3,22.1,N
60,스투키,Small,Medium,실내,1,32.0,46.0,57.1,25.5,59.8,67.3,N
61,스투키,Large,Medium,실내,1,140.0,27.0,57.7,20.3,85.0,91.4,N
62,스투키,Large,Low,실내,0,87.0,8.3,37.8,25.7,32.2,32.2,N
63,산세베리아,Medium,Medium,실내,3,47.0,68.5,50.4,22.5,25.7,31.8,N
64,스투키,Small,Low,실내,2,40.0,3.8,48.2,19.9,52.7,54.1,N
65,스투키,Medium,Low,실내,2,317.0,38.4,58.3,24.5,57.6,60.3,N
66,스킨답서스,Small,Medium,실내,2,292.0,30.1,61.9,19.8,34.2,41.6,N
67,몬스테라,Medium,Medium,실내,4,,44.7,63.7,26.2,62.6,71.6,Y
68,산세베리아,Small,High,실내,1,36.0,15.0,50.6,18.5,25.6,30.5,N
69,몬스테라,Large,Medium,실내,0,13.0,77.2,61.4,25.9,5.0,11.2,N
70,필로덴드론,Small,High,베란다,1,20.0,58.8,37.0,22.7,32.9,38.2,N
71,산세베리아,Medium,High,베란다,3,89.0,119.4,71.0,24.1,17.4,33.1,Y
72,몬스테라,Medium,High,실내,4,44.0,28.9,46.7,20.8,,53.6,N
73,몬스테라,Medium,Medium,실내,3,5.0,18.5,38.8,23.2,49.7,52.9,N
74,산세베리아,Small,Medium,실내,0,73.0,27.5,46.7,14.4,52.5,52.5,N
75,고무나무,Large,High,베란다,4,165.0,43.8,72.4,22.7,16.8,23.9,Y
76,고무나무,Medium,Medium,실내,2,267.0,32.5,62.6,18.1,94.7,100.1,N
77,산세베리아,Medium,Low,실내,1,106.0,4.9,76.5,24.2,41.2,37.9,N
78,몬스테라,Small,Medium,실내,2,154.0,20.7,58.6,20.4,66.0,68.3,N
79,스투키,Medium,Low,실내,4,54.0,19.3,71.3,20.4,21.9,26.6,N
80,몬스테라,Medium,High,실내,2,82.0,28.0,50.7,18.5,86.3,91.9,N
81,산세베리아,Small,Medium,실내,3,157.0,53.0,39.3,22.6,42.5,46.0,N
82,,Small,Medium,실내,2,156.0,26.6,59.4,19.5,46.6,50.3,N
83,스투키,Large,Medium,실내,0,66.0,3.9,55.9,21.8,73.4,75.4,N
84,몬스테라,Small,Medium,실내,5,94.0,14.3,61.0,21.0,48.1,56.7,N
85,스투키,Small,Low,실내,1,309.0,25.2,65.0,18.9,54.8,58.1,N
86,스투키,Medium,Medium,실내,1,120.0,14.9,59.8,20.8,49.7,54.1,N
87,고무나무,Medium,High,베란다,2,123.0,33.9,53.9,20.2,24.9,33.2,Y
88,고무나무,Small,Medium,실내,5,184.0,4.2,54.4,24.9,110.8,113.7,N
89,산세베리아,Medium,High,실내,1,15.0,3.5,60.8,25.4,26.3,32.7,N
90,스킨답서스,Small,Low,실내,1,89.0,45.3,37.4,18.0,73.0,151.6,N
91,몬스테라,Small,Low,실내,3,385.0,9.9,46.6,22.6,18.8,20.5,N
92,고무나무,Small,Low,실내,3,54.0,43.1,80.2,21.2,97.2,95.1,N
93,산세베리아,Large,Medium,실내,5,42.0,8.6,49.3,19.4,44.6,53.7,N
94,스킨답서스,Small,High,실내,1,110.0,18.8,63.1,22.4,72.7,72.1,Y
95,산세베리아,Small,High,실내,3,30.0,9.3,50.3,23.4,28.9,36.0,N
96,스킨답서스,Medium,Medium,실내,3,97.0,18.5,52.5,14.0,45.0,49.4,N
97,스킨답서스,Large,Medium,실내,3,20.0,21.0,28.9,25.0,53.7,57.9,N
98,스킨답서스,Small,High,실내,3,104.0,10.4,62.5,24.1,10.2,15.7,N
99,몬스테라,Medium,Low,실내,2,111.0,72.6,48.6,21.9,38.8,43.4,N
100,몬스테라,Small,Low,실내,0,65.0,52.1,30.6,19.4,55.9,54.4,N
101,몬스테라,Medium,High,실내,2,58.0,74.5,38.1,23.5,53.9,63.0,Y
102,고무나무,Medium,Medium,실내,4,34.0,16.5,56.3,20.0,53.8,57.0,N
103,스투키,Medium,High,실내,1,48.0,22.3,46.8,25.8,39.6,43.7,N
104,스킨답서스,Small,Medium,실내,1,83.0,13.3,45.2,24.7,41.8,45.6,N
105,필로덴드론,Small,High,베란다,2,34.0,39.9,49.8,22.1,33.0,42.0,N
106,스투키,Small,Low,베란다,4,183.0,51.7,20.0,19.6,57.7,60.9,N
107,스킨답서스,Medium,Medium,실내,1,148.0,32.3,35.6,23.5,45.4,53.4,N
108,산세베리아,Small,Medium,실내,4,38.0,10.8,62.7,24.4,29.5,33.5,N
109,스투키,Medium,Medium,실내,0,12.0,13.6,61.2,21.0,28.2,29.1,N
110,몬스테라,Large,Low,실내,3,0.0,7.2,61.7,23.2,6.5,11.4,N
111,스투키,Large,Medium,베란다,3,109.0,18.3,62.3,20.6,71.0,75.8,N
112,몬스테라,Large,Low,베란다,4,28.0,50.2,60.3,16.8,37.2,42.2,N
113,필로덴드론,Medium,High,베란다,2,2.0,40.4,72.3,17.0,34.1,40.4,Y
114,산세베리아,Medium,Medium,실내,2,53.0,35.4,62.2,22.5,47.9,52.5,N
115,고무나무,Small,Low,실내,2,392.0,48.5,55.4,26.6,22.5,26.8,N
116,산세베리아,Medium,Low,베란다,2,141.0,17.3,73.5,19.1,24.8,30.0,N
117,,Medium,Low,실내,1,234.0,50.1,61.4,19.6,23.0,26.5,N
118,몬스테라,Medium,Medium,베란다,3,19.0,14.5,61.9,22.9,36.7,42.7,N
119,산세베리아,Medium,Low,실내,3,9.0,26.5,49.0,22.1,21.6,27.0,N
120,스킨답서스,Small,High,실내,3,1.0,19.9,55.4,22.9,35.7,41.8,N
121,산세베리아,Small,Low,실내,2,374.0,18.9,41.3,23.6,33.2,34.0,N
122,산세베리아,Large,Low,실내,3,43.0,38.8,36.8,21.9,59.7,61.5,N
123,스투키,Small,High,실내,1,74.0,21.6,34.4,22.4,60.7,64.0,N
124,몬스테라,Medium,High,실내,2,60.0,51.4,52.4,18.6,44.8,50.7,N
125,스투키,Large,Low,실내,1,157.0,29.6,71.4,20.7,43.2,48.0,N
126,스킨답서스,Medium,High,실내,4,45.0,7.0,60.2,25.8,31.3,34.7,N
127,산세베리아,Medium,Medium,실내,4,92.0,83.1,65.4,23.4,31.9,42.4,N
128,산세베리아,Small,High,실내,3,651.0,28.1,44.6,22.8,19.4,24.5,N
129,몬스테라,Small,Medium,베란다,4,70.0,31.0,58.6,19.4,65.0,75.3,N
130,스킨답서스,Large,Medium,실내,4,96.0,50.1,79.4,19.6,24.2,32.7,Y
131,스킨답서스,Medium,High,실내,5,84.0,23.4,64.6,18.8,40.7,48.3,N
132,스투키,Medium,Low,베란다,0,195.0,29.7,50.5,16.5,66.6,67.6,N
133,몬스테라,Small,Medium,베란다,0,37.0,9.9,34.7,21.2,30.3,32.6,N
134,스투키,Small,Medium,실내,0,22.0,9.2,39.2,20.8,18.9,22.6,N
135,필로덴드론,Large,Low,베란다,4,168.0,50.9,62.9,22.6,74.5,79.8,N
136,스투키,Medium,Low,실내,3,64.0,90.4,57.7,25.1,29.9,35.2,N
137,스킨답서스,Medium,Low,실내,0,294.0,15.9,76.6,20.1,62.9,63.2,N
138,고무나무,Small,Medium,실내,1,124.0,22.1,55.8,25.7,76.0,79.3,N
139,스투키,Medium,Medium,실내,2,100.0,15.7,37.2,23.5,45.9,53.0,N
140,필로덴드론,Large,Medium,베란다,1,9.0,31.5,52.3,26.3,35.5,44.1,N
141,필로덴드론,Medium,Low,베란다,1,157.0,26.7,55.5,18.6,64.5,69.2,N
142,스투키,Small,Medium,베란다,7,139.0,89.6,50.4,25.5,46.6,56.8,N
143,스킨답서스,Medium,High,베란다,2,123.0,25.0,55.0,20.0,66.2,75.4,N
144,스투키,Medium,Medium,실내,1,37.0,46.4,59.5,19.6,51.8,56.3,N
145,스투키,Medium,Medium,실내,1,352.0,25.8,30.7,21.8,48.2,52.3,N
146,몬스테라,Large,High,베란다,2,47.0,28.4,46.9,19.5,76.7,80.7,N
147,고무나무,Medium,High,베란다,2,20.0,11.2,70.1,23.3,62.3,67.9,N
148,스킨답서스,Large,Medium,베란다,1,523.0,24.1,74.4,24.5,40.0,42.4,N
149,몬스테라,Medium,High,베란다,1,165.0,14.7,39.7,23.5,68.5,75.8,N
150,스투키,Small,Medium,실내,4,64.0,31.1,39.7,21.8,63.8,75.6,N
151,필로덴드론,Small,High,베란다,2,330.0,20.6,64.2,25.5,5.0,11.0,N
152,스투키,Small,Low,베란다,3,11.0,12.1,79.3,23.3,23.2,27.2,N
153,몬스테라,Large,Medium,베란다,3,11.0,70.9,57.6,21.6,5.0,12.3,N
154,스킨답서스,Medium,Low,실내,1,138.0,40.6,56.3,21.6,61.3,64.4,N
155,필로덴드론,Medium,High,실내,0,24.0,31.5,46.5,19.3,24.4,27.9,Y
156,스투키,Small,Medium,실내,4,299.0,13.1,67.2,19.1,16.3,22.8,Y
157,고무나무,Small,Low,실내,2,220.0,40.3,51.4,20.6,,130.2,N
158,산세베리아,Medium,Low,실내,1,44.0,10.2,73.8,18.8,27.5,30.1,N
159,스투키,Medium,High,실내,3,264.0,12.6,59.3,18.5,24.1,32.1,Y
160,고무나무,Small,High,실내,1,5.0,24.0,58.1,19.2,100.5,105.0,N
161,스투키,Medium,Medium,실내,1,95.0,27.3,45.1,25.2,25.6,35.1,N
162,고무나무,Small,Medium,실내,4,329.0,16.8,45.6,19.6,46.5,51.2,N
163,고무나무,Small,Medium,실내,4,232.0,5.7,47.6,24.5,104.1,108.3,N
164,스킨답서스,Medium,Medium,실내,1,53.0,19.3,53.9,20.1,21.3,20.0,N
165,몬스테라,Small,High,실내,2,24.0,65.4,68.3,22.6,39.6,50.0,N
166,산세베리아,Large,Low,실내,4,28.0,3.7,64.9,19.6,29.4,26.9,N
167,스투키,Small,Medium,실내,2,87.0,36.0,49.4,22.6,45.7,50.4,N
168,몬스테라,Small,Medium,실내,2,109.0,21.1,29.9,28.8,55.3,58.5,N
169,몬스테라,Small,Medium,실내,1,4.0,7.4,46.3,19.9,87.8,88.1,N
170,스킨답서스,Medium,Medium,베란다,2,64.0,59.4,56.8,21.1,51.3,58.0,N
171,고무나무,Medium,Medium,실내,1,,14.1,57.8,18.4,100.9,107.9,Y
172,몬스테라,Medium,Low,실내,3,71.0,74.4,77.0,25.3,20.0,26.3,N
173,스킨답서스,Small,Medium,베란다,4,22.0,28.5,72.2,25.8,37.7,42.8,N
174,스투키,Small,Low,실내,3,372.0,31.1,64.5,19.2,43.1,50.7,N
175,고무나무,Medium,Low,베란다,1,37.0,20.2,47.2,21.5,7.8,8.6,N
176,몬스테라,Large,Low,베란다,1,192.0,50.6,58.4,23.3,6.9,12.3,N
177,고무나무,Large,High,실내,0,26.0,22.0,61.2,22.2,77.8,78.4,N
178,스투키,Small,Medium,실내,4,66.0,52.7,70.8,19.2,50.0,57.4,N
179,필로덴드론,Medium,Medium,실내,2,81.0,31.6,43.1,19.1,30.4,33.2,N
180,몬스테라,Large,High,실내,2,83.0,19.7,65.7,18.3,55.6,65.7,N
181,스투키,Medium,Medium,실내,5,87.0,4.5,62.1,25.1,50.7,55.5,N
182,몬스테라,Large,Medium,실내,3,31.0,62.7,48.9,24.0,24.8,30.3,N
183,필로덴드론,Small,Medium,베란다,1,87.0,27.5,70.6,27.0,,67.8,N
184,산세베리아,Large,Medium,실내,3,79.0,15.1,32.2,19.0,35.6,40.3,N
185,스투키,Medium,Medium,실내,4,28.0,41.3,81.1,22.9,49.4,61.0,N
186,고무나무,Large,Medium,실내,0,533.0,31.5,70.8,22.4,96.7,100.9,N
187,산세베리아,Medium,High,실내,1,241.0,31.6,52.7,23.1,39.4,45.2,N
188,스킨답서스,Medium,High,실내,6,262.0,124.7,49.9,23.8,26.4,44.8,Y
189,스킨답서스,Large,Low,실내,2,139.0,12.8,54.6,31.6,83.1,85.2,N
190,스투키,Small,Low,실내,2,21.0,42.6,46.0,31.5,22.2,26.1,N
191,몬스테라,Small,Medium,베란다,3,101.0,61.9,52.3,23.1,48.2,54.0,N
192,산세베리아,Medium,Medium,실내,1,207.0,20.6,64.9,26.8,9.9,12.5,N
193,필로덴드론,Medium,Low,실내,3,5.0,12.3,46.5,19.4,,6.2,N
194,고무나무,Large,High,실내,4,82.0,20.3,66.3,21.7,48.0,56.9,N
195,스투키,Small,Low,실내,0,61.0,31.1,52.0,19.6,42.1,42.9,N
196,스투키,Medium,High,실내,7,29.0,55.4,68.1,22.8,37.7,52.7,N
197,고무나무,Medium,High,베란다,4,57.0,13.6,71.4,23.6,23.2,29.1,N
198,산세베리아,Small,High,베란다,2,493.0,20.4,43.0,28.9,20.3,24.4,N
199,산세베리아,Medium,Low,실내,1,154.0,42.3,29.7,19.2,19.4,22.8,N
200,산세베리아,Small,Low,실내,1,43.0,47.7,57.0,26.0,47.2,50.6,N
201,고무나무,Small,Medium,실내,1,112.0,51.1,58.1,20.8,150.6,157.7,Y
202,몬스테라,Large,Low,실내,3,34.0,6.3,40.3,20.3,31.8,32.3,N
203,몬스테라,Medium,Medium,실내,3,113.0,93.5,75.0,21.3,73.0,79.0,N
204,산세베리아,Medium,Medium,실내,2,272.0,17.0,50.7,27.9,22.8,29.7,N
205,고무나무,Large,Low,실내,2,98.0,91.6,62.7,16.1,108.1,110.3,N
206,몬스테라,Medium,Low,실내,4,159.0,102.3,46.2,23.4,68.6,76.4,N
207,몬스테라,Large,High,베란다,2,72.0,5.1,37.1,25.4,34.8,35.1,N
208,고무나무,Medium,Low,베란다,2,89.0,41.4,69.0,19.1,68.8,73.3,N
209,몬스테라,Large,Low,실내,2,143.0,18.8,43.9,23.6,87.8,90.5,N
210,몬스테라,Small,Medium,실내,1,201.0,25.7,64.4,19.8,51.6,56.5,N
211,스킨답서스,Large,High,베란다,0,129.0,47.8,45.1,27.9,30.5,37.7,N
212,고무나무,Small,Medium,실내,1,455.0,9.9,52.4,18.1,5.0,10.2,N
213,고무나무,Small,Low,베란다,2,206.0,18.0,53.1,23.7,48.8,52.4,N
214,스투키,Medium,Medium,실내,2,180.0,40.2,54.7,20.7,63.8,71.1,N
215,고무나무,Medium,High,실내,6,224.0,32.9,47.3,21.6,120.3,133.5,Y
216,스투키,Medium,High,실내,1,40.0,47.5,63.6,21.1,50.7,60.0,N
217,스투키,Medium,Medium,베란다,5,68.0,17.4,66.3,25.3,73.4,81.3,N
218,·정보없음,Medium,Medium,실내,7,100.0,9.3,69.7,22.6,101.6,107.8,N
219,고무나무,Small,Medium,실내,2,74.0,100.3,49.6,17.8,53.3,61.4,N
220,산세베리아,Small,Low,실내,0,226.0,12.8,41.6,23.1,38.4,39.8,N
221,고무나무,Small,Medium,베란다,1,3.0,10.8,57.6,22.8,46.3,48.3,N
222,스킨답서스,Medium,High,베란다,4,28.0,13.8,59.4,25.2,32.7,38.1,N
223,몬스테라,Small,High,베란다,2,256.0,29.1,59.5,23.0,58.3,66.7,Y
224,스투키,Medium,Medium,베란다,4,7.0,30.8,73.4,17.5,30.6,37.9,N
225,스투키,Medium,Low,실내,3,31.0,6.5,56.3,25.6,41.0,42.5,N
226,스투키,Small,Medium,실내,2,52.0,11.7,80.2,25.5,59.2,63.5,Y
227,필로덴드론,Medium,High,실내,0,167.0,51.7,65.6,23.6,52.4,59.0,N
228,스투키,Large,High,실내,1,99.0,19.4,65.9,22.9,38.0,40.6,N
229,산세베리아,Small,Low,베란다,6,371.0,32.0,56.1,23.2,40.6,44.0,N
230,고무나무,Medium,Medium,베란다,1,31.0,12.3,51.3,25.5,105.3,108.1,N
231,산세베리아,Medium,Medium,실내,3,247.0,37.5,47.7,26.1,28.9,34.9,N
232,스킨답서스,Medium,Medium,실내,2,40.0,11.8,57.2,23.6,30.8,144.6,N
233,스킨답서스,Medium,High,베란다,4,34.0,8.5,65.5,23.9,46.9,55.7,Y
234,스킨답서스,Medium,Medium,실내,0,83.0,3.3,52.6,22.6,67.0,69.2,N
235,몬스테라,Medium,High,실내,3,9.0,24.8,50.6,29.3,33.4,40.2,N
236,고무나무,Small,Medium,실내,3,58.0,38.8,42.6,15.9,54.2,59.1,N
237,스투키,Medium,High,실내,1,53.0,39.5,61.1,20.1,51.1,55.3,Y
238,몬스테라,Medium,Medium,실내,1,21.0,28.3,42.2,19.7,31.6,35.8,N
239,고무나무,Small,High,실내,4,237.0,51.0,59.8,28.4,57.8,68.2,N
240,몬스테라,Medium,Medium,실내,2,59.0,7.2,58.4,21.4,88.3,96.2,N
241,필로덴드론,Large,Medium,베란다,2,482.0,7.7,53.3,16.0,44.6,52.7,N
242,필로덴드론,Medium,Low,실내,1,276.0,10.8,69.5,19.6,44.7,45.6,N
243,필로덴드론,Medium,Medium,실내,3,26.0,18.2,74.1,23.7,31.3,34.7,N
244,스투키,Large,Medium,베란다,3,84.0,24.1,29.7,22.2,36.4,39.5,N
245,몬스테라,Medium,Medium,실내,5,110.0,54.3,37.2,21.8,52.9,61.8,N
246,필로덴드론,Medium,High,실내,1,205.0,19.5,62.0,22.7,37.8,40.2,N
247,스킨답서스,Medium,Low,베란다,2,260.0,41.4,75.3,25.5,17.0,17.6,N
248,필로덴드론,Large,High,실내,4,117.0,36.1,38.7,24.8,34.0,41.6,N
249,필로덴드론,Medium,High,베란다,1,4.0,54.1,60.1,19.6,,28.6,Y
250,산세베리아,Medium,Low,실내,1,79.0,34.2,34.1,22.9,5.9,7.1,N
251,스투키,Medium,Medium,실내,2,259.0,56.6,32.8,26.7,63.0,66.2,N
252,스투키,Large,Medium,실내,1,150.0,3.4,79.8,22.7,24.4,27.2,N
253,산세베리아,Medium,Low,실내,1,245.0,19.9,59.7,20.3,49.1,51.2,N
254,스투키,Small,Medium,베란다,3,135.0,4.8,36.5,18.6,74.2,81.5,N
255,몬스테라,Large,High,실내,5,5.0,10.8,52.4,22.8,55.7,61.7,Y
256,스킨답서스,Medium,Low,베란다,3,413.0,10.1,45.6,21.4,49.5,53.5,N
257,필로덴드론,Small,Medium,베란다,2,300.0,56.4,49.9,21.4,51.2,61.2,Y
258,고무나무,Medium,Medium,실내,1,16.0,20.9,51.2,22.7,74.6,75.5,N
259,스킨답서스,Medium,High,베란다,6,14.0,93.2,57.5,20.0,47.0,59.7,Y
260,몬스테라,Large,Low,실내,2,93.0,19.5,60.4,25.9,37.2,37.4,N
261,고무나무,Small,Medium,실내,1,170.0,4.5,46.8,21.8,,83.2,N
262,필로덴드론,Large,Medium,베란다,4,58.0,18.2,46.2,28.0,36.4,43.3,N
263,몬스테라,Medium,Medium,실내,3,18.0,34.6,59.9,25.1,56.8,64.8,Y
264,스킨답서스,Small,High,실내,2,86.0,30.1,47.2,21.8,7.8,14.6,N
265,산세베리아,Large,High,실내,0,49.0,24.9,47.1,18.2,50.7,58.5,N
266,고무나무,Medium,Low,실내,6,52.0,31.8,56.3,24.0,28.6,34.7,N
267,고무나무,Small,Medium,실내,1,124.0,47.3,55.4,23.4,80.2,87.9,N
268,고무나무,Medium,Medium,실내,2,260.0,1.7,49.7,19.9,31.7,35.7,N
269,스투키,Large,Medium,실내,2,98.0,27.3,67.6,18.6,57.1,61.3,N
270,스투키,Small,Medium,실내,4,140.0,10.0,60.9,22.0,53.0,58.3,N
271,산세베리아,Small,Medium,실내,3,129.0,38.2,79.2,22.7,34.8,43.9,N
272,산세베리아,Small,Medium,실내,2,96.0,11.4,52.0,22.5,26.8,32.6,N
273,산세베리아,Small,High,실내,2,45.0,11.6,63.5,22.0,56.5,63.4,N
274,필로덴드론,Medium,Low,베란다,1,57.0,7.0,72.5,25.6,20.9,24.8,N
275,스킨답서스,Medium,High,실내,2,46.0,25.8,44.3,20.1,67.0,73.9,Y
276,스킨답서스,Small,Medium,실내,1,299.0,4.4,50.7,27.7,45.4,54.1,N
277,산세베리아,Small,Medium,실내,6,210.0,6.9,69.7,17.0,26.4,33.1,N
278,고무나무,Small,High,실내,3,104.0,26.2,63.1,19.8,100.6,108.2,Y
279,고무나무,Large,Medium,실내,4,292.0,20.1,54.7,18.4,51.5,56.8,N
280,산세베리아,Small,Medium,베란다,3,261.0,19.9,38.4,22.7,44.5,50.9,N
281,산세베리아,Large,Medium,베란다,3,315.0,3.1,39.4,23.2,17.1,18.1,N
282,스투키,Medium,Medium,베란다,0,30.0,26.3,49.6,27.3,51.4,48.8,N
283,스투키,Small,High,베란다,0,152.0,28.0,45.4,22.6,35.1,38.2,Y
284,몬스테라,Large,High,실내,2,113.0,50.4,45.6,24.5,50.4,59.5,N
285,스킨답서스,Medium,Low,실내,2,159.0,35.6,33.0,18.7,54.5,59.8,N
286,몬스테라,Medium,Low,베란다,0,37.0,9.7,38.7,17.9,49.5,48.5,N
287,스킨답서스,Large,Medium,실내,1,142.0,9.5,44.4,25.9,5.0,4.9,N
288,스킨답서스,Small,Low,베란다,0,63.0,53.2,56.4,24.8,69.3,70.7,N
289,스투키,Small,Medium,베란다,6,216.0,47.5,50.9,22.7,56.2,63.9,N
290,스킨답서스,Medium,,베란다,2,190.0,22.3,55.7,19.4,81.2,84.5,N
291,몬스테라,Small,Medium,실내,5,28.0,39.2,55.2,29.3,91.3,99.5,N
292,몬스테라,Small,Low,베란다,4,24.0,43.9,34.6,24.5,53.3,60.7,N
293,산세베리아,Small,Medium,실내,3,152.0,5.6,67.8,19.9,40.5,44.4,N
294,스투키,Small,Medium,실내,3,96.0,8.1,63.8,22.2,37.8,39.9,N
295,몬스테라,Medium,Medium,실내,4,98.0,17.1,55.5,17.6,21.7,28.4,N
296,스킨답서스,Small,High,베란다,2,168.0,53.8,48.6,22.4,37.0,43.2,N
297,산세베리아,Medium,High,베란다,0,232.0,75.0,71.3,20.6,19.4,25.0,N
298,몬스테라,Medium,Medium,실내,2,33.0,27.8,42.8,29.2,62.5,70.9,N
299,고무나무,Medium,Low,실내,2,97.0,9.0,66.7,24.3,70.4,74.7,N
300,몬스테라,Small,High,실내,2,212.0,10.5,44.6,14.4,40.8,45.3,N
301,몬스테라,Medium,High,베란다,4,247.0,18.1,70.8,27.5,24.7,36.3,N
302,스킨답서스,Small,High,실내,0,41.0,17.8,60.6,23.2,25.5,30.9,N
303,스킨답서스,Medium,Low,실내,1,13.0,10.1,65.7,26.6,5.0,7.8,N
304,고무나무,Large,High,실내,1,32.0,19.7,57.5,22.8,5.0,8.6,Y
305,고무나무,Medium,Medium,실내,3,349.0,3.5,60.4,22.5,86.8,87.3,N
306,필로덴드론,Medium,High,실내,3,74.0,20.7,55.4,19.5,42.4,47.8,Y
307,스킨답서스,Medium,High,실내,1,65.0,12.4,42.8,24.0,14.1,17.6,N
308,스투키,Medium,Low,베란다,1,2.0,11.9,68.1,25.3,14.0,13.6,N
309,산세베리아,Large,High,베란다,0,6.0,33.5,51.8,16.7,39.5,44.5,N
310,스투키,Large,Medium,실내,1,133.0,34.8,56.2,19.5,47.0,47.5,N
311,스킨답서스,Small,High,베란다,2,107.0,16.9,36.0,18.3,56.7,65.1,N
312,,Medium,Medium,실내,1,103.0,8.0,52.9,27.4,32.1,34.4,N
313,몬스테라,Large,High,실내,2,14.0,26.1,59.8,25.4,77.2,85.1,Y
314,필로덴드론,Large,Low,실내,4,52.0,16.4,75.7,20.9,31.2,36.3,N
315,산세베리아,Medium,High,실내,4,201.0,40.9,54.2,25.2,35.0,41.9,N
316,고무나무,Medium,Medium,베란다,3,23.0,33.1,50.9,17.9,91.0,93.6,N
317,스킨답서스,Small,Medium,실내,0,257.0,37.0,47.1,22.9,39.3,41.9,N
318,몬스테라,Large,Low,실내,1,16.0,2.2,47.4,24.8,24.3,26.8,N
319,몬스테라,Small,High,베란다,1,22.0,67.5,76.4,20.4,25.6,33.9,N
320,스투키,Medium,Low,실내,3,78.0,26.9,42.2,22.0,34.4,40.2,N
321,스킨답서스,Small,Medium,베란다,7,349.0,3.0,50.0,23.5,9.7,18.2,N
322,고무나무,Small,Medium,베란다,2,48.0,18.7,72.1,25.5,46.1,51.6,N
323,고무나무,Medium,High,실내,4,129.0,22.9,68.8,17.4,20.5,27.1,N
324,스투키,Large,Low,베란다,3,107.0,56.5,82.8,21.5,47.8,51.6,N
325,,Small,Low,실내,1,19.0,35.2,67.9,19.2,26.9,29.2,N
326,고무나무,Medium,Low,실내,3,34.0,29.6,57.9,23.6,19.6,24.4,N
327,스킨답서스,Small,Medium,실내,2,319.0,23.4,62.4,21.1,70.5,76.8,N
328,고무나무,Small,Low,실내,1,25.0,20.1,42.9,24.4,61.7,63.5,N
329,스킨답서스,Medium,Medium,베란다,0,,5.3,53.8,18.0,26.6,28.5,N
330,스투키,Medium,High,실내,1,401.0,27.7,43.4,20.6,45.3,51.4,N
331,스투키,Small,High,실내,2,15.0,10.2,72.2,28.0,24.3,33.5,N
332,산세베리아,Small,Medium,베란다,3,61.0,13.2,37.4,21.4,30.6,32.2,N
333,몬스테라,Small,Low,실내,2,30.0,36.2,52.1,25.2,51.6,53.0,N
334,몬스테라,Small,Medium,실내,5,30.0,12.5,42.4,18.8,41.8,46.7,N
335,몬스테라,Large,Low,실내,1,15.0,3.3,67.1,17.5,25.5,24.6,N
336,몬스테라,Large,High,베란다,1,126.0,19.1,57.0,26.2,73.0,76.3,N
337,산세베리아,Small,Medium,실내,1,165.0,2.8,54.6,24.4,30.3,34.0,N
338,고무나무,Medium,Medium,실내,3,136.0,24.7,40.8,20.7,28.2,35.7,N
339,스킨답서스,Large,Medium,실내,2,310.0,38.7,72.1,26.9,10.4,16.4,N
340,몬스테라,Small,High,실내,1,19.0,20.4,43.9,20.1,39.4,44.8,N
341,스킨답서스,Large,Low,베란다,1,46.0,4.4,50.1,19.4,40.9,40.9,N
342,스킨답서스,Large,Medium,실내,2,51.0,42.3,54.9,22.0,50.2,50.6,Y
343,몬스테라,Small,Low,실내,1,32.0,59.2,61.4,21.2,17.6,21.8,N
344,스킨답서스,Small,High,실내,0,18.0,18.7,51.5,18.5,13.2,19.7,N
345,스투키,Large,High,베란다,1,80.0,13.2,72.2,21.6,69.6,76.0,Y
346,고무나무,Medium,Medium,베란다,3,216.0,5.3,55.7,22.8,59.7,64.2,N
347,고무나무,Small,Medium,실내,2,371.0,25.4,75.0,24.5,65.2,70.2,N
348,몬스테라,Small,High,실내,4,17.0,52.1,44.0,30.0,57.5,70.5,N
349,스투키,Medium,Medium,실내,2,208.0,5.5,61.3,25.7,35.6,38.1,N
350,고무나무,Medium,Medium,실내,3,209.0,2.4,46.1,18.8,,72.2,N
351,스킨답서스,Medium,Medium,실내,2,59.0,19.2,53.1,30.2,34.0,35.0,N
352,산세베리아,Large,Medium,실내,0,14.0,5.6,39.0,22.2,48.0,51.2,N
353,고무나무,Small,Low,실내,1,553.0,22.7,71.5,23.0,104.9,106.3,Y
354,몬스테라,Medium,High,베란다,1,128.0,28.5,71.5,20.0,70.4,75.3,Y
355,몬스테라,Medium,Medium,실내,5,483.0,29.7,69.7,22.0,61.8,70.6,Y
356,고무나무,Medium,Low,베란다,4,79.0,35.6,66.5,21.9,101.0,103.7,N
357,몬스테라,Small,High,실내,4,60.0,67.2,88.0,24.0,66.5,78.6,Y
358,스킨답서스,Large,Medium,베란다,0,34.0,42.0,57.5,24.7,70.8,76.0,Y
359,필로덴드론,Large,Low,실내,0,493.0,44.3,75.2,20.9,5.0,6.8,N
360,스킨답서스,Medium,Medium,실내,1,35.0,7.0,54.9,25.6,12.9,17.7,N
361,스투키,Medium,High,베란다,2,3.0,24.4,62.3,20.4,61.6,67.7,N
362,고무나무,Small,High,실내,2,86.0,54.5,64.9,25.3,66.4,76.1,N
363,스킨답서스,Medium,High,실내,2,57.0,14.5,33.2,20.0,47.0,51.4,Y
364,스킨답서스,Medium,High,실내,3,36.0,40.7,53.6,18.6,33.7,43.2,N
365,필로덴드론,Medium,Low,베란다,2,121.0,79.0,52.3,21.1,25.6,29.4,N
366,스투키,Large,Medium,실내,2,54.0,10.0,54.7,21.3,34.9,39.7,N
367,필로덴드론,Medium,High,베란다,1,62.0,5.4,46.4,19.0,,29.4,N
368,필로덴드론,Medium,Medium,실내,1,3.0,30.3,57.0,20.9,40.5,44.0,N
369,몬스테라,Medium,Medium,실내,0,107.0,21.6,59.3,20.4,66.0,68.2,N
370,몬스테라,Small,Medium,실내,2,16.0,63.2,42.9,22.0,43.3,49.6,N
371,몬스테라,Medium,Medium,실내,2,29.0,8.3,55.5,23.6,38.4,42.6,N
372,몬스테라,Small,High,실내,3,152.0,52.9,52.0,21.8,33.2,43.5,N
373,몬스테라,Medium,Medium,실내,1,45.0,20.8,69.5,19.2,49.8,54.1,Y
374,고무나무,Medium,Medium,실내,0,21.0,12.6,61.9,20.9,81.8,78.4,N
375,몬스테라,Medium,High,실내,3,103.0,24.6,45.8,25.0,9.1,18.1,N
376,스투키,Medium,Medium,실내,0,29.0,17.1,66.7,20.0,45.7,49.4,N
377,산세베리아,Medium,Low,베란다,2,38.0,23.3,54.4,19.1,34.0,39.2,N
378,몬스테라,Small,Medium,베란다,0,117.0,51.1,55.8,17.4,21.1,27.4,N
379,산세베리아,Large,High,베란다,4,162.0,83.7,43.9,19.9,39.7,51.1,N
380,스투키,Small,High,실내,1,161.0,21.9,57.4,24.5,49.8,52.5,Y
381,몬스테라,Small,High,베란다,6,79.0,32.0,66.3,19.8,83.2,97.7,Y
382,고무나무,Medium,High,실내,2,73.0,46.1,52.1,21.9,73.7,83.9,N
383,고무나무,Small,Medium,실내,1,186.0,31.6,74.0,20.5,105.9,111.8,N
384,산세베리아,Small,High,베란다,2,26.0,13.4,65.8,20.4,69.2,73.2,Y
385,고무나무,Medium,High,베란다,3,20.0,28.4,45.0,25.9,66.3,71.3,N
386,산세베리아,Medium,Low,실내,1,131.0,21.5,58.1,21.6,20.0,21.5,N
387,스투키,Medium,Low,실내,2,63.0,2.9,38.5,18.2,15.0,19.0,N
388,몬스테라,Large,High,실내,1,149.0,0.6,43.4,17.4,,71.3,N
389,산세베리아,Medium,High,실내,4,36.0,28.4,34.1,18.8,25.8,33.0,N
390,산세베리아,Large,High,베란다,1,47.0,11.2,35.7,18.5,15.2,24.9,N
391,필로덴드론,Small,High,실내,1,,46.7,51.4,24.6,28.1,34.1,N
392,스킨답서스,Medium,Medium,베란다,1,66.0,12.9,52.7,21.4,50.7,54.2,N
393,,Large,Medium,실내,1,107.0,15.0,57.7,22.2,36.2,39.7,N
394,산세베리아,Medium,Medium,베란다,1,14.0,39.2,44.2,21.2,14.6,22.8,N
395,스투키,Medium,Low,베란다,2,24.0,18.1,65.0,21.4,49.4,51.5,N
396,필로덴드론,Medium,High,실내,4,4.0,10.7,52.4,24.8,83.3,87.2,Y
397,산세베리아,Small,Medium,실내,0,66.0,34.1,58.7,25.0,57.9,63.7,N
398,스킨답서스,Medium,Medium,베란다,4,540.0,105.0,20.0,27.4,19.0,27.3,N
399,산세베리아,Medium,Medium,실내,3,248.0,12.6,55.0,19.4,30.0,32.0,N
400,산세베리아,Large,Medium,실내,2,120.0,42.7,64.4,20.8,5.0,13.8,N
401,몬스테라,Small,Low,실내,1,237.0,37.6,27.7,22.6,53.9,58.2,N
402,필로덴드론,Large,Medium,실내,3,108.0,91.7,55.4,26.7,7.4,15.7,N
403,스킨답서스,Large,Low,베란다,3,55.0,54.3,45.5,19.9,44.7,51.3,N
404,산세베리아,Small,Low,실내,2,23.0,23.2,73.5,24.8,31.6,36.4,N
405,스투키,Small,High,베란다,1,127.0,33.5,39.6,20.2,46.3,50.8,N
406,산세베리아,Large,Low,실내,2,26.0,4.3,80.9,24.9,29.1,31.8,N
407,스투키,Large,Medium,베란다,2,65.0,63.2,70.5,22.3,46.0,52.5,N
408,몬스테라,Medium,Medium,실내,4,210.0,7.0,56.4,18.9,88.2,92.4,N
409,필로덴드론,Small,Medium,실내,1,17.0,33.3,37.8,21.6,12.6,17.2,N
410,몬스테라,Medium,Low,실내,2,17.0,33.1,49.5,23.8,59.6,64.3,N
411,스투키,Medium,High,베란다,6,30.0,37.5,63.2,13.4,59.1,68.5,N
412,필로덴드론,Small,High,실내,2,96.0,10.4,56.3,24.7,25.3,32.3,N
413,필로덴드론,Medium,Low,베란다,1,35.0,23.1,41.8,17.6,41.6,40.3,N
414,스킨답서스,Small,Medium,실내,6,84.0,40.3,68.3,21.3,20.9,30.2,N
415,고무나무,Small,High,실내,2,43.0,37.7,53.8,21.7,89.7,95.4,N
416,스킨답서스,Medium,High,베란다,2,85.0,87.6,58.4,13.8,5.0,18.5,N
417,스투키,Medium,Medium,실내,2,39.0,60.4,66.9,20.2,33.3,36.7,Y
418,스투키,Small,Low,실내,0,470.0,21.2,65.6,23.3,46.5,47.9,N
419,고무나무,Medium,Medium,실내,1,81.0,20.6,68.0,27.6,128.2,130.4,N
420,산세베리아,Small,Medium,실내,3,163.0,12.2,63.4,24.5,22.4,26.3,N
421,산세베리아,Small,Low,실내,5,145.0,38.2,47.0,24.7,29.7,32.2,N
422,산세베리아,Small,Medium,실내,3,,4.4,54.5,15.5,36.9,41.9,N
423,몬스테라,Large,Medium,실내,1,33.0,5.2,71.2,21.1,50.7,54.2,N
424,스킨답서스,Medium,Medium,베란다,1,86.0,35.4,38.8,27.5,11.8,12.9,N
425,몬스테라,Medium,High,베란다,3,137.0,50.0,41.5,25.0,16.1,26.3,Y
426,스킨답서스,Medium,High,실내,2,74.0,13.7,61.5,20.5,35.6,38.0,N
427,스킨답서스,Large,Medium,실내,3,10.0,40.8,53.9,22.3,44.7,51.2,N
428,산세베리아,Small,High,실내,2,2.0,67.9,34.9,24.9,30.1,42.7,N
429,스투키,Medium,Low,베란다,0,48.0,47.6,63.4,24.9,25.0,25.9,N
430,몬스테라,Medium,High,실내,2,20.0,31.9,60.4,21.6,43.1,49.3,N
431,몬스테라,Medium,Low,실내,3,284.0,34.9,86.6,21.3,74.5,76.6,N
432,산세베리아,Small,Low,베란다,1,23.0,39.3,57.3,23.3,45.2,46.7,N
433,고무나무,Medium,Medium,실내,3,60.0,26.9,80.4,24.9,74.7,81.1,Y
434,몬스테라,Small,Medium,베란다,0,149.0,17.5,66.8,20.8,64.0,70.1,N
435,몬스테라,Medium,High,실내,2,203.0,27.9,32.4,16.5,98.9,105.3,N
436,고무나무,Medium,Medium,실내,0,78.0,16.6,55.4,21.8,47.8,53.0,N
437,몬스테라,Small,Medium,베란다,3,24.0,48.4,54.2,18.2,50.6,56.0,N
438,산세베리아,Large,Medium,실내,1,38.0,27.0,53.9,27.8,34.3,40.7,N
439,고무나무,Small,Medium,베란다,4,65.0,12.4,44.6,19.1,49.0,58.1,N
440,몬스테라,Large,Medium,실내,4,54.0,21.1,64.6,21.6,5.0,13.7,N
441,몬스테라,Medium,Medium,베란다,3,51.0,13.1,50.9,19.9,59.6,66.1,N
442,필로덴드론,Small,High,실내,2,17.0,69.6,69.1,20.4,29.1,39.6,N
443,스투키,Small,High,실내,1,293.0,46.7,67.3,24.5,37.8,43.0,Y
444,스투키,Large,High,실내,2,4.0,18.5,52.1,25.2,63.8,66.7,N
445,산세베리아,Small,Medium,실내,2,70.0,15.8,47.7,24.0,35.2,40.9,N
446,필로덴드론,Small,High,실내,1,471.0,18.2,48.3,24.9,24.0,27.3,N
447,필로덴드론,Small,Medium,실내,2,129.0,7.1,55.3,20.4,13.5,16.0,N
448,산세베리아,Medium,Medium,실내,4,53.0,28.3,58.9,18.7,32.7,36.3,N
449,스투키,Medium,Medium,실내,2,19.0,8.5,49.6,19.8,45.6,48.5,N
450,몬스테라,Small,High,실내,3,398.0,24.5,50.0,23.3,5.0,14.5,N
451,산세베리아,Small,High,실내,1,,46.3,58.4,25.7,20.2,28.8,N
452,스킨답서스,Small,High,실내,3,137.0,66.0,67.4,18.3,64.2,71.6,N
453,스킨답서스,Small,High,베란다,1,255.0,16.6,57.9,20.9,47.2,50.0,Y
454,필로덴드론,Medium,High,실내,4,3.0,15.6,54.7,21.2,42.7,46.9,N
455,몬스테라,Medium,High,실내,2,155.0,6.3,57.8,19.7,38.0,43.8,Y
456,스킨답서스,Small,Medium,실내,1,811.0,39.1,33.4,23.8,71.2,76.3,N
457,몬스테라,Medium,Medium,베란다,5,122.0,25.0,52.2,25.0,72.3,80.1,N
458,스킨답서스,Medium,Medium,실내,2,64.0,13.4,39.9,29.4,36.0,39.4,N
459,몬스테라,Large,Low,실내,3,249.0,14.9,48.5,27.9,92.1,96.5,Y
460,몬스테라,Large,Medium,실내,0,97.0,52.7,44.0,24.4,24.1,28.2,N
461,몬스테라,Large,Medium,실내,4,166.0,2.1,43.9,20.6,60.0,67.2,N
462,고무나무,Small,Medium,베란다,1,106.0,59.6,43.2,24.1,40.1,43.7,N
463,고무나무,Small,High,실내,2,5.0,12.0,82.9,16.1,85.0,92.2,Y
464,스킨답서스,Small,High,실내,0,29.0,42.8,54.3,24.0,51.0,57.2,N
465,필로덴드론,Small,Low,베란다,4,10.0,9.1,69.5,23.1,84.2,88.9,N
466,스투키,Medium,Medium,실내,1,14.0,33.0,64.1,22.2,38.3,42.1,Y
467,스투키,Medium,Medium,베란다,6,2.0,21.4,63.3,19.7,,44.5,N
468,산세베리아,Large,Medium,실내,3,66.0,58.8,61.5,24.4,20.7,26.6,N
469,스투키,Large,High,베란다,1,24.0,20.7,80.0,19.0,24.6,34.1,N
470,필로덴드론,Medium,Medium,베란다,0,232.0,63.1,60.1,25.2,15.9,21.9,N
471,몬스테라,Medium,Medium,실내,4,166.0,18.1,33.6,23.8,89.4,97.8,N
472,필로덴드론,Small,High,베란다,1,102.0,41.1,52.9,23.3,45.3,54.5,Y
473,몬스테라,Small,High,실내,2,81.0,47.4,42.4,19.0,52.4,61.7,Y
474,산세베리아,Medium,Low,실내,2,35.0,20.2,38.2,20.0,36.4,42.9,N
475,스킨답서스,Small,High,실내,1,77.0,25.5,60.2,17.5,20.4,27.6,N
476,필로덴드론,Medium,Medium,실내,1,123.0,6.8,30.1,24.5,63.2,67.8,N
477,몬스테라,Small,Medium,베란다,2,183.0,30.8,56.3,22.1,34.6,40.7,N
478,스킨답서스,Medium,Low,실내,1,10.0,43.0,35.2,20.4,46.3,50.0,N
479,필로덴드론,Medium,Medium,베란다,2,148.0,67.4,52.9,21.6,37.5,46.7,N
480,스킨답서스,Small,Medium,실내,2,163.0,45.5,64.3,25.1,32.5,36.7,N
481,고무나무,Large,Medium,실내,2,98.0,28.6,47.2,18.6,73.1,77.8,N
482,고무나무,Small,Medium,실내,2,29.0,19.5,40.8,20.7,51.4,57.0,N
483,스킨답서스,Medium,High,실내,5,93.0,23.7,50.9,17.3,30.3,38.2,N
484,고무나무,Medium,Low,베란다,6,84.0,20.8,62.4,18.8,108.5,115.1,Y
485,스킨답서스,Medium,Low,베란다,2,77.0,49.4,58.6,21.2,41.4,44.6,N
486,필로덴드론,Large,High,베란다,2,74.0,59.6,54.1,25.3,41.1,47.1,N
487,몬스테라,Small,Low,베란다,2,14.0,20.5,45.0,23.9,96.2,97.8,N
488,스투키,Medium,High,실내,2,24.0,36.4,50.1,25.0,59.6,68.6,N
489,필로덴드론,Medium,Medium,실내,1,12.0,22.6,63.3,24.0,33.5,35.3,N
490,산세베리아,Large,Medium,실내,2,33.0,5.2,53.4,19.1,25.9,27.8,N
491,스킨답서스,Small,Low,실내,2,37.0,8.4,57.9,27.1,11.6,15.1,N
492,고무나무,Medium,Low,실내,0,34.0,12.7,50.7,24.2,50.4,49.3,N
493,스투키,Medium,Low,실내,1,28.0,22.6,41.4,27.4,77.1,80.6,N
494,몬스테라,Small,Low,실내,4,160.0,29.5,79.0,27.0,74.8,74.7,N
495,스킨답서스,Medium,Medium,실내,0,205.0,68.1,64.4,21.7,46.6,53.0,N
496,스투키,Small,Low,베란다,2,48.0,26.1,58.3,20.5,38.8,41.6,N
497,스킨답서스,Medium,Medium,실내,1,44.0,27.0,53.0,15.3,54.1,61.5,N
498,몬스테라,Large,Medium,실내,0,223.0,42.9,72.1,22.5,51.7,51.9,N
499,필로덴드론,Medium,Medium,실내,3,117.0,9.1,45.4,21.9,67.2,70.8,N
500,필로덴드론,Medium,Low,베란다,1,42.0,29.8,63.0,20.1,49.4,53.0,N
501,고무나무,Medium,Low,베란다,7,150.0,40.1,55.5,20.5,65.1,70.8,N
502,스킨답서스,Small,Low,실내,1,51.0,18.2,51.8,23.6,25.9,27.1,N
503,스투키,Small,High,실내,0,106.0,24.3,51.7,16.3,18.0,18.6,N
504,산세베리아,Medium,Medium,베란다,3,589.0,20.0,70.7,25.8,42.2,48.4,N
505,고무나무,Small,High,실내,3,43.0,18.3,32.5,24.6,38.8,50.2,N
506,몬스테라,Small,Medium,베란다,3,320.0,28.1,75.0,20.9,11.8,16.1,N
507,필로덴드론,Medium,Medium,베란다,0,46.0,49.7,67.3,21.8,55.5,60.1,N
508,산세베리아,Small,Medium,실내,0,93.0,35.0,55.4,23.0,31.0,35.5,N
509,필로덴드론,Small,High,실내,1,74.0,57.2,52.2,24.4,32.7,39.3,N
510,고무나무,Medium,Medium,실내,2,183.0,18.1,54.9,28.1,58.9,63.3,N
511,고무나무,Small,Low,실내,2,8.0,36.9,60.8,20.4,38.1,39.3,N
512,스킨답서스,Large,Medium,베란다,6,118.0,31.0,69.8,26.1,43.7,49.3,N
513,필로덴드론,Large,Medium,베란다,1,172.0,49.2,60.8,21.3,47.2,55.5,Y
514,산세베리아,Medium,Medium,베란다,0,77.0,38.4,58.3,20.8,25.7,29.4,N
515,몬스테라,Small,Medium,실내,2,13.0,55.4,55.3,21.2,41.1,48.6,N
516,몬스테라,Medium,Medium,실내,3,34.0,15.1,32.9,25.2,31.7,37.7,N
517,스투키,Large,Medium,실내,3,137.0,69.3,35.1,20.3,68.3,74.3,N
518,산세베리아,Medium,Medium,실내,2,271.0,18.1,68.2,22.3,38.1,40.0,N
519,필로덴드론,Small,High,실내,2,66.0,16.5,60.7,20.5,33.7,38.2,N
520,,Medium,High,실내,1,99.0,35.9,64.9,20.7,7.1,13.5,N
521,스킨답서스,Large,Medium,실내,1,31.0,3.3,64.7,26.1,,66.3,N
522,스투키,Medium,Medium,베란다,3,64.0,24.3,62.4,22.0,31.7,36.4,N
523,필로덴드론,Medium,High,실내,2,49.0,13.7,65.4,20.0,48.9,50.5,N
524,산세베리아,Medium,Medium,베란다,4,128.0,10.6,44.7,20.7,35.3,41.0,N
525,산세베리아,Medium,Medium,실내,3,502.0,13.5,61.8,22.8,15.1,20.3,N
526,스킨답서스,Small,High,실내,2,201.0,17.6,60.4,21.8,55.1,60.9,N
527,스킨답서스,Medium,Medium,베란다,2,26.0,13.5,70.9,22.0,37.3,39.6,N
528,스투키,Small,Low,베란다,3,103.0,9.9,20.0,21.1,50.8,51.8,N
529,몬스테라,Medium,High,실내,1,8.0,17.9,83.7,25.1,83.7,86.3,Y
530,산세베리아,Small,Low,실내,3,34.0,7.8,65.2,23.7,13.2,15.2,N
531,산세베리아,Medium,High,실내,3,23.0,36.7,58.1,21.3,41.9,48.6,N
532,필로덴드론,Small,High,실내,2,49.0,16.6,43.6,22.4,27.7,36.3,N
533,필로덴드론,Medium,High,베란다,3,136.0,10.5,51.5,19.6,56.0,66.0,Y
534,스킨답서스,Medium,Low,실내,6,83.0,40.7,59.2,21.8,47.9,55.0,N
535,산세베리아,Small,Medium,실내,4,324.0,36.8,75.0,19.9,26.1,33.3,N
536,필로덴드론,Small,Medium,베란다,0,29.0,12.3,73.3,22.6,44.8,46.8,Y
537,산세베리아,Small,Medium,실내,2,54.0,81.9,62.4,21.7,36.8,42.8,N
538,스투키,Large,Low,실내,3,48.0,74.5,63.8,21.3,53.0,58.0,N
539,스킨답서스,Medium,Medium,실내,1,32.0,42.4,57.4,22.4,69.9,74.5,N
540,몬스테라,Medium,Medium,실내,3,598.0,55.8,42.8,22.9,64.3,69.4,N
541,필로덴드론,Small,Low,실내,2,59.0,9.9,45.6,25.3,26.8,27.7,N
542,고무나무,Medium,Medium,실내,5,339.0,34.1,66.6,24.3,59.1,62.9,N
543,스투키,Large,High,실내,2,59.0,23.2,63.5,24.9,61.9,66.1,N
544,고무나무,Large,High,베란다,0,27.0,34.7,47.6,20.9,30.7,36.4,N
545,고무나무,Medium,High,베란다,0,15.0,38.9,45.9,22.9,46.8,54.0,N
546,스투키,Small,Medium,실내,2,232.0,39.4,62.8,27.2,41.6,48.2,N
547,,Small,High,실내,2,4.0,13.2,51.4,21.7,32.3,36.8,Y
548,고무나무,Small,High,실내,1,400.0,107.2,45.5,22.4,40.8,48.1,N
549,스킨답서스,Small,Medium,실내,1,65.0,26.2,59.1,22.4,45.1,46.8,N
550,산세베리아,Small,Low,베란다,2,34.0,9.1,63.1,21.7,37.8,41.1,Y
551,스킨답서스,Small,Medium,실내,1,115.0,46.5,41.8,25.9,58.9,64.8,N
552,산세베리아,Medium,Medium,실내,2,17.0,14.2,50.9,20.7,49.4,52.4,N
553,스킨답서스,Large,Medium,실내,3,9.0,25.9,63.8,25.2,55.9,60.8,N
554,스킨답서스,Medium,Medium,실내,5,211.0,19.9,73.9,24.3,41.9,52.7,N
555,산세베리아,Large,High,실내,4,66.0,35.0,58.5,21.8,54.8,60.3,Y
556,스킨답서스,Medium,Medium,베란다,0,88.0,55.3,48.9,20.8,65.8,70.6,N
557,몬스테라,Small,Low,베란다,3,23.0,30.0,45.0,21.9,35.4,36.5,N
558,몬스테라,Medium,High,베란다,0,8.0,17.3,55.0,25.5,38.5,39.9,N
559,산세베리아,Small,Medium,베란다,6,55.0,76.3,54.5,25.2,21.3,32.7,N
560,고무나무,Medium,High,베란다,3,85.0,62.2,29.1,24.4,42.3,55.5,N
561,고무나무,Small,Low,실내,1,174.0,108.6,34.6,21.7,35.0,41.2,N
562,몬스테라,Large,High,실내,3,83.0,16.3,27.6,22.1,25.0,34.9,N
563,몬스테라,Small,Low,베란다,4,183.0,9.9,55.2,23.9,121.2,120.8,Y
564,몬스테라,Small,Low,실내,2,15.0,5.9,67.6,21.3,32.1,35.4,N
565,스투키,Large,Low,실내,0,8.0,20.1,65.9,24.5,52.0,55.6,N
566,스킨답서스,Small,High,실내,0,21.0,31.7,39.6,22.5,19.8,24.0,N
567,스투키,Medium,High,실내,1,177.0,13.3,44.0,25.0,40.1,46.3,N
568,스킨답서스,Medium,Medium,실내,1,171.0,9.7,39.4,17.8,48.6,57.0,N
569,필로덴드론,Large,High,실내,1,18.0,35.3,56.1,20.2,50.8,57.0,N
570,스투키,Large,Medium,실내,0,4.0,54.0,66.1,21.0,,19.0,N
571,스킨답서스,Large,Medium,베란다,2,139.0,2.7,68.7,23.2,28.9,34.9,N
572,,Small,High,실내,3,232.0,2.8,46.8,20.9,33.2,41.3,N
573,,Large,Medium,베란다,2,168.0,25.4,56.3,28.5,38.8,43.1,N
574,고무나무,Medium,Medium,실내,1,27.0,39.6,46.1,18.3,51.8,55.5,N
575,산세베리아,Medium,High,실내,3,105.0,11.0,55.3,25.1,33.5,42.1,N
576,필로덴드론,Small,High,실내,1,170.0,6.7,47.4,25.7,29.3,32.5,N
577,몬스테라,Medium,High,실내,5,35.0,50.6,48.3,23.5,41.9,52.9,Y
578,필로덴드론,Large,High,실내,2,90.0,25.1,39.1,21.1,12.8,19.7,N
579,스킨답서스,Large,Low,베란다,3,45.0,12.1,20.0,21.9,57.8,60.4,N
580,스투키,Medium,High,베란다,3,31.0,79.5,50.4,24.5,50.6,61.5,N
581,스킨답서스,Small,Medium,베란다,1,419.0,41.4,59.1,17.2,39.6,42.8,N
582,필로덴드론,Medium,High,실내,0,292.0,23.0,57.4,20.1,,35.2,N
583,스킨답서스,Large,Medium,실내,4,71.0,47.9,37.0,20.4,59.1,65.9,N
584,,Medium,Medium,실내,2,18.0,5.7,27.9,23.6,30.0,37.0,N
585,고무나무,Medium,Medium,실내,4,156.0,17.9,54.0,25.3,5.0,11.3,N
586,스투키,Small,Medium,실내,2,35.0,14.9,41.1,27.9,46.4,52.8,N
587,몬스테라,Medium,Low,실내,1,22.0,20.1,49.6,16.4,32.8,36.3,N
588,,Medium,High,실내,3,58.0,62.5,41.0,18.9,5.2,17.2,Y
589,몬스테라,Large,High,실내,1,91.0,70.7,36.3,21.0,19.2,26.5,N
590,몬스테라,Medium,Low,실내,3,12.0,29.8,69.0,23.7,76.5,77.7,N
591,몬스테라,Small,High,실내,4,102.0,15.6,60.5,24.3,41.9,47.9,N
592,고무나무,Medium,Medium,실내,4,2.0,8.8,54.7,18.5,82.0,85.7,N
593,몬스테라,Small,Medium,베란다,1,267.0,65.0,65.7,23.1,60.4,64.8,N
594,스투키,Large,Medium,실내,4,304.0,36.5,55.2,14.3,49.1,53.8,N
595,산세베리아,Medium,High,실내,0,158.0,13.6,50.5,22.9,53.2,56.5,Y
596,스킨답서스,Medium,High,실내,0,75.0,14.7,74.9,21.9,55.3,60.3,Y
597,고무나무,Medium,Medium,실내,0,35.0,28.9,75.7,21.7,70.2,71.1,N
598,몬스테라,Medium,Medium,베란다,2,164.0,5.5,42.9,20.8,61.4,63.9,N
599,몬스테라,Medium,Low,베란다,3,322.0,21.7,58.3,21.7,61.5,66.8,N
600,몬스테라,Medium,Medium,실내,1,21.0,12.9,56.7,23.0,32.7,33.1,N
601,몬스테라,Small,Low,실내,3,75.0,48.8,65.4,27.0,92.2,96.3,N
602,스투키,Small,Low,베란다,0,45.0,28.0,42.3,18.1,65.1,68.3,N
603,·정보없음,Small,Medium,실내,5,53.0,16.1,70.3,21.2,73.0,84.0,Y
604,몬스테라,Medium,High,베란다,2,62.0,11.6,43.9,23.6,61.9,62.6,Y
605,몬스테라,Small,Medium,실내,0,364.0,76.8,53.4,21.8,56.3,59.5,N
606,스킨답서스,Medium,Low,실내,2,36.0,67.4,41.4,22.4,,36.4,N
607,몬스테라,Large,Medium,베란다,3,81.0,0.9,48.6,20.2,15.6,19.3,Y
608,스투키,Large,High,실내,1,363.0,71.2,42.6,24.5,31.1,33.9,N
609,스킨답서스,Medium,High,실내,2,78.0,10.5,43.5,15.5,50.7,55.2,N
610,고무나무,Medium,High,실내,1,239.0,32.5,64.3,19.0,70.6,74.5,Y
611,몬스테라,Small,Medium,실내,2,7.0,29.1,54.5,27.9,,72.5,N
612,산세베리아,Medium,High,베란다,4,367.0,8.9,78.9,18.3,17.7,24.3,N
613,고무나무,Large,Low,실내,5,25.0,43.7,52.4,19.4,56.3,58.6,N
614,몬스테라,Small,Medium,실내,3,469.0,12.0,45.6,19.6,46.7,50.0,N
615,산세베리아,Medium,Medium,베란다,4,23.0,28.8,48.7,20.4,52.2,61.4,N
616,필로덴드론,Large,Medium,실내,1,71.0,92.3,53.1,21.9,30.1,41.2,N
617,몬스테라,Large,High,실내,6,44.0,20.6,58.7,25.2,29.7,38.1,N
618,스투키,Small,High,베란다,4,68.0,23.9,50.2,23.4,48.7,57.2,Y
619,산세베리아,Medium,Low,베란다,2,35.0,23.0,39.5,21.3,41.8,45.9,N
620,고무나무,Small,Low,실내,2,403.0,13.7,66.2,27.2,99.1,100.0,N
621,몬스테라,Small,Medium,실내,3,44.0,4.0,69.6,20.7,24.5,27.2,N
622,몬스테라,Large,Medium,베란다,4,127.0,20.8,49.9,22.2,74.6,82.1,N
623,스투키,Large,Medium,베란다,2,18.0,6.7,72.8,22.4,28.6,32.1,N
624,스킨답서스,Medium,High,베란다,1,209.0,39.9,48.9,24.5,49.1,54.9,N
625,고무나무,Small,High,실내,4,94.0,21.0,67.5,18.5,39.9,45.7,N
626,스투키,Large,Medium,실내,1,466.0,67.7,43.6,18.9,12.2,16.3,N
627,스킨답서스,Medium,High,실내,4,66.0,17.6,83.5,24.8,35.9,43.9,N
628,고무나무,Small,Medium,베란다,6,26.0,24.4,33.9,27.4,10.4,17.5,N
629,몬스테라,Medium,Low,베란다,3,51.0,25.3,41.8,20.9,15.1,18.7,N
630,스투키,Small,Medium,실내,3,160.0,52.1,81.4,18.2,37.9,46.8,N
631,고무나무,Medium,Medium,실내,3,129.0,23.6,34.5,18.4,69.3,75.2,N
632,산세베리아,Medium,High,실내,4,181.0,18.5,52.0,25.1,28.4,35.1,N
633,스킨답서스,Small,Low,베란다,6,9.0,16.0,48.7,16.9,57.3,63.7,N
634,스킨답서스,Small,Medium,실내,3,104.0,14.4,55.4,22.2,37.8,42.9,N
635,몬스테라,Small,Medium,실내,3,323.0,7.4,58.1,21.5,40.0,47.4,N
636,스킨답서스,Small,High,실내,1,14.0,17.3,52.1,20.0,24.4,27.7,N
637,스킨답서스,Medium,Medium,실내,1,12.0,20.2,63.9,19.4,45.7,49.3,N
638,스투키,Large,High,실내,2,151.0,52.2,71.9,24.1,36.8,44.2,N
639,스투키,Small,High,베란다,3,45.0,50.8,48.0,24.3,50.2,59.4,N
640,스투키,Small,Medium,베란다,3,129.0,16.4,33.6,25.5,62.4,68.1,N
641,몬스테라,Medium,Medium,실내,1,95.0,6.8,46.9,23.5,54.0,57.1,N
642,스투키,Large,High,실내,3,513.0,11.3,58.6,22.0,46.6,54.7,N
643,몬스테라,Small,Medium,베란다,3,264.0,29.6,56.9,22.5,,53.0,N
644,스투키,Small,High,실내,2,136.0,12.9,65.6,25.0,35.3,45.7,N
645,몬스테라,Medium,Low,실내,3,36.0,25.6,77.4,16.9,60.4,69.0,N
646,산세베리아,Small,Low,베란다,4,36.0,3.5,57.5,23.3,45.5,47.3,N
647,스킨답서스,Small,High,베란다,1,257.0,57.3,50.1,20.3,,55.4,N
648,고무나무,Medium,High,베란다,4,106.0,22.8,46.3,23.1,118.3,124.0,N
649,산세베리아,Medium,High,실내,3,187.0,19.8,52.8,18.9,30.5,40.7,N
650,스킨답서스,Medium,Medium,실내,5,72.0,40.0,65.2,24.6,5.0,12.1,N
651,몬스테라,Medium,High,실내,0,13.0,17.9,47.8,23.8,79.4,83.7,Y
652,스킨답서스,Medium,High,실내,1,49.0,4.3,62.2,19.9,88.0,89.5,N
653,스킨답서스,Small,High,베란다,1,21.0,21.4,42.0,20.6,96.6,101.9,Y
654,고무나무,Medium,Medium,실내,1,183.0,22.9,54.8,20.3,104.5,104.9,N
655,스킨답서스,Small,Medium,베란다,2,145.0,27.8,36.4,22.2,23.3,30.7,N
656,,Small,High,실내,6,11.0,80.6,48.2,28.1,65.5,83.2,Y
657,스투키,Medium,Medium,실내,4,117.0,36.0,72.7,16.5,32.7,41.1,N
658,스투키,Large,Medium,베란다,3,249.0,25.9,58.1,23.0,62.5,66.3,N
659,고무나무,Large,Medium,실내,3,143.0,42.3,53.4,23.3,88.5,96.1,Y
660,스킨답서스,Medium,Medium,실내,1,86.0,4.6,58.2,20.4,52.3,55.7,N
661,스투키,Small,Medium,실내,2,45.0,54.6,61.2,17.0,55.3,64.4,Y
662,필로덴드론,Small,Low,실내,1,262.0,39.8,58.9,21.4,14.2,18.8,N
663,고무나무,Large,High,실내,1,66.0,57.4,57.7,18.3,129.1,134.3,Y
664,스투키,Medium,Medium,실내,3,232.0,18.1,43.0,23.7,31.8,39.4,N
665,몬스테라,Medium,Medium,실내,3,183.0,31.9,37.3,17.9,51.6,57.4,N
666,몬스테라,Medium,Low,베란다,4,203.0,18.8,63.7,21.8,38.8,45.1,N
667,스투키,Medium,Low,실내,3,550.0,77.0,39.3,19.7,24.5,26.3,N
668,몬스테라,Large,Low,실내,4,166.0,19.8,59.4,25.4,14.2,19.0,N
669,몬스테라,Small,,실내,1,4.0,9.8,67.1,26.7,48.4,52.1,N
670,스투키,Medium,Low,실내,1,28.0,11.6,42.6,20.9,,33.9,N
671,몬스테라,Large,High,실내,2,4.0,28.2,47.1,18.8,40.6,45.8,Y
672,산세베리아,Small,Low,실내,1,25.0,38.8,53.2,27.0,15.6,19.4,N
673,몬스테라,Medium,Low,실내,2,8.0,11.7,44.4,21.6,63.2,63.8,N
674,스킨답서스,Small,Low,베란다,0,84.0,36.9,44.2,22.9,18.6,17.8,N
675,스킨답서스,Large,Low,베란다,3,3.0,54.3,48.6,21.6,6.8,9.6,N
676,필로덴드론,Small,High,베란다,3,77.0,49.6,45.7,21.4,44.0,51.5,N
677,몬스테라,Medium,High,실내,3,275.0,36.5,60.8,20.5,46.6,54.1,N
678,스투키,Small,Medium,실내,4,166.0,39.4,55.9,16.3,59.8,68.4,N
679,필로덴드론,Medium,Low,베란다,1,346.0,33.8,37.6,27.3,,43.4,N
680,산세베리아,Small,Medium,실내,1,31.0,5.1,75.7,22.6,36.5,41.1,N
681,산세베리아,Small,Medium,베란다,1,91.0,44.5,51.4,21.8,31.8,38.0,N
682,스투키,Medium,High,실내,2,46.0,17.4,54.2,24.8,30.8,38.6,Y
683,몬스테라,Large,Low,실내,0,82.0,52.4,48.7,20.3,76.0,78.0,N
684,,Small,High,베란다,0,98.0,14.3,54.9,23.1,48.7,55.3,N
685,,Small,Medium,베란다,1,4.0,19.2,44.1,19.7,34.7,37.9,N
686,스킨답서스,Medium,Medium,베란다,1,32.0,30.0,38.8,21.0,30.8,36.9,N
687,스킨답서스,Medium,Medium,베란다,1,146.0,95.3,51.0,23.8,12.3,23.2,N
688,스투키,Large,Low,실내,3,178.0,31.1,72.2,22.8,51.9,57.9,N
689,산세베리아,Small,High,실내,1,101.0,31.1,61.8,21.0,29.2,34.6,N
690,몬스테라,Medium,Low,베란다,2,38.0,10.3,69.6,24.2,39.0,39.3,N
691,스투키,Small,High,실내,4,62.0,8.1,48.1,19.7,70.4,75.8,Y
692,스킨답서스,Small,Low,실내,0,12.0,16.8,45.2,19.3,50.7,50.4,N
693,스킨답서스,Medium,High,실내,4,367.0,38.6,48.8,20.6,57.6,65.5,N
694,스투키,Medium,Low,실내,1,244.0,31.1,61.2,21.3,33.1,35.6,N
695,몬스테라,Medium,High,실내,2,8.0,24.6,67.2,21.0,36.0,43.6,Y
696,고무나무,Small,High,실내,2,22.0,18.1,51.7,20.7,47.3,54.7,Y
697,스투키,Medium,High,베란다,4,104.0,44.5,38.1,24.7,39.3,50.9,N
698,스킨답서스,Medium,Medium,베란다,4,32.0,66.8,66.7,26.5,75.2,85.5,N
699,몬스테라,Large,High,실내,3,327.0,42.4,68.3,21.6,60.6,68.8,Y
700,,Small,Medium,실내,1,169.0,58.0,61.1,23.8,40.9,47.9,N
701,스킨답서스,Small,Low,실내,2,38.0,22.9,72.1,19.8,57.3,59.6,N
702,몬스테라,Medium,Medium,실내,0,1.0,38.9,32.0,21.7,52.7,57.3,N
703,스투키,Medium,Low,실내,2,193.0,82.3,43.9,23.4,44.5,48.7,N
704,몬스테라,Small,High,실내,3,66.0,57.7,55.2,19.5,59.5,68.9,N
705,몬스테라,Large,Low,실내,0,123.0,73.7,42.3,24.2,46.7,49.4,N
706,필로덴드론,Small,Medium,실내,4,41.0,58.7,66.0,19.8,49.7,54.3,Y
707,스투키,Large,Medium,실내,2,19.0,68.8,40.9,25.1,20.9,27.4,N
708,산세베리아,Small,Medium,실내,4,135.0,17.7,71.1,24.5,25.5,32.8,Y
709,스투키,Medium,Medium,실내,4,72.0,14.1,44.8,25.3,34.3,42.1,N
710,고무나무,Large,Low,실내,7,32.0,22.1,71.8,25.1,53.2,59.4,N
711,산세베리아,Small,Medium,실내,1,18.0,19.3,45.1,27.8,42.4,44.3,N
712,스킨답서스,Large,Medium,베란다,1,104.0,15.9,26.6,23.5,47.8,50.4,N
713,스킨답서스,Medium,High,실내,1,155.0,69.0,56.7,17.7,45.8,50.7,N
714,스킨답서스,Large,High,베란다,2,40.0,8.5,63.2,22.4,20.0,26.6,N
715,스투키,Medium,High,실내,3,159.0,58.1,42.5,20.6,47.7,55.4,N
716,필로덴드론,Small,Low,베란다,2,24.0,41.0,74.0,17.9,28.4,32.5,N
717,산세베리아,Small,Medium,실내,1,50.0,0.4,71.4,25.8,34.8,38.5,N
718,필로덴드론,Small,Low,베란다,4,164.0,18.4,52.9,21.1,8.2,10.1,N
719,몬스테라,Small,Low,실내,3,130.0,16.5,58.8,17.5,50.7,54.4,N
720,고무나무,Small,Low,베란다,2,38.0,13.1,55.2,20.1,5.0,11.2,N
721,필로덴드론,Small,Medium,실내,2,16.0,12.9,62.9,28.8,23.3,26.8,N
722,몬스테라,Medium,Low,실내,4,5.0,14.6,65.2,26.1,42.6,48.3,N
723,몬스테라,Medium,Medium,베란다,0,218.0,13.5,35.1,24.2,53.3,56.5,N
724,고무나무,Small,High,실내,3,9.0,18.3,75.1,23.9,104.7,112.2,N
725,스킨답서스,Small,Medium,베란다,4,15.0,14.4,69.2,19.3,35.2,40.9,N
726,산세베리아,Medium,Medium,실내,4,33.0,16.2,42.4,19.1,29.3,37.2,N
727,몬스테라,Small,Medium,실내,2,71.0,90.6,72.4,23.7,80.9,88.7,N
728,산세베리아,Small,Medium,베란다,1,187.0,38.1,77.9,26.8,27.7,33.6,N
729,몬스테라,Small,Low,실내,2,34.0,63.2,34.4,19.0,37.3,43.2,N
730,몬스테라,Large,Medium,실내,4,94.0,8.8,63.2,21.7,34.8,42.5,N
731,몬스테라,Large,Medium,베란다,1,11.0,15.7,66.0,22.7,58.0,62.7,N
732,산세베리아,Medium,High,베란다,5,75.0,12.3,59.4,20.6,29.5,39.6,N
733,고무나무,Medium,High,베란다,3,23.0,96.4,69.0,21.5,60.8,72.8,N
734,스킨답서스,Medium,Medium,실내,2,28.0,48.4,57.4,18.9,32.7,37.9,N
735,스투키,Medium,Medium,실내,5,55.0,23.2,60.9,22.9,30.4,38.2,N
736,산세베리아,Medium,,실내,3,172.0,53.6,32.2,22.5,28.0,32.9,N
737,스투키,Medium,High,실내,1,164.0,22.5,47.1,23.8,77.1,82.9,N
738,산세베리아,Small,Medium,베란다,2,64.0,23.0,70.2,21.4,30.1,37.1,N
739,스킨답서스,Small,Low,실내,3,15.0,14.3,46.6,24.1,51.8,54.9,N
740,스투키,Medium,Low,실내,0,40.0,20.5,54.3,23.0,37.6,36.7,N
741,스킨답서스,Large,Low,실내,2,84.0,24.6,41.4,25.7,5.0,3.8,N
742,스투키,Medium,High,베란다,3,244.0,11.7,47.0,21.2,42.3,49.2,N
743,고무나무,Large,Low,베란다,2,414.0,59.3,59.1,24.8,,47.9,N
744,스킨답서스,Large,Medium,실내,0,122.0,56.2,53.3,21.3,61.0,65.4,N
745,스투키,Small,Medium,실내,2,52.0,15.9,33.2,23.9,36.4,44.6,N
746,산세베리아,Medium,Medium,베란다,2,142.0,3.8,45.9,26.0,43.7,47.8,N
747,스투키,Medium,High,실내,0,49.0,22.2,71.7,25.5,41.4,50.3,Y
748,스킨답서스,Large,High,실내,2,118.0,23.2,67.8,21.4,34.7,40.7,N
749,필로덴드론,Large,Medium,실내,3,34.0,48.9,55.4,20.4,20.0,30.0,N
750,고무나무,Medium,Low,실내,4,37.0,27.9,59.0,24.9,54.6,57.7,N
751,몬스테라,Small,Medium,실내,2,9.0,5.0,47.2,20.6,45.4,51.4,N
752,필로덴드론,Medium,Medium,베란다,0,65.0,21.7,71.6,25.0,28.4,32.7,N
753,고무나무,Small,Medium,실내,0,116.0,28.9,51.8,18.4,32.1,36.3,N
754,스투키,Medium,Medium,실내,3,187.0,15.1,40.2,23.4,34.2,40.1,N
755,몬스테라,Large,Low,베란다,2,200.0,51.2,34.6,20.9,85.3,91.9,N
756,산세베리아,Medium,Medium,베란다,1,586.0,51.1,34.1,17.0,30.5,35.5,N
757,고무나무,Medium,Low,실내,5,11.0,26.7,45.5,19.7,61.9,66.6,N
758,스킨답서스,Medium,High,실내,1,82.0,58.5,74.8,20.8,26.7,39.6,N
759,산세베리아,Medium,Medium,실내,3,88.0,2.6,87.1,27.8,36.8,42.5,N
760,산세베리아,Small,High,실내,4,196.0,33.5,67.8,13.0,30.4,41.8,N
761,몬스테라,Medium,Low,실내,4,37.0,35.0,34.1,21.0,67.5,71.2,N
762,스투키,Large,Medium,실내,6,9.0,19.2,41.6,21.0,13.9,20.6,N
763,스투키,Large,High,실내,1,45.0,2.9,41.7,19.1,39.6,45.0,N
764,고무나무,Small,Low,실내,4,496.0,20.6,51.6,20.8,45.0,49.2,N
765,몬스테라,Large,High,실내,4,276.0,16.7,44.9,21.6,71.4,78.9,N
766,스킨답서스,Medium,Medium,실내,1,60.0,65.9,62.5,20.0,46.9,49.7,Y
767,산세베리아,Small,Medium,실내,2,251.0,42.4,51.6,23.1,13.7,15.9,N
768,산세베리아,Small,Medium,실내,2,,26.0,65.5,26.7,37.6,38.7,N
769,스투키,Small,Medium,실내,7,45.0,23.3,62.1,21.9,72.1,81.6,N
770,산세베리아,Large,Medium,실내,7,156.0,68.9,70.7,19.9,26.4,35.3,N
771,몬스테라,Medium,Medium,실내,1,30.0,3.6,46.2,21.7,73.6,73.1,N
772,산세베리아,Medium,Medium,실내,2,27.0,3.8,66.4,21.0,43.0,45.1,N
773,몬스테라,Small,Medium,실내,3,237.0,90.7,46.0,25.3,33.6,38.7,N
774,스투키,Medium,Low,베란다,2,115.0,20.4,54.3,20.6,69.4,71.0,N
775,산세베리아,Small,Low,베란다,5,541.0,8.2,45.0,23.5,54.9,57.4,N
776,몬스테라,Medium,Low,실내,2,17.0,4.0,59.3,22.9,52.8,56.1,N
777,,Medium,Medium,베란다,0,53.0,70.4,70.9,22.3,29.2,35.0,N
778,고무나무,Small,High,실내,1,45.0,11.2,69.0,18.6,46.4,49.8,N
779,고무나무,Large,High,실내,1,255.0,9.5,59.3,20.2,33.8,39.4,N
780,고무나무,Small,Low,베란다,4,35.0,32.5,53.3,21.4,61.3,62.9,N
781,고무나무,Medium,High,실내,5,52.0,44.8,54.8,18.4,45.0,54.8,N
782,스킨답서스,Medium,Medium,실내,2,18.0,31.5,73.3,19.1,39.5,43.1,N
783,스투키,Medium,High,실내,2,179.0,31.5,44.9,20.6,21.1,27.7,N
784,스투키,Small,High,실내,6,33.0,12.4,60.6,23.0,14.2,19.7,Y
785,몬스테라,Small,High,실내,3,8.0,32.7,68.5,26.2,66.9,79.3,N
786,필로덴드론,Large,Low,실내,2,69.0,62.1,54.9,22.8,36.8,41.5,N
787,스킨답서스,Small,Low,실내,3,60.0,34.6,66.1,22.4,43.2,47.7,N
788,스킨답서스,Large,Low,실내,5,23.0,13.7,81.6,22.2,66.2,66.1,N
789,스킨답서스,Large,High,실내,0,17.0,46.1,53.9,21.0,5.0,11.0,N
790,필로덴드론,Small,Medium,베란다,0,272.0,14.4,51.9,21.7,71.4,73.7,Y
791,몬스테라,Small,High,베란다,1,8.0,26.7,57.7,23.7,50.1,57.7,N
792,스킨답서스,Medium,Medium,실내,3,13.0,27.7,60.9,24.8,12.2,17.4,N
793,스킨답서스,Large,High,실내,1,34.0,91.6,71.0,14.7,28.9,37.8,N
794,고무나무,Large,Low,베란다,3,367.0,35.5,70.1,24.2,100.8,104.4,N
795,몬스테라,Medium,Low,실내,1,11.0,10.8,59.0,21.1,27.6,32.4,N
796,산세베리아,Medium,Medium,실내,3,203.0,9.9,31.4,23.5,27.1,28.8,N
797,필로덴드론,Small,Medium,실내,1,267.0,27.6,37.6,23.1,7.3,8.0,N
798,스킨답서스,Large,Medium,베란다,4,57.0,67.7,66.6,21.6,68.0,72.1,N
799,고무나무,Large,High,실내,1,42.0,2.8,47.4,23.6,,82.2,Y
800,필로덴드론,Small,Low,실내,6,136.0,27.9,67.5,22.9,51.0,57.8,N
801,고무나무,Small,Medium,실내,6,146.0,61.9,64.9,21.9,20.8,28.3,N
802,몬스테라,Small,High,실내,3,182.0,41.0,52.8,21.7,73.2,78.7,Y
803,스킨답서스,Small,Low,실내,2,213.0,78.7,45.1,19.0,55.8,62.2,N
804,고무나무,Large,High,실내,1,38.0,21.3,53.0,22.0,78.4,80.5,Y
805,스킨답서스,Medium,High,실내,1,139.0,10.0,57.4,16.0,37.5,41.2,N
806,고무나무,Small,Low,실내,2,17.0,21.1,38.4,22.9,70.3,72.0,N
807,필로덴드론,Small,Medium,실내,0,86.0,11.3,66.1,24.2,16.9,26.0,N
808,필로덴드론,Large,Medium,베란다,2,114.0,88.5,63.4,17.7,43.3,51.0,Y
809,스킨답서스,Medium,High,베란다,1,21.0,29.4,57.2,21.2,52.1,60.2,Y
810,몬스테라,Medium,Medium,실내,5,10.0,34.3,57.3,26.3,45.6,54.2,N
811,필로덴드론,Small,Medium,실내,1,26.0,10.2,72.1,28.5,23.5,25.9,N
812,산세베리아,Large,High,실내,1,65.0,15.7,46.2,21.7,45.9,49.4,N
813,몬스테라,Large,Low,실내,2,263.0,50.4,50.7,22.2,57.6,61.4,N
814,필로덴드론,Small,High,베란다,0,91.0,24.9,55.7,21.8,39.2,43.6,Y
815,산세베리아,Small,High,실내,1,,18.7,48.0,22.5,30.1,33.9,Y
816,스킨답서스,Small,Medium,실내,3,23.0,28.5,53.5,25.7,56.8,63.7,N
817,스킨답서스,Small,High,베란다,0,13.0,19.0,36.1,22.0,50.4,54.3,N
818,스투키,Medium,High,베란다,4,33.0,1.8,50.4,17.9,30.4,35.9,N
819,몬스테라,Large,Low,실내,1,45.0,7.3,53.6,22.8,64.6,65.8,N
820,스투키,Medium,Medium,실내,1,95.0,27.2,46.0,20.8,,41.9,N
821,산세베리아,Large,Medium,실내,5,256.0,50.6,70.5,18.6,31.3,37.7,N
822,몬스테라,Medium,Low,베란다,3,67.0,17.0,60.2,18.6,87.8,88.8,N
823,스투키,Medium,High,베란다,4,88.0,69.0,53.7,21.7,51.0,59.7,N
824,스투키,Medium,Low,실내,2,1.0,49.6,47.8,23.9,38.8,41.7,N
825,스킨답서스,Small,Medium,실내,3,4.0,54.7,36.5,23.7,61.7,68.3,N
826,필로덴드론,Medium,Medium,실내,2,10.0,6.0,46.8,25.6,64.4,66.1,N
827,스투키,Medium,Low,실내,2,144.0,47.9,55.8,19.7,58.2,61.8,N
828,스투키,Small,High,실내,1,80.0,16.1,54.1,20.9,53.9,58.6,Y
829,고무나무,Medium,High,실내,6,26.0,71.9,46.0,23.9,62.1,77.5,N
830,스킨답서스,Medium,Medium,실내,3,108.0,21.3,75.1,24.2,43.5,50.8,N
831,스투키,Large,Low,베란다,5,94.0,15.5,68.2,20.4,50.2,50.3,N
832,스킨답서스,Medium,Low,실내,1,11.0,16.0,49.7,19.9,49.8,52.5,N
833,몬스테라,Large,Medium,실내,1,123.0,42.7,62.0,23.4,55.1,56.1,N
834,몬스테라,Medium,Medium,실내,3,175.0,5.5,70.6,24.6,5.0,10.8,N
835,스킨답서스,Medium,Medium,베란다,0,41.0,30.3,59.2,21.3,49.9,54.5,Y
836,스킨답서스,Medium,High,실내,1,140.0,23.9,53.0,23.4,31.8,35.0,Y
837,필로덴드론,Large,Medium,베란다,0,27.0,12.4,33.2,22.0,8.3,11.6,N
838,스투키,Medium,High,실내,3,170.0,54.1,54.2,20.0,43.2,50.4,Y
839,스킨답서스,Medium,Medium,베란다,3,291.0,40.3,45.9,24.2,37.3,43.4,N
840,고무나무,Medium,Medium,베란다,0,70.0,13.1,47.9,21.3,55.3,58.1,N
841,몬스테라,Medium,High,실내,1,34.0,8.8,51.2,17.5,54.6,58.3,N
842,고무나무,Small,Medium,베란다,1,61.0,22.5,52.4,20.0,95.3,100.7,N
843,몬스테라,Small,High,실내,1,35.0,41.1,50.5,15.3,57.0,61.7,N
844,필로덴드론,Small,Medium,실내,1,0.0,35.1,39.0,30.1,40.6,46.2,N
845,몬스테라,Large,Low,실내,1,126.0,41.8,34.0,25.9,8.3,8.8,N
846,스킨답서스,Small,High,실내,0,5.0,3.4,64.9,18.0,50.2,48.8,N
847,몬스테라,Small,Medium,베란다,2,28.0,11.6,75.4,20.2,86.8,87.6,N
848,필로덴드론,Medium,High,베란다,3,154.0,32.8,56.3,22.7,41.4,47.3,N
849,스킨답서스,Small,High,실내,2,131.0,13.1,41.9,26.8,20.5,27.3,N
850,스킨답서스,Medium,Low,실내,6,9.0,54.8,66.9,24.2,25.5,32.3,N
851,몬스테라,Small,Medium,실내,2,129.0,20.9,79.9,22.7,5.0,9.2,N
852,고무나무,Large,Medium,실내,7,320.0,9.1,69.6,20.2,26.8,30.7,N
853,·정보없음,Large,Medium,실내,0,9.0,8.3,71.1,23.4,64.5,70.6,N
854,산세베리아,Large,High,베란다,2,64.0,28.8,41.0,23.3,39.5,43.0,Y
855,몬스테라,Medium,Medium,실내,4,157.0,10.1,48.2,22.1,11.7,18.1,N
856,몬스테라,Medium,Medium,실내,4,132.0,3.8,69.5,21.8,76.7,81.3,N
857,몬스테라,Small,High,베란다,0,31.0,13.4,40.5,20.7,64.1,68.4,N
858,스킨답서스,Small,Low,실내,1,21.0,90.1,48.4,25.9,34.8,41.8,N
859,스킨답서스,Small,High,실내,1,184.0,2.2,57.3,16.9,41.1,45.3,N
860,몬스테라,Medium,Medium,실내,6,375.0,16.2,61.5,22.9,86.9,95.9,Y
861,산세베리아,Medium,High,실내,4,175.0,15.9,51.7,22.1,11.4,25.3,N
862,스킨답서스,Medium,Medium,베란다,2,396.0,13.6,55.1,16.1,39.6,45.9,N
863,스킨답서스,Small,Low,실내,5,111.0,22.9,57.0,20.9,39.7,40.7,N
864,스킨답서스,Medium,Medium,실내,1,318.0,31.8,52.3,18.9,42.7,41.6,N
865,스킨답서스,Medium,Low,실내,2,141.0,46.9,49.0,18.9,35.3,39.9,N
866,스킨답서스,Medium,High,실내,0,287.0,112.7,53.5,19.7,26.3,35.3,Y
867,몬스테라,Medium,,베란다,3,21.0,41.9,48.5,25.7,63.0,68.5,N
868,몬스테라,Small,High,베란다,1,203.0,54.6,65.7,21.8,58.9,61.0,N
869,산세베리아,Large,Medium,베란다,2,26.0,16.8,58.7,24.2,14.3,21.1,N
870,필로덴드론,Medium,Medium,실내,2,3.0,23.5,54.1,18.4,53.4,58.0,N
871,스투키,Small,Low,실내,4,87.0,21.4,52.1,20.1,59.8,67.7,Y
872,스투키,Small,Medium,실내,3,46.0,14.2,67.5,20.7,54.5,59.6,N
873,고무나무,Medium,Medium,실내,0,5.0,26.2,50.6,22.5,58.0,62.4,N
874,스킨답서스,Large,Medium,실내,1,471.0,6.7,63.7,23.6,40.7,43.1,N
875,몬스테라,Medium,High,실내,2,132.0,16.0,69.2,22.8,41.8,46.6,N
876,몬스테라,Small,Medium,베란다,5,279.0,60.1,60.9,19.6,6.6,16.2,N
877,고무나무,Large,Medium,실내,2,839.0,29.0,35.6,24.2,9.7,14.1,N
878,고무나무,Medium,Medium,실내,2,60.0,60.8,49.9,20.2,76.0,81.5,Y
879,몬스테라,Medium,Low,실내,2,35.0,29.4,44.7,22.8,104.5,108.3,N
880,,Medium,High,실내,3,24.0,21.4,40.7,17.9,23.1,29.1,N
881,스투키,Small,Medium,실내,2,87.0,10.4,68.1,21.2,52.9,57.8,N
882,고무나무,Medium,Low,실내,1,112.0,24.8,59.5,23.6,58.1,57.4,N
883,몬스테라,Medium,Medium,실내,0,77.0,14.4,24.2,22.3,37.9,40.6,N
884,몬스테라,Large,Medium,실내,4,59.0,7.9,54.9,19.5,58.4,63.6,N
885,산세베리아,Medium,Medium,베란다,4,22.0,11.4,47.0,23.6,35.7,37.0,N
886,몬스테라,Medium,Medium,실내,1,70.0,36.4,66.1,19.7,29.4,31.6,N
887,고무나무,Medium,Low,실내,6,11.0,58.9,47.1,16.8,30.6,31.3,N
888,스투키,Large,Medium,실내,3,240.0,38.6,58.8,25.1,36.4,42.9,N
889,몬스테라,Large,High,실내,3,6.0,10.8,58.7,19.0,23.2,28.0,N
890,스투키,Medium,Low,베란다,3,57.0,29.0,45.1,24.4,58.8,61.7,N
891,고무나무,Medium,High,실내,2,13.0,19.7,42.9,21.3,65.5,74.1,N
892,산세베리아,Medium,Low,실내,1,179.0,32.8,79.3,23.9,5.0,7.7,N
893,산세베리아,Medium,High,베란다,5,45.0,16.0,59.7,19.6,48.0,57.4,N
894,스투키,Small,Medium,실내,2,14.0,44.8,55.6,24.6,54.9,59.8,N
895,,Medium,Medium,실내,2,91.0,44.8,69.5,20.4,100.9,105.3,Y
896,몬스테라,Small,Low,실내,5,298.0,40.8,76.1,21.2,51.5,53.5,N
897,스투키,Large,Low,실내,3,287.0,27.7,73.0,15.5,70.8,75.7,N
898,산세베리아,Small,Low,베란다,1,34.0,45.8,38.5,17.1,51.0,57.1,N
899,몬스테라,Large,Low,실내,1,153.0,6.4,55.4,24.3,60.4,64.6,N
900,몬스테라,Medium,Medium,실내,3,4.0,18.8,51.7,20.0,93.9,96.9,N
901,몬스테라,Medium,Medium,실내,0,17.0,55.3,77.7,16.1,75.2,82.5,N
902,몬스테라,Medium,Medium,실내,4,83.0,10.8,63.5,20.1,57.0,62.4,N
903,몬스테라,Small,High,실내,1,31.0,47.3,39.5,23.6,48.5,58.2,Y
904,스킨답서스,Medium,Medium,실내,2,192.0,30.3,32.9,18.4,52.8,58.7,N
905,스킨답서스,Small,Medium,실내,2,321.0,23.2,74.5,25.1,57.2,62.6,N
906,산세베리아,Medium,Medium,실내,3,1.0,19.1,54.9,20.3,39.2,45.2,N
907,산세베리아,Medium,Medium,베란다,4,32.0,10.8,54.5,20.8,33.4,35.8,N
908,스투키,Medium,Medium,실내,2,69.0,47.5,50.9,19.7,15.0,18.4,N
909,스투키,Small,High,실내,1,99.0,28.7,45.0,16.4,49.6,53.9,Y
910,스투키,Small,Low,실내,1,297.0,55.4,55.5,21.1,35.2,37.8,Y
911,스킨답서스,Medium,Low,베란다,3,267.0,39.2,64.7,21.7,5.0,9.1,N
912,스투키,Large,Medium,베란다,0,122.0,25.8,54.7,23.1,77.0,79.4,N
913,고무나무,Medium,Low,베란다,2,36.0,17.3,67.6,19.6,63.3,65.0,N
914,,Medium,High,실내,3,184.0,9.9,63.3,17.0,20.2,29.0,N
915,·정보없음,Medium,High,베란다,4,27.0,7.9,65.8,27.1,58.9,68.9,N
916,스킨답서스,Small,Low,실내,5,403.0,53.8,57.2,22.5,34.4,40.8,N
917,스투키,Large,Low,실내,0,1.0,20.6,53.0,21.7,5.0,5.4,N
918,필로덴드론,Medium,Medium,실내,2,101.0,36.5,41.2,25.1,36.3,42.6,N
919,산세베리아,Small,Medium,베란다,2,11.0,10.7,66.8,19.0,48.3,55.0,N
920,몬스테라,Medium,Medium,베란다,1,63.0,13.7,58.1,18.5,,61.6,N
921,산세베리아,Small,High,베란다,0,121.0,19.2,51.9,23.8,29.4,35.9,N
922,스킨답서스,Large,Medium,베란다,1,140.0,23.5,41.4,27.3,5.0,12.8,N
923,산세베리아,Small,Medium,실내,4,185.0,5.2,70.2,17.7,30.5,37.9,Y
924,산세베리아,Medium,,실내,1,108.0,5.9,54.8,21.8,33.4,36.5,N
925,스킨답서스,Small,High,실내,2,35.0,13.0,77.6,22.9,64.4,70.6,Y
926,몬스테라,Medium,Low,베란다,3,264.0,29.0,30.1,23.2,43.5,48.3,N
927,스투키,Medium,High,실내,4,200.0,34.9,58.8,20.9,51.6,61.5,N
928,스킨답서스,Medium,Medium,베란다,2,21.0,36.1,38.7,19.1,60.1,63.1,N
929,고무나무,Medium,Medium,실내,2,210.0,48.5,46.2,15.6,12.8,21.5,N
930,스투키,Large,High,실내,1,432.0,6.7,51.7,27.9,53.4,57.6,Y
931,몬스테라,Small,High,실내,1,122.0,25.8,62.5,26.6,56.5,66.7,N
932,산세베리아,Small,Medium,실내,3,40.0,30.5,58.3,19.8,25.1,36.6,N
933,필로덴드론,Small,Low,베란다,1,112.0,79.5,48.4,21.9,97.0,100.6,N
934,스킨답서스,Large,High,실내,1,50.0,51.0,47.0,20.0,16.3,23.7,N
935,몬스테라,Medium,Medium,실내,1,135.0,21.4,34.4,20.9,30.1,33.1,N
936,스투키,Medium,Low,실내,3,94.0,19.6,47.7,21.4,12.9,14.2,N
937,몬스테라,Medium,High,실내,4,318.0,9.6,46.1,18.2,36.2,43.5,N
938,필로덴드론,Small,Low,실내,2,115.0,15.8,69.3,21.6,56.3,59.0,N
939,몬스테라,Small,Low,실내,4,29.0,34.6,50.2,22.1,48.7,50.3,N
940,스킨답서스,Small,Low,베란다,2,155.0,29.8,50.3,16.9,16.6,17.4,N
941,스투키,Medium,Medium,실내,3,43.0,12.7,57.5,19.6,52.8,51.9,N
942,스킨답서스,Small,Medium,실내,1,38.0,10.2,71.4,17.6,99.6,100.6,N
943,·정보없음,Small,Medium,실내,3,60.0,39.2,71.2,18.7,59.4,67.5,N
944,산세베리아,Large,Medium,실내,1,1.0,32.2,83.7,21.1,50.5,57.8,N
945,몬스테라,Large,Medium,실내,0,417.0,13.7,38.2,21.3,58.1,56.8,N
946,몬스테라,Small,Medium,실내,2,91.0,39.8,57.0,21.4,47.0,49.9,N
947,몬스테라,Small,,실내,3,178.0,23.4,53.8,28.1,54.8,60.6,N
948,필로덴드론,Small,High,실내,4,36.0,21.1,33.1,22.8,46.4,52.8,N
949,산세베리아,Medium,Low,실내,4,165.0,4.2,41.0,23.0,50.1,52.4,N
950,스킨답서스,Large,High,베란다,0,100.0,27.3,65.9,22.2,21.7,24.7,N
951,고무나무,Small,Low,베란다,3,66.0,13.7,61.3,17.5,68.8,73.7,N
952,고무나무,Small,High,실내,1,423.0,22.2,61.2,21.5,39.2,47.6,N
953,몬스테라,Medium,Low,실내,2,82.0,32.7,60.4,21.9,27.2,30.5,N
954,필로덴드론,Medium,Low,실내,0,129.0,13.9,34.8,24.1,41.6,42.3,N
955,스킨답서스,Small,High,실내,3,2.0,10.7,41.8,18.5,64.3,70.3,N
956,스투키,Medium,High,베란다,3,43.0,9.1,48.6,20.1,14.7,22.8,N
957,스킨답서스,Small,Medium,베란다,5,263.0,66.6,65.0,18.6,70.9,81.3,N
958,몬스테라,Medium,High,실내,1,171.0,15.6,56.6,19.8,20.0,24.2,N
959,몬스테라,Medium,Medium,실내,3,92.0,17.8,65.9,21.0,48.8,54.0,Y
960,고무나무,Large,,실내,5,277.0,29.1,78.5,18.3,126.6,134.9,Y
961,몬스테라,Medium,Medium,실내,1,80.0,44.5,35.9,24.3,7.8,11.5,N
962,고무나무,Large,Medium,베란다,0,100.0,31.9,53.6,18.9,16.5,17.3,Y
963,스투키,Medium,Medium,실내,1,58.0,12.6,53.6,23.9,34.1,39.8,N
964,스투키,Medium,Medium,실내,4,116.0,11.9,45.1,20.5,51.1,52.4,N
965,스투키,Medium,High,실내,1,46.0,17.9,60.3,20.4,30.3,35.7,N
966,스투키,Large,Low,실내,2,58.0,54.9,89.3,24.4,46.1,49.9,N
967,고무나무,Large,Low,실내,3,407.0,28.5,43.6,23.8,5.0,8.3,N
968,스투키,Small,Medium,실내,4,14.0,23.9,62.2,23.3,44.9,50.1,N
969,스킨답서스,Large,Medium,실내,1,13.0,18.3,42.5,16.7,11.0,14.1,N
970,스킨답서스,Large,,베란다,5,5.0,35.2,33.3,25.6,21.8,30.0,N
971,고무나무,Medium,Medium,베란다,4,46.0,29.9,47.6,26.3,31.9,38.7,N
972,필로덴드론,Small,High,실내,2,61.0,50.3,58.3,21.1,45.7,54.0,Y
973,고무나무,Large,Low,베란다,6,12.0,3.3,59.8,19.0,5.0,9.6,N
974,몬스테라,Large,Medium,실내,3,96.0,60.9,76.3,18.3,71.5,77.5,N
975,몬스테라,Small,High,베란다,4,105.0,32.9,58.3,21.0,15.6,23.4,N
976,스투키,Large,Medium,베란다,3,167.0,27.3,55.2,18.6,53.0,59.8,N
977,스킨답서스,Small,High,실내,1,447.0,20.1,65.0,21.2,,155.9,N
978,몬스테라,Small,High,베란다,0,116.0,2.6,58.0,20.2,40.2,42.8,N
979,,Medium,Medium,실내,2,14.0,27.4,54.7,17.9,12.7,20.0,N
980,스킨답서스,Medium,Medium,실내,0,11.0,27.3,52.8,19.9,18.6,20.6,N
981,스투키,Medium,Medium,실내,2,180.0,83.3,62.6,22.2,29.0,36.5,Y
982,산세베리아,Small,Medium,베란다,1,126.0,9.9,61.3,19.2,23.7,26.4,N
983,몬스테라,Large,High,베란다,1,21.0,16.2,51.8,20.8,62.6,68.3,N
984,몬스테라,Small,Medium,실내,3,35.0,31.0,72.3,24.6,72.9,79.1,N
985,고무나무,Small,Medium,실내,3,166.0,58.9,65.1,19.6,88.3,94.3,N
986,스킨답서스,Small,Low,실내,3,100.0,29.8,66.5,19.1,,38.6,N
987,고무나무,Medium,Low,베란다,2,106.0,21.8,44.0,22.3,91.8,93.3,N
988,스킨답서스,Large,Low,실내,2,28.0,8.0,48.8,25.4,37.5,38.5,N
989,스투키,Medium,High,베란다,3,119.0,26.5,73.2,23.2,58.9,62.8,N
990,산세베리아,Large,Medium,실내,0,177.0,11.9,67.5,19.9,26.0,29.0,N
991,산세베리아,Small,Medium,실내,2,260.0,13.6,38.0,19.9,30.8,33.7,N
992,고무나무,Medium,,실내,0,160.0,27.8,59.0,20.4,11.7,16.1,N
993,스투키,Medium,High,베란다,1,103.0,21.8,66.5,20.9,5.0,10.2,N
994,스킨답서스,Medium,Medium,실내,2,134.0,30.2,42.7,29.4,61.8,66.2,N
995,스투키,Small,High,베란다,1,80.0,17.7,67.1,22.3,67.8,71.7,N
996,몬스테라,Medium,Medium,실내,1,31.0,26.4,55.6,27.4,66.1,67.6,N
997,필로덴드론,Medium,High,실내,3,257.0,11.2,73.1,24.5,37.5,44.2,N
998,몬스테라,Medium,Medium,베란다,4,91.0,12.6,53.5,14.4,62.1,67.8,N
999,필로덴드론,Medium,Medium,베란다,5,108.0,50.4,37.7,20.5,37.6,44.9,N
1000,스킨답서스,Small,Medium,베란다,4,554.0,82.2,61.3,21.8,51.3,56.6,N
1001,몬스테라,Medium,Medium,실내,2,504.0,75.5,41.5,22.5,114.3,121.3,N
1002,스킨답서스,Small,Low,실내,2,106.0,14.8,48.1,22.2,44.1,46.4,N
1003,산세베리아,Large,Medium,실내,1,4.0,34.3,33.2,16.8,49.4,56.1,N
1004,고무나무,Medium,Medium,실내,1,61.0,16.9,45.3,16.7,27.3,31.0,N
1005,산세베리아,Small,Low,베란다,1,332.0,26.6,71.1,21.9,,35.6,N
1006,고무나무,Large,High,실내,1,41.0,26.7,56.8,20.8,23.6,27.7,Y
1007,고무나무,Medium,Medium,실내,1,866.0,21.7,52.2,25.8,59.3,62.7,N
1008,산세베리아,Small,High,실내,3,11.0,20.8,44.5,22.0,36.9,42.0,N
1009,스투키,Medium,Medium,실내,2,101.0,3.1,57.5,24.3,41.1,44.3,N
1010,스킨답서스,Small,Medium,실내,0,87.0,15.9,52.3,23.9,37.1,41.5,N
1011,스투키,Large,Medium,실내,2,35.0,34.8,83.7,21.8,42.7,49.8,Y
1012,필로덴드론,Large,Medium,실내,2,356.0,44.6,55.3,25.3,7.7,14.0,N
1013,필로덴드론,Large,High,실내,4,116.0,21.7,60.4,20.6,45.5,51.0,Y
1014,몬스테라,Medium,Medium,베란다,4,31.0,64.4,47.4,21.8,23.7,29.3,N
1015,고무나무,Medium,High,실내,5,58.0,27.5,54.8,22.2,74.1,83.2,Y
1016,필로덴드론,Medium,High,실내,1,153.0,56.8,60.6,19.5,45.3,51.3,N
1017,몬스테라,Small,Medium,베란다,0,42.0,27.9,43.9,18.5,57.8,62.5,N
1018,스킨답서스,Medium,High,베란다,1,254.0,0.7,62.1,18.1,,23.6,N
1019,필로덴드론,Medium,Medium,베란다,4,22.0,58.4,56.6,18.9,41.4,50.2,N
1020,몬스테라,Small,High,베란다,2,37.0,20.4,27.7,21.6,,70.7,N
1021,고무나무,Medium,High,실내,1,19.0,19.5,64.9,22.9,104.9,110.1,N
1022,스투키,Large,Low,실내,1,13.0,7.8,60.9,18.2,49.6,52.2,N
1023,필로덴드론,Large,High,실내,4,43.0,46.1,57.9,22.2,41.8,50.9,N
1024,필로덴드론,Small,Medium,실내,2,853.0,8.7,47.4,21.2,48.7,52.3,N
1025,필로덴드론,Small,Medium,베란다,1,12.0,58.0,84.6,24.8,43.3,49.6,N
1026,스킨답서스,Small,Medium,실내,2,29.0,19.9,47.9,20.5,64.3,66.7,N
1027,산세베리아,Large,Low,베란다,2,38.0,44.4,20.0,26.8,22.2,24.5,N
1028,산세베리아,Small,Medium,베란다,5,116.0,10.8,61.2,24.3,53.3,58.5,N
1029,스투키,Medium,High,실내,3,164.0,61.2,53.4,21.0,47.9,59.6,N
1030,산세베리아,Small,Low,베란다,4,167.0,37.9,37.7,20.4,21.0,24.2,N
1031,몬스테라,Medium,Medium,실내,1,1.0,19.3,52.0,24.7,58.9,62.7,N
1032,스킨답서스,Medium,Low,실내,2,127.0,52.7,54.2,21.0,42.8,47.8,N
1033,스투키,Medium,Medium,베란다,2,120.0,27.5,45.9,22.1,45.0,48.5,N
1034,몬스테라,Small,High,실내,0,87.0,76.6,56.3,20.5,38.4,47.7,Y
1035,몬스테라,Medium,High,베란다,1,57.0,14.3,59.3,20.3,63.6,70.1,N
1036,고무나무,Small,High,실내,0,192.0,49.3,54.4,18.3,72.7,74.3,N
1037,스투키,Medium,Medium,실내,3,51.0,40.9,43.9,26.1,63.7,70.9,Y
1038,고무나무,Large,Medium,베란다,3,31.0,5.8,60.6,20.8,49.9,56.7,N
1039,몬스테라,Small,High,실내,1,45.0,7.7,35.6,22.4,61.9,65.3,Y
1040,스투키,Large,High,실내,0,70.0,18.5,59.9,23.5,22.1,27.0,N
1041,,Medium,Medium,실내,1,29.0,32.6,58.7,26.1,53.1,54.9,N
1042,산세베리아,Small,Medium,베란다,3,112.0,43.7,52.4,20.3,30.1,33.5,N
1043,스투키,Medium,High,실내,1,259.0,32.0,48.9,15.1,30.7,35.6,N
1044,고무나무,Small,High,베란다,2,109.0,48.7,40.3,22.3,48.5,54.4,N
1045,산세베리아,Medium,Medium,실내,5,71.0,21.0,48.6,23.5,14.5,22.3,N
1046,고무나무,Medium,High,실내,2,191.0,44.6,45.2,20.4,62.9,71.1,Y
1047,스투키,Small,Low,베란다,2,165.0,27.2,42.9,23.6,51.5,58.0,N
1048,몬스테라,Medium,Medium,실내,4,,18.4,40.5,22.0,81.1,88.8,N
1049,산세베리아,Large,Medium,실내,2,111.0,7.9,70.8,20.9,49.8,52.6,N
1050,몬스테라,Large,Low,베란다,3,157.0,3.7,64.2,26.0,61.8,64.6,N
1051,산세베리아,Medium,Low,베란다,2,34.0,20.6,84.3,21.0,34.6,37.8,N
1052,스킨답서스,Large,Low,실내,3,55.0,28.6,57.8,27.0,44.4,49.0,N
1053,필로덴드론,Medium,Medium,실내,5,13.0,13.9,63.6,22.1,36.6,39.1,N
1054,산세베리아,Medium,High,베란다,3,528.0,17.3,54.1,19.5,56.3,62.2,N
1055,필로덴드론,Large,High,베란다,0,11.0,18.8,73.1,16.3,41.0,46.9,N
1056,스투키,Medium,Medium,베란다,4,22.0,10.0,54.4,25.6,39.5,46.0,N
1057,산세베리아,Medium,Medium,실내,1,78.0,13.2,66.7,24.9,23.2,26.7,N
1058,스킨답서스,Medium,High,베란다,2,,39.1,57.2,24.4,42.3,48.5,Y
1059,스킨답서스,Large,Low,실내,1,53.0,22.5,77.1,25.9,42.1,44.2,N
1060,고무나무,Large,High,실내,2,176.0,32.0,49.2,27.4,64.7,71.5,N
1061,산세베리아,Medium,High,실내,1,135.0,4.8,68.8,15.6,47.6,49.7,N
1062,필로덴드론,Small,Low,실내,7,122.0,55.1,53.7,16.7,57.2,63.9,N
1063,산세베리아,Medium,High,실내,2,224.0,26.0,45.0,21.2,39.7,46.2,N
1064,스킨답서스,Medium,High,실내,0,2.0,43.4,54.4,24.9,40.1,44.7,N
1065,스킨답서스,Small,Low,실내,1,318.0,8.6,28.0,22.9,37.2,38.3,N
1066,고무나무,Medium,Low,실내,5,212.0,35.5,66.2,22.9,56.3,58.5,N
1067,스투키,Medium,Low,실내,3,333.0,18.8,63.0,20.7,64.4,69.8,N
1068,몬스테라,Small,Medium,실내,1,189.0,88.0,77.8,19.5,5.0,13.2,N
1069,스투키,Small,Medium,실내,0,253.0,14.8,43.5,21.7,78.6,81.9,Y
1070,스투키,Small,Medium,실내,3,27.0,26.9,46.1,21.2,45.1,51.9,N
1071,스투키,Large,Medium,실내,4,46.0,9.4,39.8,20.7,,19.3,N
1072,스투키,Small,High,실내,2,45.0,26.6,59.4,23.9,31.8,41.6,Y
1073,몬스테라,Small,Medium,베란다,2,14.0,23.8,50.0,22.0,69.7,69.2,N
1074,몬스테라,Medium,Low,베란다,3,157.0,51.6,45.1,23.3,,46.0,N
1075,필로덴드론,Small,Medium,베란다,2,18.0,27.9,59.8,21.7,61.4,66.6,N
1076,스킨답서스,Small,Medium,실내,7,6.0,19.3,68.2,24.1,28.0,34.4,N
1077,스투키,Small,Medium,실내,5,179.0,23.4,56.3,18.7,14.4,21.8,N
1078,고무나무,Medium,Medium,실내,2,282.0,4.6,49.3,17.8,62.9,67.7,N
1079,몬스테라,Medium,Low,베란다,3,173.0,29.3,69.1,21.0,45.2,47.7,N
1080,필로덴드론,Medium,High,실내,1,209.0,46.6,52.0,24.3,17.3,26.4,N
1081,산세베리아,Medium,High,실내,2,109.0,27.3,51.8,20.9,25.5,28.9,N
1082,몬스테라,Large,Medium,실내,1,262.0,5.7,61.2,28.1,21.4,22.4,N
1083,스킨답서스,Medium,Medium,실내,2,82.0,31.9,46.8,18.9,50.6,53.3,N
1084,산세베리아,Small,Medium,베란다,4,534.0,32.9,67.3,21.4,27.1,31.1,N
1085,필로덴드론,Small,High,베란다,0,13.0,35.0,44.0,16.5,27.9,33.1,N
1086,스킨답서스,Medium,Medium,베란다,3,199.0,23.5,47.7,26.4,62.5,71.3,N
1087,고무나무,Medium,High,실내,1,123.0,28.9,41.2,21.6,59.3,66.5,N
1088,몬스테라,Small,Medium,베란다,3,104.0,32.8,65.4,14.9,53.4,58.8,N
1089,필로덴드론,Medium,Medium,실내,1,155.0,11.5,71.3,21.1,52.1,58.3,N
1090,스투키,Small,Medium,베란다,1,220.0,13.2,53.2,14.3,54.3,59.8,N
1091,필로덴드론,Medium,High,실내,6,238.0,35.5,60.4,25.7,45.1,54.9,Y
1092,고무나무,Medium,High,실내,5,23.0,12.9,59.4,19.3,16.4,24.5,Y
1093,고무나무,Small,Low,실내,1,26.0,22.3,58.6,22.1,64.4,67.3,N
1094,스킨답서스,Medium,Medium,실내,2,2.0,35.1,41.1,19.8,44.8,48.6,N
1095,스투키,Small,Medium,베란다,1,17.0,48.8,47.1,21.4,30.8,34.1,N
1096,몬스테라,Medium,Medium,베란다,5,37.0,15.2,64.1,24.4,99.4,107.6,Y
1097,스투키,Small,High,실내,4,153.0,12.6,69.6,20.8,42.6,52.1,N
1098,몬스테라,Large,High,실내,3,77.0,35.2,66.4,23.7,,82.7,N
1099,산세베리아,Small,High,실내,3,170.0,50.5,55.2,13.6,41.6,51.3,N
1100,스투키,Large,High,베란다,2,80.0,5.6,64.6,18.2,40.7,46.4,Y
1101,몬스테라,Medium,Medium,실내,4,97.0,25.2,36.6,22.2,20.4,24.7,N
1102,필로덴드론,Medium,High,실내,4,14.0,65.9,30.8,19.8,23.5,35.2,N
1103,산세베리아,Small,High,실내,2,180.0,11.8,38.5,25.5,34.5,41.0,N
1104,필로덴드론,Large,Medium,실내,2,170.0,36.2,88.9,24.5,36.1,42.6,N
1105,필로덴드론,Small,High,베란다,0,44.0,23.0,79.9,26.1,49.2,52.7,N
1106,몬스테라,Small,Low,실내,1,48.0,23.5,35.8,22.3,45.0,48.0,N
1107,스투키,Medium,High,실내,2,30.0,21.1,52.3,19.8,61.9,68.3,Y
1108,산세베리아,Small,Medium,베란다,2,202.0,30.2,49.8,23.8,26.8,32.0,N
1109,고무나무,Small,Medium,실내,4,165.0,52.0,70.5,18.8,33.8,43.3,N
1110,몬스테라,Large,Medium,실내,2,113.0,12.2,62.9,21.1,75.2,77.5,N
1111,산세베리아,Large,Medium,실내,2,33.0,13.2,50.5,23.2,56.0,58.5,Y
1112,스투키,Medium,Low,실내,4,23.0,29.4,61.7,19.9,45.8,47.6,N
1113,,Large,Low,실내,1,6.0,30.6,64.3,29.2,40.9,45.4,N
1114,스킨답서스,Medium,Medium,베란다,4,6.0,20.9,32.7,24.2,72.1,78.3,N
1115,스킨답서스,Small,Medium,베란다,2,25.0,46.9,61.4,19.2,30.8,35.5,N
1116,스킨답서스,Medium,High,베란다,3,13.0,14.3,54.8,24.9,82.9,92.0,Y
1117,몬스테라,Medium,High,베란다,3,97.0,13.5,41.3,26.9,45.5,51.6,N
1118,산세베리아,Large,Medium,실내,1,53.0,27.1,47.9,17.5,35.5,35.3,N
1119,스투키,Small,High,실내,0,71.0,11.9,58.4,25.8,31.2,33.2,N
1120,몬스테라,Medium,Medium,실내,4,108.0,104.4,56.5,18.2,5.0,15.6,N
1121,산세베리아,Small,High,베란다,3,129.0,7.3,52.7,22.0,30.5,37.4,N
1122,필로덴드론,Small,Low,실내,4,125.0,61.3,51.4,22.5,69.5,73.1,N
1123,산세베리아,Small,Medium,실내,3,36.0,13.8,55.7,20.0,22.0,26.2,N
1124,산세베리아,Large,Medium,실내,0,199.0,7.1,35.7,20.0,28.8,30.1,N
1125,고무나무,Large,Low,실내,5,300.0,29.0,75.6,19.4,,71.9,N
1126,스킨답서스,Medium,High,실내,0,46.0,20.7,50.6,20.4,48.9,55.5,N
1127,몬스테라,Medium,High,베란다,5,2.0,84.8,61.1,19.0,36.3,48.1,N
1128,스킨답서스,Small,Medium,실내,2,275.0,32.1,74.4,25.3,5.0,13.0,N
1129,스투키,Small,Medium,베란다,1,309.0,20.1,68.6,17.6,54.1,58.2,N
1130,스투키,Small,High,실내,4,6.0,23.2,58.6,27.4,28.5,36.4,N
1131,고무나무,Medium,High,베란다,1,1.0,2.9,53.7,21.6,74.7,77.9,N
1132,스킨답서스,Medium,Medium,베란다,1,203.0,2.2,54.7,15.7,78.2,79.1,N
1133,몬스테라,Medium,Medium,베란다,2,43.0,5.4,35.5,24.3,84.5,86.6,N
1134,스투키,Small,Medium,실내,5,295.0,21.1,40.4,20.8,26.2,31.2,N
1135,고무나무,Small,Medium,실내,3,29.0,24.6,57.9,18.4,95.3,98.7,Y
1136,몬스테라,Small,Low,실내,4,237.0,32.9,50.5,21.0,87.7,92.5,N
1137,산세베리아,Medium,Medium,실내,1,9.0,39.7,37.0,19.7,9.3,18.2,N
1138,스킨답서스,Large,High,실내,1,36.0,3.0,58.5,25.9,21.0,23.2,N
1139,스킨답서스,Medium,Medium,베란다,6,434.0,30.0,64.1,19.7,44.2,51.8,N
1140,스킨답서스,Large,High,실내,1,32.0,54.9,69.0,18.0,50.2,59.3,N
1141,산세베리아,Medium,High,실내,2,17.0,17.7,61.4,19.9,35.0,38.7,N
1142,스투키,Medium,High,실내,3,233.0,100.2,47.4,19.0,36.1,45.4,N
1143,고무나무,Small,Low,베란다,0,15.0,23.4,63.2,25.2,59.0,56.9,N
1144,스킨답서스,Large,High,베란다,3,12.0,14.6,58.4,22.6,41.4,48.1,N
1145,스투키,Medium,Low,실내,6,47.0,43.7,43.9,17.6,76.3,80.3,N
1146,산세베리아,Small,Medium,실내,3,121.0,32.9,43.5,18.8,43.8,47.1,N
1147,산세베리아,Medium,Medium,베란다,1,149.0,56.7,65.2,20.7,52.2,56.4,N
1148,고무나무,Medium,Medium,실내,1,256.0,39.4,58.8,16.5,40.9,47.3,N
1149,산세베리아,Medium,High,실내,4,93.0,24.8,58.1,18.7,,37.4,N
1150,산세베리아,Large,High,베란다,2,60.0,40.6,55.8,23.0,40.8,49.7,N
1151,고무나무,Medium,Low,베란다,1,53.0,4.9,62.2,27.4,85.3,87.9,N
1152,산세베리아,Medium,Medium,실내,0,225.0,34.8,48.9,16.5,30.8,34.7,N
1153,고무나무,Small,Medium,실내,1,154.0,22.6,53.5,30.2,61.9,65.7,N
1154,고무나무,Small,Medium,실내,1,283.0,7.8,63.9,23.1,118.9,123.3,N
1155,고무나무,Small,High,실내,2,399.0,38.7,55.4,18.6,17.5,25.1,N
1156,산세베리아,Small,Medium,실내,4,43.0,51.4,46.0,26.6,13.5,21.5,N
1157,몬스테라,Medium,High,실내,1,91.0,18.9,46.7,23.3,45.6,46.4,Y
1158,산세베리아,Medium,Low,실내,3,120.0,11.8,55.5,24.5,10.5,83.5,N
1159,산세베리아,Small,Medium,실내,3,21.0,46.5,24.0,24.5,33.7,37.2,N
1160,몬스테라,Large,Medium,실내,3,7.0,11.5,76.0,25.2,43.1,45.8,N
1161,산세베리아,Small,Medium,실내,3,243.0,24.9,52.9,18.2,10.7,18.2,N
1162,몬스테라,Small,Medium,실내,1,92.0,24.0,60.8,24.4,5.0,8.5,N
1163,스투키,Small,High,실내,1,101.0,11.0,62.6,22.2,43.5,51.0,Y
1164,고무나무,Medium,High,실내,2,97.0,7.2,58.0,23.7,42.6,49.0,Y
1165,몬스테라,Small,Medium,실내,3,169.0,42.8,38.6,20.0,47.6,52.6,N
1166,산세베리아,Medium,Medium,베란다,2,19.0,31.2,42.2,20.1,31.9,36.1,N
1167,산세베리아,Medium,Low,실내,2,114.0,17.0,37.1,20.3,,33.7,N
1168,스킨답서스,Large,Low,베란다,2,76.0,17.5,68.1,24.2,37.7,41.3,N
1169,몬스테라,Small,Medium,실내,1,273.0,33.0,36.5,21.7,35.7,41.9,N
1170,스투키,Small,Low,실내,2,88.0,15.6,47.0,20.4,44.2,42.3,N
1171,고무나무,Small,High,실내,3,344.0,20.7,70.7,21.0,38.6,42.4,N
1172,필로덴드론,Medium,High,실내,3,52.0,14.5,41.4,25.8,77.4,82.7,Y
1173,고무나무,Small,High,베란다,3,409.0,19.1,56.8,23.5,115.3,123.4,Y
1174,스투키,Large,Medium,베란다,6,250.0,20.4,64.1,23.4,49.8,59.0,N
1175,고무나무,Medium,High,베란다,1,105.0,34.0,54.3,22.8,73.6,73.6,Y
1176,스킨답서스,Medium,Medium,실내,2,52.0,13.9,56.9,25.2,27.2,29.6,N
1177,산세베리아,Medium,Medium,실내,4,57.0,48.4,61.4,18.8,13.9,22.5,N
1178,몬스테라,Small,High,실내,3,178.0,33.3,76.4,24.7,5.0,10.7,N
1179,산세베리아,Small,Medium,실내,3,104.0,22.7,43.8,22.2,5.0,10.9,N
1180,스킨답서스,Small,Low,실내,1,62.0,19.4,49.7,19.2,29.7,32.7,N
1181,필로덴드론,Medium,High,베란다,2,121.0,17.2,62.6,21.9,5.0,9.7,Y
1182,스투키,Small,High,베란다,4,159.0,42.6,52.6,21.2,48.5,58.0,N
1183,고무나무,Small,High,실내,0,3.0,15.6,48.3,23.0,5.0,8.2,N
1184,필로덴드론,Large,Medium,실내,2,11.0,3.2,67.4,24.7,50.3,55.0,N
1185,몬스테라,Small,Medium,실내,2,12.0,15.2,28.3,18.6,26.2,30.0,N
1186,필로덴드론,Large,High,실내,1,32.0,57.9,68.5,27.2,,27.3,N
1187,고무나무,Medium,Low,실내,1,67.0,9.2,74.1,17.0,6.2,9.2,N
1188,몬스테라,Small,Medium,베란다,5,195.0,68.0,52.5,19.8,17.2,26.4,N
1189,스투키,Small,Medium,실내,5,52.0,16.4,39.2,27.9,41.7,49.5,N
1190,고무나무,Small,Medium,실내,3,2.0,15.7,57.1,17.5,85.8,89.2,N
1191,몬스테라,Medium,Medium,실내,1,79.0,76.4,60.8,20.2,51.4,57.4,N
1192,스킨답서스,Medium,Low,실내,3,683.0,27.3,35.3,19.7,63.8,66.2,N
1193,스투키,Medium,Low,베란다,1,52.0,40.6,56.0,14.7,30.5,35.1,N
1194,고무나무,Large,Medium,실내,3,390.0,10.9,78.4,21.7,28.3,34.5,N
1195,몬스테라,Medium,Low,베란다,3,13.0,18.0,70.2,23.3,88.8,94.9,N
1196,산세베리아,Small,Medium,실내,0,23.0,2.3,61.3,23.3,26.2,28.0,N
1197,필로덴드론,Small,High,베란다,1,155.0,14.6,59.9,20.2,55.8,57.8,N
1198,필로덴드론,Large,Medium,실내,5,83.0,18.4,55.5,16.1,10.3,15.1,N
1199,고무나무,Small,Medium,실내,1,174.0,17.1,56.8,19.9,60.2,65.6,N
1200,몬스테라,Small,,베란다,1,239.0,20.5,53.9,19.3,46.2,53.7,N
1201,산세베리아,Medium,Low,베란다,2,35.0,17.9,57.5,22.7,52.6,52.6,N
1202,몬스테라,Medium,Medium,베란다,2,138.0,2.9,35.4,20.3,56.5,59.2,N
1203,몬스테라,Large,Medium,실내,3,112.0,14.0,29.0,23.2,111.6,114.4,Y
1204,스투키,Medium,High,베란다,1,237.0,25.3,46.0,16.2,38.4,47.6,N
1205,스킨답서스,Small,High,베란다,0,67.0,29.6,67.4,23.8,19.7,24.9,N
1206,,Large,High,실내,1,6.0,55.4,62.1,23.5,38.0,43.4,N
1207,고무나무,Small,High,베란다,1,102.0,2.3,65.2,18.6,53.8,55.6,N
1208,스킨답서스,Small,Low,실내,1,383.0,14.7,56.1,19.7,,46.0,N
1209,스투키,Medium,Low,실내,2,2.0,42.0,69.6,20.9,41.9,46.5,N
1210,필로덴드론,Small,Medium,실내,1,33.0,24.1,71.0,25.1,22.7,26.7,N
1211,스킨답서스,Medium,Low,베란다,3,46.0,15.2,69.3,21.0,54.2,56.4,N
1212,스킨답서스,Small,High,실내,0,174.0,45.3,46.8,22.9,18.9,23.6,N
1213,몬스테라,Medium,Medium,실내,7,47.0,23.5,55.7,21.9,5.0,10.9,N
1214,산세베리아,Medium,Low,실내,2,33.0,38.0,49.4,24.6,26.0,27.8,N
1215,고무나무,Medium,High,실내,2,125.0,21.4,72.7,22.4,119.3,124.4,Y
1216,스투키,Large,Low,실내,2,6.0,2.5,68.5,18.2,23.8,25.7,N
1217,몬스테라,Small,Medium,실내,1,22.0,56.4,60.5,21.1,54.8,60.2,N
1218,고무나무,Medium,Medium,베란다,2,63.0,19.4,63.3,24.9,52.9,59.3,N
1219,고무나무,Medium,Medium,베란다,0,53.0,5.3,58.5,22.9,47.3,48.0,N
1220,스투키,Small,Medium,베란다,3,51.0,14.3,43.8,18.2,41.8,49.6,N
1221,필로덴드론,Medium,Low,베란다,2,14.0,9.9,67.9,27.3,,34.0,N
1222,몬스테라,Medium,Medium,실내,5,54.0,1.4,79.2,20.1,78.6,85.3,N
1223,스킨답서스,Small,High,실내,3,192.0,17.5,61.1,24.7,49.3,58.2,N
1224,필로덴드론,Medium,High,실내,1,64.0,2.6,53.6,26.2,47.1,51.9,N
1225,스킨답서스,Small,Medium,실내,2,106.0,17.4,46.3,25.1,61.0,66.9,N
1226,고무나무,Medium,Medium,베란다,1,21.0,27.1,51.9,19.3,76.9,79.8,N
1227,스투키,Small,High,실내,2,9.0,26.6,39.7,25.2,47.9,53.9,N
1228,스투키,Large,High,베란다,3,254.0,12.7,44.0,22.7,37.0,45.0,Y
1229,필로덴드론,Medium,Medium,실내,3,48.0,7.1,53.0,18.0,28.3,34.5,Y
1230,스킨답서스,Medium,Medium,베란다,4,52.0,40.6,58.8,21.7,47.1,54.6,N
1231,산세베리아,Medium,High,실내,1,252.0,30.6,37.3,19.0,25.2,32.2,N
1232,스투키,Large,Medium,실내,2,148.0,14.9,57.3,23.2,63.6,66.3,N
1233,몬스테라,Medium,Low,베란다,3,169.0,4.4,74.0,24.4,57.8,61.9,N
1234,몬스테라,Small,Medium,실내,2,137.0,8.8,60.2,25.4,9.3,15.2,Y
1235,고무나무,Medium,Low,베란다,3,13.0,69.2,60.9,21.8,93.4,98.1,Y
1236,스투키,Large,Medium,실내,3,380.0,38.3,59.9,19.2,49.1,55.7,N
1237,산세베리아,Medium,Medium,실내,3,288.0,27.3,35.8,18.4,39.0,40.7,N
1238,스킨답서스,Medium,High,베란다,1,32.0,9.9,36.9,24.0,62.5,69.5,N
1239,필로덴드론,Large,Medium,실내,0,196.0,10.1,62.2,24.9,21.9,25.1,N
1240,몬스테라,Large,Medium,베란다,1,63.0,41.8,63.5,23.6,98.2,104.2,N
1241,산세베리아,Large,Low,실내,0,138.0,60.6,67.5,19.4,35.8,39.5,N
1242,산세베리아,Small,High,실내,3,22.0,42.2,71.2,20.1,42.8,52.2,N
1243,산세베리아,Medium,Low,실내,3,93.0,17.0,48.8,20.3,,59.8,N
1244,산세베리아,Medium,Medium,실내,1,16.0,11.5,66.6,17.5,48.0,54.3,N
1245,산세베리아,Medium,Low,실내,2,92.0,9.1,66.5,23.5,47.8,55.2,N
1246,고무나무,Medium,High,실내,2,34.0,15.8,73.4,21.6,63.7,71.6,Y
1247,몬스테라,Small,Medium,실내,2,72.0,10.0,74.2,26.3,71.0,77.6,N
1248,몬스테라,Medium,Medium,실내,0,132.0,23.5,50.3,19.1,56.7,59.0,N
1249,필로덴드론,Medium,Medium,실내,1,252.0,21.3,54.0,21.6,5.0,8.4,N
1250,고무나무,Small,High,실내,4,22.0,81.8,57.5,18.3,5.0,17.8,N
1251,산세베리아,Medium,Medium,실내,1,268.0,42.3,45.1,20.9,33.3,39.3,N
1252,스킨답서스,Small,High,실내,4,59.0,23.8,68.3,24.4,39.2,48.3,N
1253,몬스테라,Small,High,실내,1,223.0,81.3,52.5,22.2,15.5,22.5,N
1254,몬스테라,Small,High,실내,1,86.0,30.5,69.0,19.1,107.3,112.1,Y
1255,고무나무,Medium,Medium,실내,1,238.0,9.5,73.2,17.5,84.3,86.8,N
1256,스킨답서스,Medium,High,베란다,2,130.0,40.3,51.6,21.0,23.1,31.3,N
1257,몬스테라,Medium,Low,베란다,1,85.0,7.2,34.1,22.6,64.7,66.0,N
1258,스킨답서스,Medium,Medium,실내,2,45.0,3.1,54.7,24.5,36.9,40.2,N
1259,몬스테라,Large,High,실내,0,417.0,29.8,71.0,19.8,61.1,65.1,Y
1260,스킨답서스,Small,Medium,베란다,3,194.0,33.8,70.9,19.7,12.7,20.0,N
1261,스투키,Small,Medium,실내,2,58.0,40.4,53.8,28.4,33.6,41.6,N
1262,산세베리아,Large,Medium,베란다,4,22.0,33.6,56.5,21.9,7.6,12.9,N
1263,스투키,Small,Medium,베란다,2,181.0,28.8,53.2,24.9,38.8,45.4,N
1264,스킨답서스,Large,Medium,실내,0,552.0,13.2,47.9,18.2,87.5,88.3,N
1265,몬스테라,Large,High,실내,4,39.0,26.0,34.4,23.0,64.6,74.4,Y
1266,몬스테라,Medium,High,베란다,0,297.0,40.5,61.2,24.2,74.0,76.7,Y
1267,스투키,Large,Medium,베란다,3,16.0,28.8,49.2,22.2,63.4,72.0,Y
1268,스킨답서스,Small,Low,실내,2,365.0,35.8,57.6,16.8,39.8,42.5,N
1269,고무나무,Small,High,실내,3,164.0,35.0,63.1,19.3,19.3,27.7,N
1270,스투키,Medium,Medium,실내,3,51.0,44.4,65.8,23.1,35.8,42.6,N
1271,고무나무,Medium,Low,실내,1,44.0,4.8,46.7,17.2,13.9,18.4,N
1272,산세베리아,Large,Low,베란다,1,124.0,29.2,43.3,29.6,9.0,10.2,N
1273,산세베리아,Small,Medium,베란다,4,108.0,79.0,62.1,25.4,40.4,49.4,Y
1274,몬스테라,Medium,Low,실내,1,302.0,25.1,62.9,17.5,52.9,55.6,N
1275,스킨답서스,Medium,Low,베란다,2,174.0,25.3,48.2,22.8,5.0,9.9,N
1276,몬스테라,Medium,Medium,실내,5,93.0,18.0,66.9,22.2,47.1,52.5,N
1277,스투키,Small,Medium,실내,1,315.0,17.0,54.5,25.3,33.0,32.4,N
1278,필로덴드론,Medium,Medium,실내,1,108.0,66.0,46.1,14.5,23.0,26.8,N
1279,몬스테라,Large,High,실내,1,227.0,2.4,43.2,22.5,5.0,10.2,N
1280,스킨답서스,Small,High,실내,2,221.0,27.8,60.9,18.4,27.0,33.6,N
1281,고무나무,Large,Medium,실내,3,302.0,18.5,57.9,23.3,45.2,50.4,N
1282,고무나무,Medium,Low,베란다,0,8.0,3.7,59.6,18.7,63.8,63.4,N
1283,스킨답서스,Medium,High,베란다,5,105.0,40.3,41.7,26.1,36.0,46.6,N
1284,몬스테라,Medium,Low,실내,1,76.0,21.0,28.3,22.9,30.4,33.7,N
1285,스투키,Small,High,실내,6,81.0,27.4,62.3,16.6,32.3,42.7,N
1286,스킨답서스,Medium,Low,실내,6,74.0,15.9,69.4,14.3,14.4,21.6,N
1287,몬스테라,Large,High,베란다,2,218.0,31.0,35.6,23.5,99.5,107.9,N
1288,스투키,Medium,Medium,실내,0,46.0,34.1,50.0,19.9,46.1,49.5,N
1289,몬스테라,Large,Medium,실내,2,75.0,8.7,86.7,23.7,29.2,34.6,Y
1290,몬스테라,Medium,High,실내,5,27.0,8.6,61.8,20.0,42.6,51.1,N
1291,스투키,Small,Medium,실내,0,35.0,15.8,70.7,25.6,48.3,51.7,N
1292,몬스테라,Medium,Medium,실내,4,130.0,60.2,74.6,25.0,21.2,28.9,Y
1293,스킨답서스,Large,Medium,베란다,3,15.0,16.5,49.2,23.3,14.2,19.8,N
1294,고무나무,Small,High,베란다,3,25.0,16.1,83.1,19.3,103.8,107.6,Y
1295,산세베리아,Large,Low,실내,1,90.0,13.4,34.1,20.2,27.8,28.3,N
1296,몬스테라,Large,Low,실내,4,5.0,69.1,61.1,21.2,62.7,70.3,N
1297,몬스테라,Medium,Medium,실내,3,16.0,25.5,59.1,18.9,43.6,48.6,N
1298,몬스테라,Small,Low,베란다,6,239.0,47.2,41.8,24.0,42.7,46.1,N
1299,고무나무,Medium,Medium,실내,1,225.0,50.3,46.1,21.0,5.0,13.6,N
1300,고무나무,Small,Low,실내,2,51.0,9.5,47.6,21.5,64.6,66.5,N
1301,몬스테라,Medium,Medium,실내,1,51.0,12.0,37.7,20.4,30.0,34.5,N
1302,필로덴드론,Medium,Low,실내,1,331.0,27.2,38.0,21.9,47.2,48.7,N
1303,몬스테라,Medium,Medium,실내,3,3.0,9.1,51.1,22.5,60.4,67.1,N
1304,스킨답서스,Medium,Low,실내,4,104.0,11.7,49.2,20.4,33.1,36.6,N
1305,고무나무,Medium,Low,실내,1,109.0,17.1,47.1,21.3,104.3,103.1,N
1306,산세베리아,Medium,Low,실내,3,186.0,12.2,65.0,20.6,54.2,61.4,N
1307,고무나무,Medium,High,실내,6,364.0,7.4,46.0,20.6,56.9,65.1,N
1308,산세베리아,Medium,Low,실내,1,53.0,13.7,58.2,22.1,52.1,53.6,N
1309,스투키,Medium,High,실내,1,69.0,23.4,55.0,14.3,,57.9,N
1310,산세베리아,Large,Low,실내,2,134.0,10.1,51.2,26.2,36.0,34.9,N
1311,몬스테라,Medium,Low,실내,5,410.0,14.3,38.6,24.3,86.8,93.0,N
1312,산세베리아,Medium,Medium,베란다,2,266.0,18.4,53.0,22.5,28.7,33.6,N
1313,스킨답서스,Medium,Medium,실내,1,132.0,70.4,47.3,24.5,50.8,53.2,N
1314,산세베리아,Small,High,실내,3,233.0,11.4,66.5,17.9,23.5,29.2,N
1315,스킨답서스,Small,High,실내,1,11.0,55.1,62.7,16.8,59.0,67.0,Y
1316,고무나무,Large,High,실내,0,57.0,2.4,47.9,16.3,83.1,87.1,N
1317,스킨답서스,Medium,Medium,실내,2,2.0,39.1,44.3,23.3,62.3,66.1,N
1318,고무나무,Medium,Medium,베란다,2,23.0,34.1,44.3,22.4,80.6,84.9,N
1319,몬스테라,Medium,Medium,실내,2,119.0,39.0,52.0,23.1,7.7,11.9,N
1320,,Small,High,실내,2,260.0,35.7,67.6,24.8,42.4,48.6,N
1321,스투키,Medium,Medium,베란다,3,120.0,44.6,69.2,14.9,34.1,41.2,N
1322,몬스테라,Medium,Medium,베란다,6,131.0,16.7,23.0,18.4,45.9,55.2,N
1323,산세베리아,Medium,Low,베란다,2,13.0,55.8,73.2,20.0,53.9,58.2,N
1324,몬스테라,Medium,Low,베란다,3,131.0,11.9,53.6,24.0,30.9,34.4,N
1325,필로덴드론,Small,High,베란다,2,73.0,2.8,38.5,22.4,61.8,66.3,N
1326,스투키,Small,Medium,실내,2,126.0,3.7,54.4,29.9,67.8,69.2,N
1327,몬스테라,Large,Medium,실내,1,,25.3,45.1,18.7,78.9,82.7,Y
1328,산세베리아,Medium,Low,실내,3,105.0,31.8,74.8,23.6,36.5,39.2,N
1329,고무나무,Medium,High,베란다,4,66.0,40.6,48.0,24.9,42.9,50.9,N
1330,스킨답서스,Small,Low,베란다,2,98.0,24.6,43.5,26.4,28.2,31.1,N
1331,스킨답서스,Small,High,실내,2,19.0,12.8,80.2,21.4,5.0,7.4,N
1332,고무나무,Medium,Low,실내,2,60.0,39.9,59.8,18.1,78.2,80.6,N
1333,스투키,Medium,High,베란다,4,56.0,22.5,48.9,24.0,52.7,59.5,Y
1334,필로덴드론,Medium,High,베란다,3,160.0,12.3,77.2,22.9,16.2,21.0,N
1335,필로덴드론,Small,Low,실내,3,147.0,30.3,70.7,23.7,17.9,22.6,N
1336,고무나무,Medium,Medium,베란다,1,287.0,22.0,47.6,26.1,63.5,67.6,N
1337,몬스테라,Small,Medium,실내,2,120.0,126.1,45.3,21.3,79.2,90.0,N
1338,고무나무,Small,Low,실내,3,45.0,100.4,56.2,18.9,50.5,57.0,N
1339,몬스테라,Medium,High,실내,4,183.0,11.3,53.1,23.7,55.7,61.2,N
1340,몬스테라,Small,Medium,실내,1,82.0,3.4,46.5,22.9,33.0,38.2,N
1341,스투키,Small,Medium,실내,0,26.0,9.2,54.8,21.0,38.8,40.3,N
1342,스킨답서스,Medium,Low,베란다,1,165.0,4.2,76.0,19.0,75.6,79.7,N
1343,,Medium,Medium,베란다,3,17.0,33.8,67.6,23.0,26.1,31.4,N
1344,고무나무,Large,High,베란다,4,24.0,52.0,59.7,24.6,107.9,115.5,Y
1345,고무나무,Medium,Medium,실내,0,171.0,9.3,50.9,17.2,54.8,55.2,N
1346,스킨답서스,Small,High,실내,3,176.0,49.0,53.5,22.1,35.6,46.4,N
1347,스투키,Small,High,실내,7,188.0,6.7,63.2,23.8,57.4,68.8,Y
1348,스투키,Large,Low,실내,1,42.0,47.9,62.2,27.4,73.6,75.2,N
1349,필로덴드론,Medium,Low,실내,1,242.0,10.8,55.8,22.2,21.7,123.4,N
1350,몬스테라,Medium,High,실내,1,154.0,23.8,68.0,26.7,78.7,85.8,N
1351,산세베리아,Small,Medium,실내,2,215.0,40.7,41.0,24.5,33.4,42.3,N
1352,스킨답서스,Medium,Low,베란다,0,148.0,16.8,66.8,24.6,31.3,33.3,N
1353,스킨답서스,Small,Medium,실내,6,104.0,6.2,62.5,19.6,64.8,72.6,N
1354,고무나무,Medium,Medium,베란다,2,14.0,86.9,37.9,29.4,105.3,112.9,N
1355,스킨답서스,Large,High,실내,3,149.0,6.2,47.1,22.2,33.8,39.9,N
1356,산세베리아,Large,Low,베란다,3,141.0,69.9,73.0,22.6,31.7,37.6,N
1357,필로덴드론,Medium,Low,실내,5,45.0,33.3,61.3,22.1,32.9,35.3,N
1358,스킨답서스,Medium,High,실내,3,160.0,52.5,53.6,25.7,49.8,60.2,N
1359,스투키,Large,High,실내,2,96.0,36.1,58.9,27.9,52.3,58.6,N
1360,스킨답서스,Medium,Medium,베란다,2,98.0,6.5,55.1,24.0,44.9,47.3,N
1361,필로덴드론,Small,High,실내,2,55.0,4.4,59.3,20.8,38.5,42.0,N
1362,몬스테라,Medium,Medium,실내,1,15.0,12.8,66.2,27.1,42.6,49.8,N
1363,고무나무,Small,High,베란다,0,29.0,2.1,76.7,18.2,49.8,55.1,N
1364,고무나무,Medium,Medium,실내,1,176.0,24.6,43.3,19.9,56.2,58.5,N
1365,고무나무,Medium,Low,실내,2,38.0,25.7,69.0,17.8,53.0,56.5,N
1366,몬스테라,Medium,High,실내,1,0.0,18.7,50.5,20.9,74.5,79.8,N
1367,고무나무,Medium,Medium,실내,2,698.0,9.2,40.3,25.0,91.5,99.0,Y
1368,필로덴드론,Small,High,실내,1,28.0,28.4,70.7,21.3,29.5,34.1,N
1369,몬스테라,Medium,Medium,실내,1,128.0,10.8,46.7,22.2,111.1,110.0,N
1370,스투키,Large,High,실내,2,314.0,23.0,67.0,23.1,71.4,77.3,Y
1371,필로덴드론,Medium,High,실내,3,110.0,10.4,67.9,21.3,6.5,12.4,N
1372,몬스테라,Small,Low,베란다,3,193.0,16.1,78.3,18.6,50.0,54.0,N
1373,산세베리아,Large,High,실내,0,449.0,116.9,69.8,17.0,56.2,68.1,N
1374,스킨답서스,Large,Medium,실내,5,236.0,43.4,70.6,25.9,15.3,25.8,N
1375,스투키,Small,High,실내,5,98.0,6.8,69.2,20.1,29.9,40.4,N
1376,산세베리아,Small,Medium,실내,2,54.0,71.1,57.7,19.9,37.1,45.6,N
1377,스킨답서스,Medium,High,실내,3,79.0,35.7,71.3,17.5,18.3,28.4,N
1378,스킨답서스,Large,Medium,실내,4,221.0,17.7,51.8,21.6,35.6,39.0,N
1379,스투키,Large,Low,실내,0,230.0,20.2,47.5,23.6,16.1,17.4,N
1380,스킨답서스,Large,Low,베란다,1,224.0,28.4,62.1,20.9,39.7,42.2,N
1381,몬스테라,Medium,Medium,실내,3,109.0,70.3,69.9,23.1,54.0,62.8,N
1382,스투키,Medium,High,실내,3,78.0,33.0,52.9,16.1,53.0,59.6,N
1383,필로덴드론,Small,Medium,실내,2,45.0,12.6,50.3,22.5,5.0,7.9,N
1384,스투키,Small,Medium,실내,0,0.0,17.7,37.8,20.8,62.0,64.2,N
1385,고무나무,Medium,Medium,베란다,4,174.0,12.9,45.1,17.7,34.1,40.8,N
1386,스투키,Medium,Medium,실내,1,39.0,29.2,46.6,17.1,25.1,22.6,N
1387,산세베리아,Medium,Low,실내,1,48.0,35.1,69.7,19.4,35.2,37.9,N
1388,몬스테라,Medium,High,실내,5,223.0,35.4,50.1,18.4,32.5,41.2,N
1389,필로덴드론,Small,High,실내,4,6.0,56.7,60.8,23.0,26.1,34.8,Y
1390,스킨답서스,Medium,,실내,0,315.0,33.9,37.0,23.3,27.6,32.0,N
1391,스투키,Small,Low,실내,2,0.0,8.7,70.6,22.5,63.6,66.3,N
1392,몬스테라,Medium,Low,실내,3,336.0,58.8,57.8,23.1,75.5,80.3,N
1393,몬스테라,Medium,Medium,실내,1,73.0,20.5,38.8,17.3,55.3,59.5,N
1394,스킨답서스,Medium,Medium,실내,1,13.0,22.7,48.8,23.5,27.4,34.1,N
1395,스투키,Large,High,실내,3,135.0,16.8,45.7,24.0,38.4,47.6,N
1396,산세베리아,Small,Medium,실내,3,271.0,11.5,57.8,22.8,18.6,20.8,N
1397,스킨답서스,Medium,High,실내,2,69.0,12.3,50.7,21.7,38.6,43.1,N
1398,스투키,Small,Medium,베란다,0,141.0,44.9,51.4,19.8,54.1,57.6,N
1399,고무나무,Medium,Medium,실내,3,466.0,24.6,45.0,23.0,73.8,76.4,N
1400,고무나무,Large,Medium,베란다,0,33.0,17.3,40.3,20.9,71.9,80.2,N
1401,몬스테라,Medium,Low,실내,1,206.0,57.5,64.8,24.8,18.6,22.2,N
1402,몬스테라,Large,Medium,베란다,4,42.0,33.9,67.0,22.8,32.2,36.7,N
1403,몬스테라,Small,High,실내,3,67.0,19.0,47.0,21.5,99.0,108.1,Y
1404,,Large,Medium,실내,3,40.0,62.3,61.0,21.0,,79.8,N
1405,고무나무,Small,High,베란다,1,71.0,53.5,44.3,21.5,121.5,127.1,N
1406,스킨답서스,Large,Medium,베란다,3,1.0,17.4,64.4,21.5,25.9,32.6,Y
1407,,Small,Low,실내,1,43.0,14.0,53.4,21.8,40.6,44.5,N
1408,산세베리아,Small,Medium,실내,0,71.0,37.4,46.1,18.1,35.5,40.8,N
1409,스킨답서스,Medium,Medium,실내,1,120.0,16.5,42.7,22.7,57.8,62.5,Y
1410,산세베리아,Large,Medium,베란다,2,122.0,24.8,68.1,22.5,41.4,44.8,N
1411,몬스테라,Small,Low,실내,2,105.0,21.3,38.3,18.5,43.9,43.4,N
1412,몬스테라,Medium,Medium,실내,4,42.0,25.5,54.1,22.7,22.6,26.7,N
1413,스투키,Large,Low,베란다,3,353.0,66.1,32.0,22.0,49.0,52.7,N
1414,몬스테라,Medium,Low,베란다,2,60.0,25.1,43.4,19.5,54.7,54.1,N
1415,스킨답서스,Small,Medium,실내,5,29.0,40.8,39.7,23.8,46.0,57.6,N
1416,필로덴드론,Medium,Medium,실내,4,97.0,26.5,25.6,26.0,44.6,49.1,N
1417,몬스테라,Medium,High,베란다,2,166.0,24.6,48.6,20.3,36.7,42.6,N
1418,몬스테라,Large,Medium,실내,2,1.0,9.2,51.0,22.3,45.4,49.7,N
1419,스킨답서스,Medium,High,베란다,0,39.0,4.3,40.9,25.7,29.5,34.6,N
1420,필로덴드론,Medium,Medium,실내,2,209.0,12.2,47.7,15.4,35.1,40.3,N
1421,스투키,Large,High,실내,3,85.0,3.0,52.2,27.7,52.0,58.3,N
1422,스킨답서스,Medium,Medium,실내,0,63.0,12.8,32.3,22.2,51.8,59.1,N
1423,몬스테라,Small,High,실내,1,321.0,24.9,55.4,24.3,,72.0,N
1424,몬스테라,Small,Medium,베란다,1,11.0,15.4,62.2,16.9,58.5,62.9,N
1425,필로덴드론,Medium,High,실내,3,115.0,3.7,58.5,17.9,,71.8,Y
1426,필로덴드론,Small,Medium,실내,2,50.0,136.1,58.8,19.1,7.7,17.8,N
1427,몬스테라,Large,Low,실내,3,9.0,22.0,53.2,18.8,50.9,55.7,N
1428,필로덴드론,Medium,Medium,실내,1,29.0,21.6,59.2,15.0,36.8,39.9,N
1429,고무나무,Small,Low,실내,4,119.0,54.2,67.8,18.4,53.6,56.9,N
1430,산세베리아,Medium,Medium,실내,1,3.0,48.4,85.2,19.5,35.6,43.6,N
1431,스킨답서스,Medium,Low,실내,1,108.0,21.6,42.6,17.7,66.6,67.4,N
1432,스킨답서스,Large,Medium,베란다,1,377.0,23.4,45.0,26.5,43.6,47.5,N
1433,스킨답서스,Large,High,베란다,1,190.0,78.5,43.4,23.9,11.1,19.1,N
1434,고무나무,Medium,Medium,실내,2,51.0,21.9,70.3,19.8,142.0,146.6,Y
1435,몬스테라,Medium,High,실내,1,18.0,46.4,73.7,23.7,34.7,41.8,Y
1436,몬스테라,Medium,Medium,실내,4,75.0,14.3,64.1,23.0,5.5,11.4,N
1437,스투키,Medium,Medium,실내,3,60.0,10.3,39.1,16.8,53.5,56.7,N
1438,고무나무,Small,High,베란다,0,428.0,34.3,51.4,23.3,93.6,97.6,Y
1439,몬스테라,Small,High,실내,3,551.0,45.9,59.2,20.7,98.0,108.0,Y
1440,고무나무,Medium,High,실내,3,63.0,7.4,59.1,24.1,16.6,23.2,N
1441,필로덴드론,Small,Medium,실내,4,19.0,33.2,78.2,18.8,60.1,67.8,N
1442,몬스테라,Small,Medium,실내,1,290.0,14.8,67.7,23.6,96.5,101.8,N
1443,고무나무,Medium,Low,실내,4,189.0,1.7,67.2,25.2,25.8,30.0,N
1444,스킨답서스,Small,Medium,실내,2,86.0,7.9,49.9,23.2,71.5,74.3,N
1445,산세베리아,Medium,Medium,실내,1,55.0,16.9,60.0,16.6,30.8,35.1,N
1446,몬스테라,Medium,High,베란다,3,71.0,45.6,35.3,29.4,50.6,59.9,N
1447,고무나무,Large,High,베란다,6,279.0,37.5,56.0,23.8,90.8,98.9,N
1448,산세베리아,Medium,Medium,베란다,4,24.0,7.0,57.1,21.3,35.6,37.8,N
1449,필로덴드론,Small,Low,베란다,2,197.0,34.7,40.0,23.9,29.6,33.7,N
1450,고무나무,Medium,High,실내,0,2.0,11.1,51.4,28.3,37.7,39.9,N
1451,스킨답서스,Large,Low,베란다,3,304.0,32.3,72.6,17.8,73.4,76.1,N
1452,고무나무,Large,Medium,실내,2,83.0,12.0,54.5,25.3,67.4,72.1,N
1453,산세베리아,Medium,Low,실내,2,31.0,74.5,62.5,21.5,25.7,30.1,N
1454,스킨답서스,Small,Medium,베란다,3,0.0,13.1,83.7,21.0,64.8,69.7,N
1455,몬스테라,Large,High,실내,1,98.0,17.8,49.5,21.2,70.9,78.7,N
1456,필로덴드론,Small,Low,베란다,1,34.0,11.1,65.2,15.7,12.0,13.5,N
1457,고무나무,Medium,Medium,실내,1,120.0,35.1,52.8,23.4,39.2,44.3,N
1458,고무나무,Medium,Medium,베란다,4,40.0,10.7,68.3,14.7,46.1,50.7,N
1459,몬스테라,Small,High,실내,1,,3.7,54.5,20.4,49.2,55.2,N
1460,고무나무,Small,High,실내,3,84.0,30.6,67.7,20.5,52.4,60.8,N
1461,스투키,Small,Low,실내,4,100.0,29.7,71.5,20.9,,51.2,N
1462,고무나무,Medium,Low,베란다,1,72.0,8.9,52.6,15.5,89.6,91.8,Y
1463,몬스테라,Large,Medium,실내,2,74.0,11.4,67.6,24.7,30.7,35.5,N
1464,고무나무,Small,Medium,실내,1,107.0,19.4,34.4,16.5,53.2,56.9,N
1465,필로덴드론,Large,Medium,실내,2,90.0,36.4,56.5,19.2,5.0,13.6,N
1466,몬스테라,Small,Low,실내,2,17.0,87.8,70.7,20.4,51.8,57.3,N
1467,필로덴드론,Medium,Low,실내,2,26.0,36.2,83.6,21.1,29.3,32.4,N
1468,스킨답서스,Small,Medium,실내,2,18.0,39.4,39.9,23.1,52.6,56.4,N
1469,,Large,Low,베란다,0,142.0,66.0,41.5,22.1,36.9,35.7,N
1470,산세베리아,Medium,High,실내,1,90.0,41.0,48.7,27.8,50.5,57.0,N
1471,스킨답서스,Medium,Low,실내,0,67.0,72.4,57.0,23.0,50.1,52.9,N
1472,고무나무,Large,Low,실내,4,192.0,25.6,47.2,22.8,102.8,100.4,N
1473,산세베리아,Medium,High,실내,3,47.0,29.9,65.7,20.3,45.6,52.4,N
1474,스킨답서스,Large,Medium,실내,2,101.0,11.3,51.6,22.9,,45.0,N
1475,스투키,Medium,High,베란다,2,9.0,9.2,46.4,20.5,38.5,47.1,N
1476,고무나무,Large,Low,실내,1,164.0,15.3,42.5,20.6,30.7,32.7,N
1477,산세베리아,Medium,Medium,실내,3,143.0,42.1,55.7,31.5,31.5,40.5,N
1478,산세베리아,Small,High,실내,7,195.0,43.7,60.5,26.6,32.5,46.1,N
1479,산세베리아,Medium,Medium,실내,2,259.0,23.7,65.9,19.4,42.0,48.8,N
1480,스킨답서스,Small,High,실내,1,170.0,51.4,50.4,23.9,41.9,53.5,N
1481,산세베리아,Medium,Medium,실내,2,223.0,16.7,60.7,22.8,39.5,45.6,N
1482,몬스테라,Medium,Medium,베란다,4,51.0,8.2,73.9,20.0,53.5,65.5,N
1483,스킨답서스,Medium,Medium,실내,2,50.0,36.5,69.8,28.3,16.8,23.5,N
1484,몬스테라,Small,Medium,실내,2,347.0,28.8,50.0,21.4,87.2,94.7,N
1485,스투키,Small,Low,실내,2,295.0,29.5,63.2,26.2,50.2,52.6,N
1486,스투키,Medium,Medium,실내,2,95.0,74.4,52.8,20.0,40.9,45.4,N
1487,스투키,Large,Medium,베란다,4,55.0,29.3,49.8,25.3,34.6,36.3,N
1488,고무나무,Medium,Medium,실내,4,241.0,47.2,43.8,26.0,83.8,93.1,N
1489,스투키,Medium,High,베란다,3,47.0,0.5,76.3,19.1,49.8,54.6,Y
1490,스킨답서스,Medium,Medium,실내,2,20.0,28.7,46.5,21.0,17.2,21.6,N
1491,스투키,Medium,High,실내,0,122.0,6.3,53.1,21.7,36.0,38.3,N
1492,스투키,Small,Medium,실내,4,5.0,20.3,32.1,26.9,42.1,47.0,N
1493,스투키,Medium,Medium,실내,1,57.0,15.8,68.2,26.7,37.0,43.9,N
1494,몬스테라,Small,High,실내,1,198.0,64.3,54.6,20.8,52.4,58.5,N
1495,고무나무,Large,,실내,2,42.0,66.9,69.3,20.8,66.4,74.3,Y
1496,고무나무,Small,Medium,실내,3,321.0,71.2,59.2,22.7,23.0,31.9,N
1497,고무나무,Medium,Low,실내,3,374.0,27.4,56.6,17.3,42.3,42.8,N
1498,스킨답서스,Small,Medium,실내,3,203.0,2.3,65.1,25.8,22.4,28.1,N
1499,스투키,Small,Medium,실내,1,527.0,33.2,54.9,19.4,68.4,70.6,N
1500,산세베리아,Medium,High,베란다,2,91.0,17.3,32.9,22.3,35.0,40.6,N
1501,스킨답서스,Small,Medium,실내,1,101.0,26.4,58.2,26.2,5.0,8.4,N
1502,스킨답서스,Small,High,베란다,2,217.0,10.0,68.3,23.3,15.1,20.5,N
1503,몬스테라,Medium,Medium,실내,2,81.0,63.4,44.6,20.8,92.6,100.6,N
1504,,Small,Medium,실내,1,63.0,41.4,29.7,18.9,46.6,49.7,N
1505,스투키,Small,Medium,실내,4,114.0,20.2,46.4,21.8,21.2,26.2,N
1506,스투키,Large,High,실내,1,129.0,12.2,58.9,21.1,63.7,64.9,Y
1507,스킨답서스,Medium,High,실내,3,167.0,45.2,40.9,29.9,39.9,46.4,N
1508,스킨답서스,Large,Low,실내,0,132.0,51.6,53.6,19.6,5.0,9.3,N
1509,고무나무,Large,Medium,실내,2,164.0,17.3,59.9,20.4,56.5,60.2,N
1510,산세베리아,Medium,Medium,실내,2,135.0,12.6,44.5,19.0,28.3,34.4,N
1511,산세베리아,Small,Low,베란다,3,79.0,27.5,70.5,21.2,24.3,25.9,N
1512,고무나무,Medium,Medium,실내,1,17.0,32.2,63.1,23.6,97.2,100.1,N
1513,필로덴드론,Large,High,실내,1,185.0,8.5,42.9,19.2,25.8,32.2,Y
1514,몬스테라,Medium,Medium,실내,5,4.0,48.2,63.4,23.1,46.0,54.9,N
1515,몬스테라,Medium,High,베란다,2,587.0,20.8,45.1,18.4,35.8,38.8,N
1516,몬스테라,Small,Medium,실내,1,212.0,56.7,48.8,24.8,87.2,91.7,N
1517,고무나무,Large,Medium,실내,2,133.0,57.4,55.5,20.6,56.2,64.4,N
1518,산세베리아,Medium,Low,베란다,2,408.0,54.0,64.9,21.0,24.2,27.6,N
1519,스투키,Large,High,베란다,2,114.0,5.9,54.5,26.2,17.8,25.3,N
1520,필로덴드론,Small,High,실내,4,7.0,7.7,60.0,20.7,23.3,28.0,N
1521,몬스테라,Small,Medium,실내,0,98.0,43.5,72.2,23.2,84.9,91.5,N
1522,필로덴드론,Small,Low,베란다,1,39.0,43.4,58.1,24.1,40.4,41.0,N
1523,스투키,Medium,Low,베란다,4,55.0,9.1,47.4,25.9,77.1,81.0,N
1524,몬스테라,Small,Low,실내,3,74.0,23.0,63.4,23.0,51.9,57.1,N
1525,스킨답서스,Small,Medium,실내,2,179.0,50.1,48.4,21.0,21.0,27.4,N
1526,스투키,Large,High,실내,4,84.0,36.0,51.5,20.4,45.6,55.8,N
1527,스투키,Small,Low,실내,1,77.0,42.8,61.8,22.9,35.6,40.6,N
1528,스투키,Large,High,실내,3,43.0,32.0,62.0,19.7,39.5,48.2,N
1529,산세베리아,Medium,Medium,실내,2,93.0,37.2,52.8,23.6,33.1,37.9,N
1530,스킨답서스,Large,Medium,베란다,2,34.0,24.0,51.2,22.6,35.4,39.7,N
1531,스투키,Medium,High,베란다,0,36.0,20.5,76.9,18.5,21.1,23.3,N
1532,고무나무,Large,Low,실내,1,170.0,26.9,28.7,18.3,122.0,122.1,N
1533,고무나무,Large,High,실내,2,50.0,48.3,59.4,22.2,50.4,60.9,N
1534,스투키,Small,Low,실내,3,6.0,15.9,55.2,21.1,43.4,47.7,N
1535,스킨답서스,Small,Medium,실내,2,51.0,18.5,49.9,24.4,24.7,32.1,N
1536,몬스테라,Small,High,실내,3,122.0,8.5,58.5,19.2,58.6,66.1,N
1537,몬스테라,Medium,High,실내,3,202.0,20.6,43.3,24.2,57.1,63.5,N
1538,고무나무,Large,Medium,실내,2,392.0,8.7,39.4,24.3,63.0,64.7,N
1539,몬스테라,Medium,Medium,실내,5,165.0,53.6,67.5,18.5,55.3,63.0,N
1540,스킨답서스,Medium,High,베란다,0,67.0,22.5,46.9,21.3,33.3,38.7,N
1541,고무나무,Small,High,실내,3,43.0,10.3,53.5,26.1,99.7,104.7,Y
1542,몬스테라,Large,Low,실내,1,17.0,48.7,27.9,23.2,40.7,46.5,N
1543,,Large,High,베란다,1,119.0,10.5,34.2,21.7,45.7,49.3,N
1544,스투키,Small,Medium,실내,3,86.0,7.3,58.0,24.6,,40.7,N
1545,필로덴드론,Medium,Medium,실내,0,136.0,3.4,68.0,20.5,67.7,69.2,N
1546,스킨답서스,Small,Medium,실내,5,32.0,4.3,46.8,21.0,59.2,65.9,N
1547,산세베리아,Medium,Medium,베란다,2,47.0,21.9,74.6,22.5,39.0,47.1,N
1548,스킨답서스,Medium,High,실내,2,41.0,23.9,70.4,26.3,25.3,31.8,Y
1549,몬스테라,Small,Medium,실내,1,192.0,37.5,65.6,19.2,109.9,113.3,N
1550,고무나무,Medium,High,실내,2,23.0,27.2,68.0,23.4,22.2,31.5,N
1551,필로덴드론,Small,Low,실내,4,113.0,26.1,70.8,20.8,10.3,16.5,N
1552,고무나무,Medium,High,실내,5,6.0,9.7,48.8,25.7,96.0,104.2,Y
1553,산세베리아,Medium,High,실내,0,96.0,50.2,49.3,24.3,14.4,17.0,N
1554,산세베리아,Small,Medium,베란다,0,8.0,30.9,63.4,21.8,43.8,46.2,Y
1555,스투키,Medium,Medium,베란다,1,23.0,20.9,40.1,23.8,44.1,49.4,N
1556,몬스테라,Medium,Medium,실내,2,14.0,28.3,59.0,20.3,40.0,47.5,N
1557,고무나무,Medium,High,실내,3,51.0,40.3,60.5,20.1,40.5,49.1,N
1558,스킨답서스,Small,High,실내,1,51.0,8.7,63.4,29.6,33.9,37.9,N
1559,산세베리아,Medium,Low,베란다,3,210.0,13.3,61.9,20.9,22.2,24.2,N
1560,필로덴드론,Large,High,실내,0,31.0,2.5,39.5,22.5,17.7,22.0,N
1561,스투키,Small,Medium,실내,2,11.0,23.3,34.5,20.8,58.5,61.2,N
1562,스투키,Small,Medium,베란다,2,111.0,34.1,55.8,18.1,49.6,53.8,N
1563,산세베리아,Small,High,베란다,3,140.0,31.4,84.3,18.9,26.8,37.3,N
1564,스투키,Medium,Medium,실내,2,42.0,40.6,43.5,23.0,27.7,35.3,N
1565,산세베리아,Small,High,베란다,3,111.0,38.3,51.1,17.8,,43.1,N
1566,스킨답서스,Medium,Medium,베란다,6,180.0,24.4,58.6,19.9,5.0,11.7,N
1567,고무나무,Medium,Low,실내,4,51.0,36.3,48.5,24.0,53.0,54.7,N
1568,몬스테라,Medium,Medium,실내,3,89.0,67.5,62.9,22.7,63.9,74.6,N
1569,,Medium,Low,베란다,1,19.0,47.4,63.5,20.8,67.5,72.1,N
1570,스킨답서스,Medium,High,실내,4,3.0,45.0,73.5,20.7,51.9,63.6,N
1571,스킨답서스,Medium,Medium,실내,2,478.0,17.4,61.6,18.9,22.8,28.8,N
1572,몬스테라,Small,Medium,실내,2,43.0,19.0,51.0,28.7,54.8,63.1,N
1573,고무나무,Small,Low,베란다,2,39.0,51.4,65.4,19.1,35.8,40.9,N
1574,산세베리아,Large,Medium,베란다,2,435.0,8.3,54.5,25.0,,44.0,N
1575,몬스테라,Small,High,실내,1,156.0,26.1,50.5,15.4,5.0,11.0,N
1576,몬스테라,Medium,Low,베란다,1,106.0,47.2,50.0,24.6,52.9,56.5,N
1577,몬스테라,Large,Medium,베란다,2,144.0,26.6,49.1,24.9,43.0,51.1,N
1578,고무나무,Small,High,베란다,4,149.0,22.1,68.1,19.2,139.8,150.5,Y
1579,고무나무,Medium,Medium,실내,3,173.0,40.4,67.9,20.1,66.7,76.3,Y
1580,스킨답서스,Medium,High,실내,0,8.0,34.0,58.4,25.2,46.9,47.7,N
1581,스투키,Large,Low,실내,4,64.0,44.7,49.7,18.6,30.1,34.1,N
1582,스투키,Large,Medium,실내,1,42.0,87.8,57.3,23.3,48.8,54.2,N
1583,스킨답서스,Medium,High,실내,3,9.0,20.1,46.2,20.0,33.7,44.5,N
1584,스킨답서스,Small,High,베란다,3,64.0,37.8,53.9,24.7,84.6,91.3,N
1585,필로덴드론,Medium,Medium,실내,1,115.0,20.3,36.9,27.6,32.3,37.4,N
1586,몬스테라,Medium,Medium,베란다,2,24.0,8.6,53.6,19.0,36.1,44.2,N
1587,고무나무,Medium,Medium,실내,6,44.0,22.5,65.5,23.8,64.1,72.7,N
1588,스킨답서스,Small,Low,실내,3,122.0,6.2,48.6,24.9,76.6,78.7,N
1589,스킨답서스,Small,High,실내,2,104.0,10.2,67.3,16.0,52.6,58.4,N
1590,고무나무,Medium,Medium,실내,3,244.0,36.8,62.4,25.0,42.3,45.9,N
1591,고무나무,Medium,Medium,실내,1,188.0,34.3,60.2,23.1,19.7,21.3,N
1592,필로덴드론,Small,High,베란다,1,404.0,58.6,48.2,23.9,48.0,56.6,Y
1593,몬스테라,Medium,Medium,실내,0,109.0,51.7,44.1,16.5,24.0,23.8,N
1594,몬스테라,Large,Medium,실내,5,144.0,13.1,67.0,24.2,95.1,101.7,N
1595,고무나무,Medium,High,실내,4,236.0,40.9,40.9,21.5,94.1,103.3,Y
1596,스킨답서스,Small,High,실내,3,220.0,34.0,50.3,18.6,48.5,60.4,N
1597,스투키,Small,Medium,실내,4,152.0,16.9,58.0,24.1,52.4,59.5,N
1598,몬스테라,Small,Low,실내,2,83.0,28.7,84.0,24.4,,24.7,N
1599,몬스테라,Large,Low,실내,0,38.0,12.3,63.6,21.8,45.2,48.7,N
1600,산세베리아,Medium,Medium,베란다,3,252.0,55.4,47.1,23.1,53.1,60.7,N
1601,몬스테라,Medium,Medium,실내,2,180.0,35.5,54.8,21.5,36.9,40.1,N
1602,스투키,Medium,High,베란다,1,218.0,59.5,52.2,17.9,43.9,52.0,N
1603,스투키,Medium,High,실내,2,18.0,25.2,58.9,21.6,53.3,60.0,N
1604,스투키,Large,High,베란다,2,,12.3,67.0,25.6,47.1,52.8,N
1605,몬스테라,Medium,Medium,실내,2,66.0,4.0,47.6,25.6,23.6,28.3,N
1606,스킨답서스,Small,High,실내,0,219.0,14.3,57.3,19.5,45.1,50.8,N
1607,몬스테라,Small,Medium,실내,3,268.0,14.1,66.7,22.7,69.2,75.1,N
1608,산세베리아,Medium,Low,베란다,6,40.0,40.8,40.6,22.2,29.4,32.2,N
1609,스투키,Large,Low,실내,4,139.0,29.7,53.3,23.5,47.6,48.6,N
1610,스킨답서스,Small,Medium,실내,1,10.0,46.3,50.6,22.2,30.8,35.2,N
1611,산세베리아,Large,High,실내,4,,16.2,54.8,24.2,48.0,54.9,N
1612,고무나무,Medium,Low,실내,3,80.0,49.6,28.4,20.8,51.9,56.8,N
1613,스킨답서스,Small,Low,실내,1,174.0,21.7,46.6,25.3,24.6,29.6,N
1614,스투키,Small,High,실내,1,267.0,13.2,29.7,20.4,57.6,65.3,N
1615,스투키,Small,Low,실내,2,49.0,4.3,42.2,22.6,73.8,74.8,N
1616,고무나무,Medium,High,실내,4,90.0,8.0,56.6,24.0,69.9,73.7,N
1617,필로덴드론,Small,Medium,실내,3,125.0,14.8,59.9,22.7,28.1,33.4,N
1618,고무나무,Medium,Low,실내,2,48.0,28.2,50.3,15.0,30.7,35.9,N
1619,스킨답서스,Medium,High,실내,2,508.0,12.6,29.6,22.9,21.2,25.8,N
1620,고무나무,Medium,Low,베란다,0,250.0,91.6,48.0,24.1,84.4,88.5,N
1621,스킨답서스,Small,Medium,실내,1,42.0,39.2,39.9,22.9,27.3,31.7,N
1622,몬스테라,Medium,Medium,베란다,1,,9.7,51.9,24.8,61.1,67.6,N
1623,스킨답서스,Medium,Low,실내,2,31.0,16.9,56.2,25.5,48.4,55.7,Y
1624,필로덴드론,Medium,Low,베란다,3,87.0,18.9,35.7,19.9,45.5,50.0,Y
1625,몬스테라,Large,Low,실내,2,138.0,31.3,50.4,16.9,37.6,42.1,N
1626,고무나무,Small,Low,실내,2,11.0,4.5,28.6,18.4,50.6,50.1,N
1627,몬스테라,Large,High,실내,1,245.0,72.1,52.7,22.2,27.0,34.5,N
1628,스킨답서스,Medium,Medium,베란다,3,108.0,87.6,52.6,23.8,35.2,45.8,N
1629,몬스테라,Medium,Medium,실내,1,548.0,34.2,36.9,21.6,63.1,68.4,N
1630,스킨답서스,Medium,Medium,실내,3,3.0,58.3,37.6,17.9,5.0,13.3,N
1631,산세베리아,Medium,High,실내,2,214.0,29.2,76.2,22.9,30.2,33.4,N
1632,스투키,Small,High,실내,3,188.0,19.3,59.1,22.0,49.5,52.2,N
1633,고무나무,Medium,High,실내,3,17.0,10.2,46.6,22.5,10.4,20.7,Y
1634,산세베리아,Medium,High,실내,5,49.0,33.5,51.0,27.4,51.0,60.7,N
1635,필로덴드론,Medium,Medium,실내,3,259.0,25.2,40.7,24.5,9.1,11.4,N
1636,스투키,Small,Medium,실내,1,88.0,41.8,57.7,21.6,85.0,89.6,N
1637,스투키,Large,Medium,베란다,0,62.0,11.5,53.6,18.0,47.2,46.9,N
1638,몬스테라,Medium,Medium,실내,1,283.0,38.2,63.8,26.0,60.9,63.3,N
1639,필로덴드론,Small,Medium,실내,1,12.0,16.1,67.3,16.7,35.9,38.0,N
1640,필로덴드론,Medium,Medium,베란다,3,77.0,11.2,71.2,21.2,34.7,36.8,N
1641,스킨답서스,Medium,High,실내,0,127.0,15.0,65.3,18.4,91.3,88.1,N
1642,산세베리아,Medium,High,실내,0,113.0,13.1,52.4,20.8,34.1,39.1,N
1643,스킨답서스,Medium,Medium,베란다,1,37.0,31.8,38.7,21.7,36.7,39.9,N
1644,고무나무,Large,High,실내,3,99.0,41.1,51.5,18.1,51.3,61.6,N
1645,몬스테라,Small,Medium,실내,5,148.0,6.4,54.4,14.7,46.4,52.8,N
1646,산세베리아,Medium,Low,베란다,3,106.0,14.2,59.7,19.1,17.2,16.6,N
1647,몬스테라,Large,Medium,베란다,2,138.0,37.8,48.3,17.9,85.9,91.3,N
1648,산세베리아,Large,Medium,실내,1,35.0,42.6,40.6,19.1,26.4,34.2,N
1649,산세베리아,Medium,Low,실내,5,215.0,29.8,58.1,21.2,35.1,39.4,N
1650,고무나무,Large,High,실내,0,72.0,23.3,84.0,26.6,83.4,86.1,N
1651,몬스테라,Small,Medium,실내,2,523.0,11.9,72.1,20.2,89.3,90.6,N
1652,·정보없음,Large,Medium,실내,3,3.0,7.4,69.3,20.4,46.9,50.5,N
1653,스투키,Small,Low,실내,4,57.0,19.1,50.6,21.7,74.3,75.7,N
1654,스투키,Small,Low,베란다,4,24.0,19.5,46.0,24.0,42.5,45.3,N
1655,몬스테라,Small,High,베란다,0,97.0,22.8,64.1,23.7,,37.0,N
1656,필로덴드론,Medium,Medium,실내,4,33.0,32.3,70.1,16.2,63.2,67.6,N
1657,스킨답서스,Small,High,실내,0,160.0,31.0,51.9,18.9,83.0,88.8,N
1658,스투키,Small,High,실내,2,256.0,36.8,48.0,25.3,17.8,25.2,N
1659,스투키,Small,Medium,실내,3,28.0,24.3,48.6,20.4,28.6,33.5,Y
1660,스킨답서스,Small,Medium,실내,3,21.0,11.6,57.6,24.9,32.0,34.4,N
1661,고무나무,Medium,High,베란다,3,250.0,75.5,54.2,24.2,77.6,91.5,N
1662,스킨답서스,Medium,High,실내,5,54.0,8.7,55.2,15.3,35.1,47.8,N
1663,필로덴드론,Small,Medium,베란다,0,68.0,11.8,69.9,17.0,55.4,55.5,N
1664,스킨답서스,Medium,High,실내,3,30.0,30.6,65.4,21.0,58.6,68.0,N
1665,필로덴드론,Large,High,실내,3,66.0,15.9,52.9,23.2,37.1,41.5,Y
1666,산세베리아,Medium,Medium,실내,3,32.0,59.2,55.0,21.2,32.5,40.9,N
1667,몬스테라,Small,Medium,실내,1,132.0,24.5,67.2,21.4,102.2,101.4,Y
1668,필로덴드론,Medium,High,베란다,6,83.0,36.3,61.3,22.1,17.9,27.9,N
1669,몬스테라,Small,Medium,베란다,2,186.0,21.3,74.8,21.7,43.1,48.1,N
1670,산세베리아,Small,Low,실내,0,45.0,5.7,63.1,21.9,22.8,24.9,Y
1671,스투키,Small,Medium,실내,2,85.0,100.0,58.1,14.9,58.6,65.2,N
1672,산세베리아,Large,Low,실내,0,36.0,29.4,49.1,21.1,19.1,22.4,N
1673,산세베리아,Small,Low,베란다,3,327.0,11.6,36.2,21.0,44.6,47.4,N
1674,산세베리아,Small,High,베란다,1,89.0,23.2,67.7,18.8,7.3,9.5,Y
1675,산세베리아,Small,Low,실내,2,23.0,41.9,67.9,19.7,41.1,42.3,N
1676,스투키,Large,Low,실내,2,38.0,4.4,71.4,17.0,52.3,57.9,Y
1677,몬스테라,Medium,Medium,실내,4,10.0,24.6,40.4,23.2,43.4,50.2,N
1678,스킨답서스,Small,Medium,실내,5,3.0,19.0,59.6,18.5,34.0,40.1,N
1679,몬스테라,Medium,Medium,실내,0,90.0,9.0,46.9,21.6,67.8,67.2,N
1680,고무나무,Medium,Low,실내,3,49.0,42.6,53.8,20.5,71.5,74.3,Y
1681,스투키,Medium,Low,베란다,2,398.0,12.3,36.3,21.4,31.1,34.0,N
1682,필로덴드론,Small,Low,실내,3,23.0,55.7,46.9,24.7,5.0,10.1,N
1683,고무나무,Large,Medium,실내,3,190.0,16.3,53.8,19.8,,64.4,N
1684,산세베리아,Small,Medium,베란다,3,46.0,38.1,59.7,21.7,21.8,26.7,N
1685,몬스테라,Medium,High,실내,1,30.0,30.2,64.0,23.9,58.7,60.5,N
1686,산세베리아,Small,Medium,실내,2,419.0,27.8,74.1,22.5,57.7,62.5,N
1687,필로덴드론,Medium,Low,실내,1,195.0,23.5,53.6,19.6,,21.4,N
1688,스킨답서스,Medium,High,실내,0,120.0,26.7,49.4,17.3,48.0,50.6,N
1689,고무나무,Medium,Medium,실내,3,143.0,37.8,59.2,19.5,61.2,67.1,N
1690,산세베리아,Small,Medium,실내,3,570.0,57.2,58.7,22.5,10.7,18.2,N
1691,몬스테라,Medium,Medium,베란다,2,108.0,15.9,41.6,21.9,50.8,55.8,N
1692,스킨답서스,Small,Medium,실내,0,13.0,89.5,40.4,23.9,,41.5,N
1693,스투키,Medium,High,베란다,2,8.0,46.3,82.5,21.0,15.6,18.4,N
1694,몬스테라,Large,High,실내,5,132.0,34.0,58.3,19.7,5.0,15.9,Y
1695,스투키,Medium,Medium,베란다,3,129.0,32.2,64.6,17.5,39.3,42.1,N
1696,몬스테라,Medium,Medium,실내,0,,2.8,61.8,18.4,10.1,10.1,N
1697,몬스테라,Medium,Medium,실내,3,14.0,87.0,60.7,18.9,17.9,28.8,N
1698,몬스테라,Medium,High,실내,2,348.0,39.9,70.2,25.9,50.3,55.1,N
1699,필로덴드론,Large,High,실내,4,96.0,11.1,81.8,18.5,74.4,83.6,Y
1700,스킨답서스,Small,Low,실내,1,126.0,6.1,61.7,18.5,30.4,31.1,N
1701,필로덴드론,Medium,Low,베란다,2,4.0,40.5,56.4,19.9,5.0,11.4,N
1702,스킨답서스,Medium,Medium,실내,2,389.0,16.6,67.2,25.1,70.7,72.4,Y
1703,스투키,Medium,,실내,2,99.0,22.8,52.3,23.4,63.0,65.7,N
1704,스킨답서스,Small,Medium,실내,1,99.0,22.1,40.6,21.2,15.9,14.2,N
1705,스킨답서스,Medium,Low,베란다,4,345.0,22.7,62.8,17.3,29.8,33.8,N
1706,몬스테라,Large,Medium,실내,4,318.0,5.2,44.1,21.6,37.0,39.1,N
1707,고무나무,Large,High,베란다,1,30.0,51.8,45.6,24.1,43.3,49.8,N
1708,몬스테라,Medium,High,베란다,3,321.0,16.1,39.8,25.7,40.6,45.6,N
1709,고무나무,Medium,Medium,실내,1,160.0,19.8,24.9,15.0,94.8,102.2,N
1710,고무나무,Large,Medium,실내,2,2.0,13.3,39.2,19.2,58.5,61.9,N
1711,몬스테라,Small,High,베란다,3,33.0,43.6,56.3,21.8,42.6,54.5,N
1712,몬스테라,Small,Low,실내,2,64.0,13.0,69.4,25.2,74.4,74.9,N
1713,산세베리아,Medium,Medium,실내,1,105.0,9.9,48.6,17.5,9.8,6.4,N
1714,스킨답서스,Large,Medium,베란다,2,145.0,38.5,46.7,18.2,76.5,83.5,N
1715,몬스테라,Large,Low,베란다,3,28.0,19.2,54.2,20.1,69.3,70.1,N
1716,필로덴드론,Medium,,베란다,2,217.0,31.7,54.1,17.3,18.6,26.0,N
1717,몬스테라,Small,Low,실내,0,224.0,15.2,54.3,15.6,39.6,41.0,N
1718,고무나무,Medium,Medium,실내,0,121.0,10.1,67.7,27.8,44.2,256.2,Y
1719,필로덴드론,Small,Medium,실내,1,305.0,17.6,51.3,20.7,37.3,42.8,N
1720,스투키,Small,Medium,실내,2,201.0,46.5,49.1,19.5,43.3,53.7,N
1721,몬스테라,Medium,Low,실내,1,30.0,17.4,55.2,17.9,42.4,46.7,N
1722,몬스테라,Small,High,실내,3,192.0,49.3,62.8,21.4,28.4,37.7,Y
1723,스투키,Large,Medium,실내,1,367.0,16.5,89.4,19.8,39.7,45.1,N
1724,몬스테라,Medium,Medium,베란다,5,18.0,33.9,76.0,23.8,41.6,50.8,N
1725,고무나무,Medium,Medium,베란다,1,462.0,21.8,58.0,18.2,113.7,118.6,N
1726,몬스테라,Small,Medium,베란다,2,3.0,16.7,48.9,21.4,82.5,91.0,N
1727,스킨답서스,Small,Low,실내,1,89.0,11.1,54.0,21.3,33.4,35.0,N
1728,필로덴드론,Small,High,실내,3,178.0,15.9,46.9,23.1,57.8,64.9,N
1729,산세베리아,Large,Low,베란다,4,188.0,26.0,57.6,20.9,29.9,32.6,N
1730,고무나무,Large,Low,실내,2,159.0,5.3,58.9,23.2,97.1,105.0,N
1731,스투키,Medium,High,실내,2,90.0,10.3,62.3,22.3,28.5,33.2,N
1732,고무나무,Small,Low,실내,1,126.0,33.3,31.4,24.0,62.9,66.3,N
1733,스킨답서스,Large,Medium,실내,4,144.0,7.6,44.5,23.2,10.6,14.3,N
1734,스킨답서스,Small,Medium,실내,1,82.0,24.1,72.4,20.9,52.3,55.5,N
1735,몬스테라,Small,Medium,베란다,4,109.0,40.0,41.8,26.4,73.0,82.2,N
1736,산세베리아,Medium,High,베란다,2,225.0,57.3,45.8,19.9,47.2,55.3,N
1737,스킨답서스,Large,Medium,실내,4,45.0,4.0,51.1,26.1,39.3,47.1,N
1738,몬스테라,Small,Medium,실내,1,89.0,25.0,72.1,24.7,59.6,65.3,N
1739,스투키,Small,High,베란다,2,1.0,73.0,63.0,23.5,40.1,49.3,N
1740,스킨답서스,Large,Medium,실내,3,140.0,59.5,51.7,21.5,49.0,54.6,N
1741,산세베리아,Small,Medium,실내,4,26.0,6.0,49.5,19.6,61.1,67.2,N
1742,고무나무,Small,Medium,베란다,5,79.0,28.8,46.8,22.3,49.5,57.5,N
1743,산세베리아,Medium,Medium,베란다,1,28.0,14.0,39.9,22.3,46.8,50.3,N
1744,몬스테라,Large,High,베란다,0,3.0,14.4,45.3,21.4,23.2,27.3,N
1745,스킨답서스,Medium,High,실내,4,79.0,15.5,76.1,23.4,41.3,47.7,N
1746,스킨답서스,Large,Low,실내,2,66.0,39.4,72.9,24.5,17.9,22.6,N
1747,몬스테라,Medium,Low,베란다,1,66.0,31.1,50.9,19.3,48.7,52.2,N
1748,스투키,Small,Low,실내,4,28.0,31.0,49.1,19.8,53.0,55.5,N
1749,산세베리아,Large,Low,베란다,0,353.0,29.9,68.7,17.9,36.7,37.8,N
1750,몬스테라,Medium,Low,실내,3,0.0,11.5,47.7,22.9,40.4,43.3,N
1751,스킨답서스,Small,Medium,베란다,1,267.0,10.3,63.0,26.5,44.8,47.2,N
1752,몬스테라,Medium,High,실내,2,160.0,8.5,41.7,17.8,46.2,49.9,N
1753,몬스테라,Small,High,실내,1,,22.2,57.0,19.5,69.8,77.0,N
1754,스투키,Small,Low,실내,4,77.0,3.9,49.3,17.7,42.1,47.1,N
1755,필로덴드론,Small,Medium,실내,1,540.0,30.5,60.5,20.2,12.0,17.5,N
1756,산세베리아,Medium,Medium,실내,5,124.0,64.6,70.5,15.6,23.3,30.2,N
1757,필로덴드론,Large,High,실내,3,16.0,32.1,47.7,25.3,43.4,54.9,N
1758,스킨답서스,Medium,High,베란다,1,73.0,34.9,42.2,24.0,65.3,71.8,N
1759,몬스테라,Large,High,실내,2,76.0,13.4,51.4,22.6,76.9,82.2,Y
1760,스킨답서스,Small,Medium,실내,0,194.0,17.0,71.1,24.7,30.0,34.5,N
1761,스킨답서스,Small,Medium,실내,1,297.0,21.6,56.6,24.5,22.3,25.9,N
1762,산세베리아,Small,Low,베란다,2,10.0,20.8,54.1,21.8,25.8,22.8,N
1763,몬스테라,Small,Medium,실내,2,45.0,30.6,68.8,18.0,111.2,116.9,N
1764,스킨답서스,Small,Low,실내,0,43.0,60.3,61.2,19.7,36.5,41.7,N
1765,몬스테라,Medium,Medium,베란다,1,664.0,21.2,82.8,21.7,27.6,32.2,N
1766,스투키,Large,Medium,실내,2,98.0,51.5,41.9,19.7,42.5,45.0,N
1767,고무나무,Large,Medium,실내,1,254.0,23.7,54.9,27.2,50.4,56.1,N
1768,스킨답서스,Small,Low,실내,1,67.0,7.3,38.4,22.5,35.8,38.2,N
1769,스투키,Large,Low,베란다,2,154.0,25.9,41.9,22.3,61.8,65.4,N
1770,스투키,Small,Low,실내,2,41.0,27.3,70.8,24.8,33.3,33.2,N
1771,스킨답서스,Small,Low,베란다,1,291.0,7.5,44.2,22.8,33.6,34.4,N
1772,산세베리아,Large,Low,베란다,2,73.0,56.0,73.8,21.2,27.1,28.7,N
1773,산세베리아,Medium,Low,실내,1,195.0,35.7,41.7,26.5,30.1,34.7,N
1774,필로덴드론,Small,Low,베란다,3,35.0,45.4,53.9,23.3,20.8,25.7,N
1775,산세베리아,Medium,High,실내,4,142.0,47.1,40.7,20.5,32.0,40.6,N
1776,스투키,Small,Medium,실내,3,62.0,11.0,62.9,22.5,52.0,55.5,N
1777,고무나무,Medium,Low,실내,3,4.0,47.2,57.5,20.4,31.1,34.5,N
1778,스킨답서스,Medium,Medium,베란다,3,64.0,5.1,70.1,19.5,64.7,69.9,Y
1779,스투키,Large,High,실내,2,96.0,24.6,65.1,24.4,,50.7,N
1780,산세베리아,Small,Medium,실내,3,20.0,16.5,56.5,20.5,37.4,40.8,N
1781,몬스테라,Medium,Medium,실내,3,24.0,7.6,56.4,19.7,80.8,86.3,Y
1782,필로덴드론,Medium,Medium,실내,0,75.0,34.7,39.8,22.5,13.1,16.1,N
1783,스킨답서스,Medium,High,실내,3,50.0,38.2,59.6,25.1,44.8,47.1,Y
1784,고무나무,Small,High,실내,2,70.0,10.6,53.8,15.7,88.6,92.9,N
1785,고무나무,Medium,Medium,실내,1,74.0,23.6,62.9,19.8,115.2,120.0,N
1786,산세베리아,Large,High,실내,2,18.0,33.6,64.0,15.3,28.0,33.2,N
1787,고무나무,Large,High,실내,3,24.0,2.3,47.3,11.8,77.2,83.8,Y
1788,고무나무,Large,Medium,실내,2,226.0,37.4,46.3,22.1,106.5,113.4,N
1789,몬스테라,Large,Medium,베란다,2,21.0,9.2,55.9,18.0,46.6,53.0,N
1790,스킨답서스,Medium,Medium,베란다,3,132.0,9.6,51.9,24.3,73.1,75.9,N
1791,몬스테라,Large,High,실내,3,65.0,36.9,37.5,18.4,32.2,42.7,N
1792,고무나무,Small,Low,실내,2,414.0,9.0,43.0,23.8,85.8,88.3,N
1793,스킨답서스,Medium,High,베란다,4,8.0,47.6,67.9,22.9,44.5,51.2,N
1794,고무나무,Small,Low,베란다,3,213.0,19.5,60.4,19.2,15.9,18.6,N
1795,몬스테라,Medium,Medium,실내,3,81.0,15.2,54.7,20.5,104.3,108.9,N
1796,몬스테라,Small,High,실내,1,1.0,41.6,70.0,22.5,94.0,99.3,N
1797,고무나무,Large,Low,실내,2,,24.0,54.3,23.6,103.9,104.3,N
1798,몬스테라,Small,Medium,실내,2,63.0,26.4,63.5,26.1,43.0,48.4,N
1799,몬스테라,Small,Low,실내,3,45.0,7.9,54.6,22.6,31.9,34.7,N
1800,몬스테라,Medium,Medium,베란다,1,54.0,81.8,55.7,21.9,6.0,11.8,N
1801,필로덴드론,Small,Low,실내,3,298.0,67.3,92.7,22.1,24.3,27.0,N
1802,고무나무,Small,Medium,실내,3,54.0,24.8,46.7,21.2,53.3,55.3,N
1803,스투키,Small,Medium,베란다,3,65.0,17.3,61.6,20.6,69.6,78.0,N
1804,스투키,Medium,High,베란다,2,172.0,32.0,61.4,19.2,58.0,64.2,Y
1805,스투키,Medium,High,베란다,3,189.0,5.5,68.8,23.2,65.1,72.8,N
1806,산세베리아,Medium,Low,베란다,2,11.0,29.5,54.1,19.5,36.9,42.2,N
1807,고무나무,Medium,High,실내,3,146.0,1.3,79.0,22.5,66.6,74.5,N
1808,,Medium,Low,베란다,2,79.0,18.5,50.7,21.9,81.4,85.5,N
1809,몬스테라,Small,Low,베란다,1,17.0,8.3,49.6,23.9,5.0,7.4,N
1810,몬스테라,Small,Low,실내,3,37.0,37.6,65.1,22.7,46.4,46.8,N
1811,고무나무,Medium,High,실내,4,6.0,14.5,69.8,19.7,32.7,43.6,N
1812,산세베리아,Small,High,실내,3,54.0,7.2,40.0,18.7,39.5,43.4,N
1813,스투키,Small,Low,베란다,3,35.0,48.3,45.8,25.1,54.2,61.3,N
1814,몬스테라,Medium,Low,실내,2,58.0,150.0,57.0,20.7,27.7,33.8,N
1815,몬스테라,Medium,Low,실내,1,104.0,21.8,62.1,26.2,84.8,89.1,N
1816,필로덴드론,Small,Medium,실내,3,158.0,31.7,71.2,14.1,34.2,41.9,N
1817,스투키,Small,Medium,실내,1,112.0,12.5,56.4,22.5,37.6,41.7,N
1818,산세베리아,Large,Low,실내,3,136.0,15.1,68.9,24.6,21.8,25.6,N
1819,고무나무,Large,High,실내,1,241.0,60.8,33.4,22.3,7.4,14.6,N
1820,스투키,Medium,Medium,베란다,2,248.0,35.8,40.6,22.6,66.2,71.7,N
1821,몬스테라,Medium,High,실내,1,237.0,36.3,54.9,23.7,,102.2,N
1822,몬스테라,Medium,Medium,실내,3,20.0,13.6,67.5,24.5,7.4,12.8,N
1823,고무나무,Large,Medium,실내,1,35.0,10.4,51.1,23.8,41.3,44.4,N
1824,산세베리아,Large,High,실내,3,84.0,69.0,51.5,25.7,20.0,27.5,N
1825,고무나무,Small,High,실내,4,53.0,21.9,59.6,20.6,68.2,75.5,N
1826,스킨답서스,Large,Medium,실내,2,17.0,34.4,52.3,27.0,47.2,53.4,N
1827,몬스테라,Small,Medium,실내,1,41.0,11.2,71.8,18.9,52.0,55.1,N
1828,필로덴드론,Small,High,실내,2,445.0,3.7,56.2,24.9,12.2,17.1,N
1829,산세베리아,Medium,Low,실내,2,51.0,18.4,84.5,23.2,48.2,49.7,N
1830,스투키,Medium,Low,실내,1,65.0,70.0,56.8,28.7,50.4,55.3,N
1831,필로덴드론,Large,Medium,실내,2,1.0,32.1,50.5,22.9,55.1,61.6,N
1832,고무나무,Small,High,실내,2,153.0,31.8,56.1,24.1,63.9,66.0,Y
1833,스킨답서스,Medium,,실내,4,64.0,17.4,68.1,17.0,83.6,88.4,Y
1834,고무나무,Large,High,베란다,3,13.0,22.3,53.0,24.6,83.9,90.7,Y
1835,산세베리아,Large,Medium,베란다,3,415.0,25.4,21.3,22.8,36.5,43.2,N
1836,고무나무,Small,Low,실내,1,180.0,28.6,49.3,24.2,68.7,71.8,N
1837,몬스테라,Medium,Medium,실내,1,155.0,7.5,27.2,19.1,56.7,59.6,N
1838,스투키,Medium,High,실내,5,380.0,53.8,61.2,20.5,48.4,61.4,N
1839,필로덴드론,Small,Low,실내,1,63.0,36.4,41.5,22.5,61.1,65.1,N
1840,스투키,Large,Low,베란다,1,152.0,26.4,55.6,21.8,33.1,35.2,N
1841,스투키,Large,Low,베란다,4,28.0,42.7,37.3,22.8,56.1,60.2,N
1842,스킨답서스,Small,Medium,베란다,1,143.0,49.4,54.0,22.5,46.9,49.6,N
1843,스킨답서스,Small,High,베란다,6,2.0,42.7,57.0,20.5,34.9,46.7,N
1844,고무나무,Small,Medium,베란다,1,16.0,44.3,49.1,21.3,64.6,70.7,N
1845,필로덴드론,Large,High,실내,4,66.0,15.1,54.5,19.8,22.2,28.5,N
1846,스투키,Small,Low,실내,1,1.0,23.0,34.8,30.3,,41.0,N
1847,몬스테라,Medium,High,베란다,3,74.0,47.7,55.5,23.0,42.8,52.3,Y
1848,몬스테라,Medium,High,실내,0,89.0,19.6,47.3,27.3,34.0,39.6,N
1849,산세베리아,Medium,Medium,실내,5,117.0,40.8,56.1,18.9,33.2,40.6,N
1850,,Small,High,실내,1,13.0,14.1,53.6,21.7,43.7,46.5,Y
1851,스투키,Small,Medium,베란다,3,24.0,12.5,52.1,20.7,,41.5,Y
1852,산세베리아,Large,High,실내,1,114.0,28.9,49.6,23.2,17.9,24.0,N
1853,산세베리아,Large,High,실내,0,129.0,60.2,58.3,22.6,44.2,51.2,N
1854,산세베리아,Medium,High,베란다,2,3.0,36.7,75.0,18.6,35.0,39.0,N
1855,필로덴드론,Small,Medium,베란다,2,93.0,27.1,53.4,23.4,49.0,53.3,N
1856,스투키,Small,Low,베란다,3,184.0,36.4,61.5,22.8,49.5,51.2,N
1857,산세베리아,Medium,Medium,실내,2,9.0,31.2,73.8,22.9,52.9,58.1,N
1858,스킨답서스,Small,Medium,실내,0,64.0,12.7,59.8,25.5,21.2,24.6,N
1859,산세베리아,Large,High,베란다,1,47.0,20.2,64.1,24.8,37.3,44.3,N
1860,고무나무,Medium,High,실내,2,294.0,7.6,44.7,26.9,120.7,128.4,Y
1861,산세베리아,Small,High,실내,4,25.0,32.0,59.3,23.0,31.9,41.7,N
1862,고무나무,Large,Low,실내,2,46.0,49.6,59.2,24.7,119.1,121.9,Y
1863,몬스테라,Large,High,실내,0,274.0,54.9,76.3,21.4,89.1,94.2,N
1864,·정보없음,Small,High,실내,2,48.0,18.9,40.0,22.6,22.9,29.7,N
1865,필로덴드론,Medium,High,실내,1,91.0,12.0,81.1,23.7,7.5,13.5,N
1866,필로덴드론,Small,Low,실내,3,4.0,33.5,68.8,20.5,31.7,32.9,N
1867,몬스테라,Medium,Low,베란다,2,503.0,7.1,66.6,22.2,36.9,44.0,N
1868,몬스테라,Small,Low,실내,0,209.0,5.5,41.2,18.2,99.6,101.8,N
1869,몬스테라,Medium,Medium,실내,2,,38.5,44.1,25.7,33.5,40.7,N
1870,고무나무,Large,Medium,실내,1,8.0,26.6,62.5,25.8,68.0,73.1,N
1871,산세베리아,Medium,High,실내,0,9.0,34.6,30.0,18.4,27.6,30.4,N
1872,몬스테라,Small,Medium,베란다,3,94.0,6.6,36.9,25.5,69.3,73.1,N
1873,스킨답서스,Medium,Medium,실내,6,40.0,75.4,64.6,24.9,31.7,40.7,N
1874,산세베리아,Small,Medium,베란다,4,117.0,6.3,69.3,23.0,54.0,56.1,N
1875,고무나무,Large,High,실내,4,109.0,59.4,80.7,23.0,18.4,26.6,Y
1876,스킨답서스,Medium,High,실내,3,219.0,60.1,51.0,23.7,35.0,48.1,N
1877,스킨답서스,Small,High,실내,0,40.0,47.0,44.6,18.1,5.0,10.2,Y
1878,스킨답서스,Small,Medium,실내,2,103.0,36.5,45.8,28.9,,46.9,N
1879,스투키,Medium,Medium,실내,0,180.0,32.8,60.4,15.5,35.7,38.2,N
1880,스킨답서스,Small,High,실내,2,81.0,9.1,52.6,17.6,5.0,8.8,N
1881,고무나무,Medium,Medium,실내,4,213.0,12.2,38.7,25.2,71.1,79.9,Y
1882,산세베리아,Small,Low,베란다,4,17.0,17.8,61.3,24.8,46.9,50.2,N
1883,고무나무,Small,Low,베란다,3,159.0,26.1,42.7,27.1,22.2,25.2,N
1884,산세베리아,Medium,Low,실내,1,344.0,18.6,63.9,22.3,37.7,40.5,N
1885,몬스테라,Large,High,실내,0,48.0,21.3,63.5,19.2,70.9,76.2,N
1886,스킨답서스,Large,Low,실내,3,55.0,9.0,51.4,22.2,65.5,67.3,N
1887,몬스테라,Small,Low,베란다,3,10.0,64.3,58.4,24.6,33.4,33.6,N
1888,스투키,Medium,Medium,실내,0,123.0,29.9,51.5,19.9,33.6,39.4,N
1889,고무나무,Small,Medium,실내,1,96.0,74.9,54.2,18.8,18.1,25.5,N
1890,필로덴드론,Medium,Medium,실내,1,5.0,6.9,39.6,22.1,50.1,51.5,N
1891,몬스테라,Medium,Medium,실내,3,167.0,7.6,20.0,19.8,5.5,10.0,N
1892,스킨답서스,Large,Low,실내,1,212.0,48.6,53.5,21.5,5.0,10.8,N
1893,산세베리아,Large,Low,실내,1,285.0,17.4,43.1,20.1,46.3,51.7,N
1894,몬스테라,Medium,Medium,베란다,3,95.0,53.7,44.7,23.7,28.5,34.9,N
1895,스킨답서스,Medium,Medium,베란다,2,72.0,44.2,44.0,20.7,43.7,52.5,N
1896,고무나무,Large,Medium,실내,4,251.0,22.4,66.4,20.4,90.0,96.3,N
1897,고무나무,Large,Low,실내,1,61.0,10.2,67.9,24.1,34.4,34.9,N
1898,몬스테라,Small,High,실내,3,128.0,10.9,59.1,18.7,20.5,25.9,N
1899,,Small,Medium,베란다,1,115.0,14.1,51.1,19.3,30.9,38.0,N
1900,산세베리아,Medium,Low,베란다,3,56.0,25.3,59.0,23.0,39.0,43.6,N
1901,스킨답서스,Small,Low,실내,1,11.0,37.0,68.2,19.4,42.9,43.8,N
1902,몬스테라,Small,High,실내,1,3.0,10.5,74.9,25.9,70.6,77.0,N
1903,산세베리아,Small,Medium,실내,1,67.0,11.9,45.9,18.8,13.3,18.8,N
1904,,Medium,Medium,실내,3,79.0,11.1,36.8,21.6,40.5,44.6,N
1905,고무나무,Small,High,실내,2,208.0,103.1,58.7,19.4,45.2,57.5,N
1906,몬스테라,Small,High,베란다,2,64.0,16.1,33.5,26.4,84.4,93.0,Y
1907,필로덴드론,Small,High,실내,2,40.0,31.5,58.3,18.8,47.9,52.3,N
1908,스투키,Large,Medium,실내,1,74.0,46.2,57.7,27.8,60.4,61.9,N
1909,스투키,Large,Medium,베란다,4,33.0,12.1,53.4,22.2,66.5,71.0,N
1910,몬스테라,Medium,Low,실내,5,11.0,35.1,76.5,21.4,64.3,65.4,N
1911,스투키,Medium,High,베란다,3,14.0,34.8,55.9,15.7,73.7,79.2,N
1912,산세베리아,Large,Medium,실내,6,46.0,10.5,61.6,27.0,,55.9,N
1913,필로덴드론,Small,Low,베란다,4,2.0,16.1,68.9,23.5,37.6,39.5,N
1914,스투키,Small,High,실내,2,30.0,35.1,54.2,18.3,59.0,65.8,N
1915,스킨답서스,Small,High,실내,3,186.0,20.9,50.3,20.4,66.8,75.3,N
1916,고무나무,Small,High,실내,2,32.0,50.1,50.6,17.0,87.5,97.8,Y
1917,산세베리아,Medium,High,실내,3,14.0,7.4,60.1,19.7,43.4,50.3,Y
1918,스킨답서스,Large,High,실내,2,357.0,53.6,58.9,21.7,42.7,46.6,Y
1919,스투키,Medium,Low,베란다,3,117.0,22.2,75.5,26.9,10.3,13.5,N
1920,스킨답서스,Medium,High,베란다,3,7.0,19.0,47.4,29.5,38.0,46.5,Y
1921,고무나무,Large,High,실내,0,8.0,37.7,52.2,23.6,74.2,79.6,N
1922,몬스테라,Small,Low,실내,3,114.0,19.9,66.5,17.3,45.2,49.5,N
1923,고무나무,Small,Low,베란다,6,93.0,26.7,62.9,29.0,81.0,84.5,N
1924,스투키,Medium,High,베란다,1,8.0,43.4,54.3,16.7,49.8,56.5,Y
1925,산세베리아,Medium,Medium,실내,3,30.0,30.9,52.7,24.6,21.9,29.2,N
1926,몬스테라,Small,High,베란다,1,317.0,47.3,49.0,22.2,,61.7,N
1927,스킨답서스,Medium,Low,실내,3,102.0,18.2,44.1,25.7,46.3,48.2,N
1928,스킨답서스,Medium,Low,실내,1,70.0,31.3,54.7,19.7,29.5,30.8,N
1929,고무나무,Medium,Medium,실내,3,35.0,66.7,62.0,25.1,,124.9,N
1930,몬스테라,Medium,Low,베란다,2,17.0,5.6,59.4,26.4,16.8,18.5,N
1931,스킨답서스,Small,Medium,실내,4,62.0,32.6,54.0,23.2,29.8,37.1,N
1932,스킨답서스,Small,Medium,실내,2,307.0,41.4,58.8,22.0,44.3,50.5,Y
1933,스킨답서스,Medium,Low,실내,2,6.0,62.3,43.6,25.1,34.1,38.1,N
1934,·정보없음,Small,Low,실내,1,565.0,32.0,61.8,26.0,44.0,50.5,N
1935,고무나무,Large,Medium,실내,0,28.0,35.2,37.8,20.6,70.2,73.5,N
1936,산세베리아,Medium,Low,실내,1,63.0,14.5,58.1,20.1,42.0,45.7,N
1937,,Small,High,실내,4,6.0,55.6,62.1,20.1,41.3,50.8,Y
1938,산세베리아,Medium,Medium,실내,2,105.0,38.2,56.3,15.3,25.0,34.2,N
1939,스킨답서스,Medium,Low,베란다,2,79.0,14.0,55.1,24.8,52.8,53.7,N
1940,몬스테라,Small,Medium,실내,3,132.0,12.6,42.3,22.0,45.1,51.4,N
1941,몬스테라,Large,Low,베란다,4,94.0,20.2,54.5,21.1,53.6,52.6,N
1942,스투키,Large,Low,실내,3,61.0,25.4,78.8,20.7,80.8,83.6,N
1943,산세베리아,Medium,Low,실내,4,161.0,23.3,54.2,23.3,29.9,34.8,N
1944,고무나무,Small,High,실내,1,3.0,24.1,51.7,20.0,105.1,107.4,N
1945,산세베리아,Medium,High,실내,0,93.0,19.8,35.6,24.7,36.8,39.9,N
1946,스킨답서스,Medium,High,실내,2,15.0,24.0,59.4,20.9,22.4,35.0,N
1947,스킨답서스,Small,Medium,베란다,1,69.0,48.4,60.3,18.6,59.0,62.1,Y
1948,몬스테라,Small,Medium,베란다,5,188.0,37.8,49.3,23.8,40.4,48.8,N
1949,스투키,Large,Medium,실내,3,18.0,6.6,52.1,19.4,50.9,52.7,N
1950,스킨답서스,Small,High,실내,2,330.0,51.8,39.0,21.8,49.4,55.3,N
1951,몬스테라,Medium,High,베란다,3,263.0,31.9,56.5,24.8,35.9,44.5,N
1952,스투키,Medium,Low,실내,1,64.0,10.3,61.0,22.1,32.5,34.0,N
1953,스킨답서스,Medium,Low,실내,2,1.0,26.7,27.9,22.3,40.5,41.8,N
1954,고무나무,Small,Medium,베란다,0,187.0,13.9,54.6,20.7,32.3,34.1,N
1955,필로덴드론,Large,High,베란다,3,255.0,13.9,75.8,22.5,56.6,65.4,N
1956,필로덴드론,Medium,High,실내,5,23.0,19.8,56.8,20.1,21.7,30.3,N
1957,고무나무,Medium,Medium,실내,1,298.0,51.6,60.9,23.6,56.0,62.5,Y
1958,스킨답서스,Medium,High,실내,3,295.0,16.0,67.7,21.0,9.2,12.5,N
1959,고무나무,Medium,Medium,베란다,3,76.0,39.3,61.8,21.4,85.9,91.2,N
1960,산세베리아,Large,High,베란다,2,192.0,91.9,50.7,19.0,36.2,46.0,Y
1961,몬스테라,Medium,High,실내,0,71.0,122.0,35.6,23.6,75.1,84.1,Y
1962,스킨답서스,Medium,High,베란다,2,100.0,20.4,87.4,20.4,56.8,62.5,N
1963,산세베리아,Large,Medium,베란다,3,46.0,8.9,64.0,18.7,34.0,38.2,N
1964,스투키,Medium,Low,실내,3,21.0,33.6,65.1,20.4,34.1,39.2,N
1965,스킨답서스,Small,Medium,베란다,1,165.0,37.9,67.5,24.4,79.3,86.2,N
1966,스킨답서스,Small,Medium,실내,2,0.0,49.3,68.4,23.7,30.7,35.5,N
1967,몬스테라,Large,High,실내,1,104.0,33.6,64.5,15.3,26.4,34.6,N
1968,스투키,Medium,Low,실내,3,240.0,8.0,55.3,19.9,18.8,20.2,N
1969,스투키,Medium,Medium,베란다,2,30.0,2.7,51.2,26.3,44.0,48.0,N
1970,몬스테라,Medium,High,실내,1,49.0,54.6,63.8,25.8,64.6,69.1,N
1971,몬스테라,Small,Low,실내,2,106.0,45.0,56.7,18.2,77.5,80.4,N
1972,산세베리아,Medium,Medium,베란다,1,34.0,10.8,56.4,24.7,15.5,21.9,N
1973,스투키,Small,Medium,실내,5,226.0,10.3,66.8,17.7,21.4,28.2,N
1974,스킨답서스,Medium,Medium,베란다,3,55.0,78.3,80.2,19.5,57.2,65.0,N
1975,스투키,Medium,Low,실내,2,105.0,49.7,43.7,18.8,14.7,14.4,N
1976,필로덴드론,Medium,High,실내,4,31.0,20.0,60.8,24.2,36.6,44.5,N
1977,스투키,Medium,Medium,실내,3,5.0,12.5,42.9,22.1,31.0,36.2,N
1978,스킨답서스,Large,High,베란다,1,23.0,19.5,57.3,23.5,37.7,41.7,N
1979,산세베리아,Medium,Medium,실내,1,6.0,16.1,34.8,16.1,35.6,38.5,N
1980,산세베리아,Small,Medium,실내,0,76.0,38.1,46.6,24.7,55.1,58.8,N
1981,몬스테라,Small,Low,베란다,3,106.0,29.5,55.2,26.9,62.4,66.0,N
1982,산세베리아,Medium,Low,실내,1,5.0,14.6,67.8,22.7,,40.0,N
1983,스킨답서스,Large,Medium,베란다,3,11.0,40.4,37.2,28.0,18.1,26.9,N
1984,스킨답서스,Large,Low,베란다,2,80.0,13.2,60.2,24.6,24.7,25.2,N
1985,몬스테라,Large,Medium,실내,1,193.0,15.0,54.6,27.4,19.9,26.5,N
1986,몬스테라,Small,Medium,실내,1,119.0,21.4,72.6,21.3,52.9,56.2,Y
1987,고무나무,Medium,Medium,실내,5,13.0,50.3,50.1,23.0,23.0,32.6,N
1988,스킨답서스,Medium,Low,실내,1,262.0,13.6,60.2,20.0,37.9,42.1,N
1989,스킨답서스,Small,High,베란다,5,299.0,44.2,53.1,17.6,49.1,60.2,N
1990,고무나무,Small,High,베란다,2,47.0,77.8,43.3,19.6,66.9,76.6,N
1991,산세베리아,Large,Low,실내,2,115.0,16.8,48.1,22.9,32.9,35.9,N
1992,몬스테라,Small,Low,실내,2,81.0,46.9,45.9,18.2,72.3,72.0,N
1993,고무나무,Small,High,실내,1,342.0,54.0,34.1,22.3,51.4,53.2,N
1994,몬스테라,Small,Low,실내,2,85.0,129.2,73.6,15.5,42.8,50.3,Y
1995,산세베리아,Large,High,실내,2,386.0,34.7,50.7,21.0,43.3,49.6,N
1996,고무나무,Medium,Low,실내,1,27.0,22.2,60.7,22.8,32.8,33.4,N
1997,필로덴드론,Medium,High,실내,3,51.0,66.6,41.7,19.9,35.9,46.4,N
1998,몬스테라,Large,Medium,실내,4,182.0,41.0,55.6,21.1,28.7,35.6,N
1999,몬스테라,Small,High,베란다,6,184.0,38.7,61.1,21.9,27.8,36.6,N
2000,스투키,Medium,Medium,실내,2,158.0,35.4,56.0,20.8,29.6,36.9,N
2001,스투키,Small,Medium,베란다,4,236.0,80.4,45.0,22.9,46.1,57.6,N
2002,스투키,Small,Low,실내,1,145.0,16.1,64.7,16.9,50.8,53.4,N
2003,필로덴드론,Large,Low,베란다,4,121.0,47.4,30.4,18.4,42.6,47.5,N
2004,스투키,Medium,High,실내,4,74.0,35.6,36.1,18.9,45.1,54.2,N
2005,스투키,Medium,Medium,베란다,2,76.0,56.9,53.6,21.4,43.3,50.0,N
2006,산세베리아,Medium,High,베란다,2,,15.3,26.3,27.4,36.8,43.2,N
2007,스킨답서스,Medium,Medium,실내,1,116.0,8.8,45.6,23.7,10.8,13.1,N
2008,산세베리아,Small,High,실내,3,63.0,80.3,49.3,16.9,29.9,42.4,N
2009,몬스테라,Small,Medium,베란다,5,19.0,5.1,73.3,22.6,58.0,64.6,N
2010,스킨답서스,Small,High,베란다,2,14.0,14.2,47.1,20.3,25.9,33.0,N
2011,몬스테라,Small,High,베란다,1,310.0,6.6,48.7,20.6,41.7,48.3,Y
2012,몬스테라,Large,Medium,베란다,3,3.0,51.2,32.8,19.8,34.5,41.5,N
2013,필로덴드론,Small,High,실내,0,13.0,11.0,55.9,21.2,45.9,49.9,N
2014,몬스테라,Small,High,실내,4,71.0,32.5,55.1,16.6,5.0,15.2,N
2015,스킨답서스,Medium,Low,실내,2,37.0,11.0,41.9,21.6,40.7,43.3,N
2016,스킨답서스,Large,Medium,베란다,4,62.0,8.2,66.0,22.9,14.8,19.7,N
2017,스투키,Small,Low,실내,5,15.0,76.3,65.2,19.6,,57.2,N
2018,산세베리아,Small,High,실내,2,17.0,40.9,48.3,20.4,46.0,55.9,N
2019,몬스테라,Medium,,베란다,0,194.0,18.9,31.9,18.4,95.1,92.0,N
2020,고무나무,Medium,Low,베란다,4,171.0,27.3,42.1,20.8,96.1,101.5,N
2021,필로덴드론,Medium,Medium,실내,2,13.0,8.5,73.4,22.3,11.7,16.0,N
2022,스킨답서스,Large,Medium,실내,5,132.0,91.3,56.7,21.4,47.8,57.3,Y
2023,필로덴드론,Large,High,실내,2,113.0,13.7,45.8,24.0,47.3,54.6,N
2024,몬스테라,Medium,High,실내,4,150.0,44.3,71.4,24.9,42.1,49.3,Y
2025,스킨답서스,Medium,Medium,베란다,3,77.0,6.9,52.8,20.2,74.5,78.4,N
2026,스투키,Medium,Low,실내,2,38.0,29.8,55.2,21.3,62.3,68.0,N
2027,고무나무,Small,High,베란다,0,131.0,35.9,83.7,18.7,87.6,88.7,N
2028,필로덴드론,Large,Medium,베란다,5,56.0,24.6,66.1,20.6,13.3,21.5,N
2029,스투키,Medium,Medium,실내,3,30.0,43.3,51.6,22.2,30.1,39.5,N
2030,고무나무,Small,Medium,실내,0,63.0,19.3,59.4,24.3,76.0,81.2,N
2031,몬스테라,Medium,Medium,실내,1,173.0,14.3,61.6,21.7,70.4,74.7,N
2032,스킨답서스,Small,Medium,실내,4,78.0,25.6,64.9,22.9,38.0,42.6,N
2033,스킨답서스,Medium,High,실내,3,43.0,9.0,42.6,18.0,54.7,62.8,N
2034,필로덴드론,Medium,Medium,베란다,1,214.0,9.3,74.6,22.7,51.6,53.6,N
2035,고무나무,Medium,High,실내,3,256.0,13.8,72.1,19.4,81.2,87.5,Y
2036,스투키,Large,Medium,베란다,2,68.0,68.5,43.9,26.7,49.9,56.8,N
2037,몬스테라,Small,Low,실내,2,56.0,23.0,54.8,27.4,83.5,83.9,N
2038,몬스테라,Medium,High,실내,3,114.0,98.0,55.9,26.6,135.1,149.8,Y
2039,스투키,Medium,Medium,베란다,1,7.0,21.6,56.9,19.2,45.4,49.1,N
2040,스투키,Medium,Low,실내,1,141.0,14.4,64.3,24.0,51.1,53.1,N
2041,산세베리아,Medium,,실내,2,183.0,74.2,51.0,14.5,,44.2,N
2042,스킨답서스,Medium,Medium,실내,0,61.0,13.8,60.2,25.2,14.5,15.8,N
2043,스킨답서스,Medium,High,실내,1,23.0,21.0,62.6,21.9,27.4,33.6,N
2044,몬스테라,Small,Medium,베란다,5,4.0,8.1,60.9,16.5,67.0,74.7,N
2045,산세베리아,Large,,실내,2,122.0,59.8,60.7,23.8,39.9,54.4,N
2046,고무나무,Medium,Low,실내,3,38.0,23.9,61.7,21.0,48.0,50.7,N
2047,몬스테라,Medium,Medium,실내,3,75.0,57.9,57.6,20.9,58.4,64.8,N
2048,고무나무,Small,High,베란다,3,59.0,36.5,32.0,23.6,61.6,71.9,N
2049,스킨답서스,Small,High,실내,2,23.0,23.4,42.8,25.0,59.9,67.8,Y
2050,몬스테라,Medium,Low,실내,3,85.0,32.3,39.5,22.8,11.3,14.3,N
2051,스킨답서스,Large,Medium,실내,2,74.0,64.3,42.1,15.1,12.7,20.2,N
2052,스킨답서스,Medium,Medium,실내,4,117.0,27.0,43.1,22.8,25.8,35.5,N
2053,몬스테라,Large,Medium,실내,1,35.0,21.3,67.4,18.9,5.0,6.5,N
2054,필로덴드론,Medium,High,실내,0,29.0,3.5,71.0,23.4,66.5,67.8,N
2055,산세베리아,Medium,High,실내,2,202.0,35.3,62.7,23.0,32.6,40.4,N
2056,고무나무,Small,Medium,실내,1,145.0,24.0,43.1,21.0,35.4,38.0,N
2057,스킨답서스,Large,High,실내,1,178.0,71.2,43.9,21.6,62.9,69.9,N
2058,스킨답서스,Small,Medium,베란다,2,16.0,8.0,47.2,16.4,27.8,34.3,N
2059,고무나무,Large,Low,베란다,2,30.0,36.1,46.2,26.6,83.2,87.3,N
2060,,Large,Medium,실내,4,103.0,5.7,70.8,22.8,5.0,10.4,N
2061,몬스테라,Large,High,실내,2,234.0,19.9,38.7,22.5,5.0,9.4,N
2062,스킨답서스,Medium,High,실내,1,267.0,67.6,58.8,22.7,28.7,37.5,N
2063,산세베리아,Medium,Medium,베란다,1,214.0,66.7,39.7,16.3,33.8,42.3,N
2064,스킨답서스,Medium,Medium,실내,0,5.0,34.9,61.0,24.7,74.9,76.1,N
2065,몬스테라,Small,High,베란다,0,206.0,35.2,50.4,20.5,45.8,48.2,N
2066,산세베리아,Medium,Medium,실내,0,275.0,48.0,41.5,22.1,44.6,50.4,Y
2067,,Small,Medium,실내,2,7.0,24.1,48.3,19.9,25.0,28.7,N
2068,스투키,Medium,High,베란다,2,65.0,22.0,61.0,18.1,42.1,46.6,N
2069,몬스테라,Small,High,베란다,2,92.0,8.2,35.5,20.1,37.9,41.8,N
2070,스투키,Small,Medium,베란다,4,32.0,27.4,47.5,21.2,31.7,39.8,N
2071,산세베리아,Medium,Medium,실내,1,87.0,9.0,52.8,21.7,28.9,33.6,N
2072,스킨답서스,Medium,Medium,실내,1,261.0,18.6,38.5,20.2,68.8,73.3,N
2073,몬스테라,Medium,Low,실내,5,242.0,50.3,43.6,21.4,85.9,90.2,N
2074,,Small,High,실내,2,337.0,33.2,72.4,20.8,62.8,68.0,Y
2075,산세베리아,Medium,Medium,실내,4,79.0,13.1,39.1,17.6,27.9,32.5,N
2076,산세베리아,Small,High,실내,4,63.0,17.8,48.6,21.6,27.7,33.8,N
2077,스투키,Medium,Low,실내,4,132.0,28.5,60.8,21.6,42.9,46.1,N
2078,스킨답서스,Medium,Medium,실내,0,65.0,39.0,54.1,19.6,38.4,42.4,N
2079,필로덴드론,Medium,Low,베란다,4,5.0,11.7,48.1,24.5,26.0,30.9,N
2080,산세베리아,Medium,High,베란다,2,153.0,61.2,64.4,21.7,47.4,56.1,Y
2081,몬스테라,Small,Medium,실내,2,40.0,26.0,30.1,22.9,62.9,67.5,N
2082,몬스테라,Medium,Medium,실내,2,6.0,11.4,63.4,19.1,49.7,57.3,N
2083,스킨답서스,Medium,Low,실내,4,3.0,14.1,43.6,19.7,35.3,31.9,N
2084,필로덴드론,Medium,Low,베란다,4,321.0,59.3,24.3,20.9,18.1,24.3,N
2085,스킨답서스,Medium,Low,실내,1,35.0,39.9,80.9,18.1,87.2,91.1,Y
2086,스킨답서스,Small,Medium,베란다,3,71.0,51.7,55.4,16.2,21.3,29.4,N
2087,몬스테라,Medium,Medium,베란다,2,361.0,34.0,64.2,25.8,54.9,62.1,N
2088,고무나무,Medium,Medium,실내,3,76.0,12.0,67.9,20.0,32.9,35.5,N
2089,산세베리아,Small,Medium,실내,3,10.0,60.5,43.9,21.3,34.7,44.0,N
2090,스투키,Small,Medium,베란다,0,96.0,10.6,51.9,22.6,34.1,37.4,N
2091,산세베리아,Small,Medium,실내,1,11.0,27.8,54.6,21.1,42.2,45.6,N
2092,필로덴드론,Large,Low,실내,2,12.0,7.8,46.6,18.4,64.9,68.6,N
2093,몬스테라,Medium,Low,베란다,3,229.0,18.4,69.3,24.9,32.6,36.1,N
2094,스킨답서스,Small,High,실내,1,41.0,19.6,71.0,20.4,27.2,30.2,Y
2095,스투키,Medium,Medium,베란다,2,136.0,10.1,53.4,23.7,30.2,30.3,N
2096,산세베리아,Medium,Low,베란다,3,85.0,13.6,61.0,26.2,53.2,53.6,Y
2097,스킨답서스,Large,Low,베란다,4,30.0,31.1,65.3,18.1,61.2,63.8,N
2098,고무나무,Small,High,실내,1,88.0,16.9,58.4,24.4,45.0,50.5,N
2099,산세베리아,Small,High,실내,2,9.0,148.9,48.1,22.3,39.9,51.4,N
2100,스투키,Large,Medium,실내,1,51.0,41.5,25.2,19.3,62.8,68.5,N
2101,필로덴드론,Small,Medium,베란다,1,89.0,44.0,56.1,23.3,33.8,39.4,Y
2102,·정보없음,Small,Medium,베란다,1,31.0,52.4,64.5,22.3,22.7,32.2,N
2103,몬스테라,Large,High,실내,2,130.0,35.2,43.7,20.2,38.0,45.7,Y
2104,고무나무,Medium,,실내,2,6.0,14.6,57.1,27.7,29.3,30.8,N
2105,산세베리아,Small,Medium,실내,1,80.0,43.7,60.3,23.1,39.0,46.3,N
2106,스투키,Small,High,베란다,1,151.0,20.7,60.4,18.7,47.3,50.5,N
2107,산세베리아,Small,High,베란다,4,67.0,8.6,56.5,23.0,28.4,33.8,N
2108,필로덴드론,Small,Medium,베란다,3,249.0,37.5,43.0,21.5,10.8,16.7,N
2109,스투키,Large,Medium,베란다,3,120.0,34.5,69.5,18.6,15.4,22.6,N
2110,필로덴드론,Medium,Low,베란다,2,382.0,44.3,54.5,21.3,18.5,21.4,N
2111,몬스테라,Medium,Low,베란다,1,40.0,24.0,48.6,23.2,15.4,17.8,N
2112,몬스테라,Large,High,실내,3,335.0,48.2,35.3,19.2,69.4,76.4,N
2113,몬스테라,Medium,Medium,실내,2,112.0,10.8,59.9,17.8,94.3,96.1,N
2114,산세베리아,Small,High,베란다,2,164.0,5.7,84.5,17.9,24.8,30.3,Y
2115,고무나무,Medium,High,실내,3,279.0,27.8,52.2,18.0,66.5,71.0,Y
2116,몬스테라,Large,Low,실내,2,96.0,17.0,49.2,23.6,84.0,85.2,N
2117,,Large,Medium,실내,0,238.0,12.8,54.8,23.2,47.3,49.3,N
2118,고무나무,Small,High,실내,3,94.0,21.5,54.1,19.2,52.2,59.8,N
2119,몬스테라,Medium,High,실내,3,110.0,39.5,50.6,21.4,50.6,58.4,N
2120,산세베리아,Medium,High,실내,2,71.0,1.2,79.9,18.1,,20.6,Y
2121,산세베리아,Large,Medium,실내,4,19.0,19.0,55.5,20.1,26.4,30.1,N
2122,스킨답서스,Small,Medium,실내,1,97.0,72.8,39.4,20.0,15.3,20.9,Y
2123,필로덴드론,Medium,Medium,실내,1,455.0,7.5,40.9,22.9,19.4,22.1,N
2124,스킨답서스,Large,High,베란다,2,186.0,16.1,68.7,25.5,69.8,76.4,N
2125,필로덴드론,Medium,Medium,실내,2,165.0,58.4,58.4,18.7,56.7,61.6,Y
2126,고무나무,Medium,,실내,4,124.0,22.8,50.8,19.5,72.1,78.6,N
2127,고무나무,Small,Medium,실내,0,51.0,30.5,49.8,22.8,40.1,41.2,N
2128,몬스테라,Small,High,실내,0,22.0,19.4,63.4,17.7,73.9,78.1,N
2129,산세베리아,Small,Medium,실내,2,31.0,61.7,45.5,19.3,29.3,35.3,N
2130,스킨답서스,Large,Medium,베란다,2,1.0,15.2,53.2,24.6,31.4,35.5,N
2131,몬스테라,Small,Medium,베란다,2,134.0,27.1,63.7,25.7,63.6,67.6,N
2132,몬스테라,Medium,Medium,실내,3,200.0,45.0,46.1,19.2,54.3,60.1,N
2133,스킨답서스,Medium,Medium,실내,6,38.0,13.1,70.3,19.5,27.0,33.2,N
2134,스킨답서스,Small,Low,실내,1,12.0,7.0,35.3,24.0,23.1,26.0,N
2135,고무나무,Medium,Low,베란다,3,49.0,2.8,55.5,24.9,37.4,40.2,N
2136,산세베리아,Medium,Medium,베란다,2,41.0,39.4,55.9,21.1,26.1,34.6,N
2137,몬스테라,Large,High,실내,1,72.0,9.8,29.5,19.9,58.8,62.5,Y
2138,고무나무,Medium,Medium,실내,3,37.0,34.7,46.1,23.5,73.1,82.4,N
2139,몬스테라,Medium,Low,베란다,1,50.0,33.4,62.2,23.0,17.0,19.1,N
2140,산세베리아,Small,High,베란다,0,286.0,9.2,46.4,21.8,31.9,36.1,N
2141,,Large,Medium,실내,5,49.0,28.9,51.8,27.4,29.3,35.5,N
2142,스킨답서스,Small,High,베란다,1,185.0,90.3,50.1,22.6,17.0,27.5,N
2143,고무나무,Medium,Medium,실내,2,118.0,40.8,66.7,18.5,56.0,57.0,N
2144,스투키,Small,Low,실내,1,49.0,137.0,59.1,23.1,5.0,8.3,N
2145,스킨답서스,Large,Medium,베란다,0,204.0,16.9,49.6,19.8,33.0,33.9,N
2146,산세베리아,Medium,Medium,실내,0,108.0,30.1,46.4,21.4,45.1,52.7,N
2147,스킨답서스,Medium,Low,베란다,0,1.0,12.4,65.4,24.2,5.0,8.7,N
2148,스투키,Small,Low,실내,2,9.0,73.1,56.7,24.5,42.7,47.6,N
2149,스킨답서스,Medium,Low,실내,2,168.0,20.5,67.1,13.0,18.2,20.1,N
2150,산세베리아,Medium,Medium,실내,2,71.0,9.0,62.4,20.2,19.3,22.2,N
2151,스투키,Medium,Medium,실내,2,62.0,29.8,20.0,20.4,35.5,39.4,N
2152,몬스테라,Small,Medium,실내,2,19.0,16.0,67.9,21.9,38.0,43.8,N
2153,고무나무,Large,Low,베란다,3,21.0,34.1,56.5,19.2,145.2,149.0,N
2154,산세베리아,Large,Medium,실내,2,192.0,23.4,58.0,21.0,46.9,53.5,N
2155,몬스테라,Small,Medium,베란다,5,212.0,41.4,30.9,21.6,32.9,42.1,N
2156,스투키,Large,Medium,실내,1,99.0,3.4,49.2,16.9,45.4,49.2,N
2157,몬스테라,Medium,Low,베란다,1,42.0,25.9,55.7,21.4,12.2,13.1,N
2158,스투키,Medium,Low,실내,1,324.0,12.2,39.6,24.8,48.6,49.1,N
2159,스킨답서스,Small,Medium,실내,2,117.0,52.9,70.9,18.2,40.3,46.8,N
2160,고무나무,Medium,Low,실내,3,191.0,68.7,64.0,22.3,79.6,85.1,Y
2161,고무나무,Medium,Medium,실내,3,0.0,15.3,50.2,22.2,64.2,69.0,N
2162,고무나무,Medium,Medium,실내,2,72.0,34.6,76.8,16.5,98.9,101.7,N
2163,스투키,Medium,Medium,실내,0,246.0,11.3,59.4,20.9,44.8,47.8,N
2164,산세베리아,Medium,Low,베란다,1,50.0,32.2,71.5,21.7,43.2,47.4,N
2165,스킨답서스,Medium,Medium,베란다,3,156.0,11.8,45.2,25.7,41.8,44.6,N
2166,필로덴드론,Small,Medium,베란다,4,129.0,33.5,60.7,20.8,16.8,23.1,N
2167,고무나무,Large,High,실내,2,20.0,37.1,71.1,23.1,90.1,95.3,N
2168,몬스테라,Medium,High,베란다,4,179.0,77.6,69.2,19.8,64.4,78.1,Y
2169,고무나무,Small,Medium,베란다,3,14.0,6.9,67.1,22.8,65.5,74.2,N
2170,스투키,Small,Medium,실내,1,156.0,35.5,69.9,24.6,33.3,40.5,N
2171,고무나무,Medium,Medium,실내,2,565.0,4.4,73.3,17.0,151.4,152.1,Y
2172,몬스테라,Large,High,실내,3,380.0,23.6,27.3,22.4,67.6,75.5,N
2173,몬스테라,Medium,Low,실내,2,193.0,22.8,49.9,23.6,5.0,8.9,N
2174,산세베리아,Medium,High,실내,2,92.0,22.6,34.1,21.6,23.9,33.5,Y
2175,스투키,Small,Medium,실내,2,135.0,6.3,34.3,22.7,59.6,62.4,N
2176,산세베리아,Medium,Medium,베란다,2,156.0,24.5,48.7,24.2,19.7,24.3,N
2177,스투키,Large,Low,실내,2,1.0,24.0,49.9,17.9,27.5,28.0,N
2178,고무나무,Medium,Medium,실내,4,13.0,2.8,71.3,23.1,94.7,97.3,N
2179,고무나무,Small,Medium,베란다,1,109.0,3.9,40.7,25.5,26.6,29.7,N
2180,스킨답서스,Medium,Low,베란다,1,1.0,28.7,57.2,20.7,38.6,44.1,N
2181,스투키,Small,Medium,베란다,1,288.0,50.2,74.2,20.1,63.3,68.7,N
2182,몬스테라,Medium,High,실내,2,81.0,27.6,53.2,20.1,49.6,56.2,Y
2183,몬스테라,Medium,Medium,실내,3,36.0,30.3,78.4,22.9,41.5,44.9,N
2184,스투키,Medium,Medium,실내,2,60.0,13.8,32.5,26.2,53.7,58.3,N
2185,고무나무,Small,Low,실내,4,228.0,22.4,44.8,28.2,,52.7,N
2186,필로덴드론,Large,High,실내,2,314.0,6.7,73.5,26.7,5.0,9.2,N
2187,산세베리아,Medium,High,실내,1,15.0,36.0,46.9,21.0,41.7,51.1,N
2188,산세베리아,Medium,Medium,베란다,4,181.0,11.1,52.1,19.4,41.7,46.6,N
2189,산세베리아,Medium,Medium,실내,1,104.0,7.3,75.1,17.4,25.5,28.0,N
2190,고무나무,Medium,Medium,실내,2,106.0,24.6,63.0,23.3,6.3,11.6,N
2191,스투키,Medium,Medium,실내,5,181.0,53.0,35.3,30.8,35.1,36.7,N
2192,필로덴드론,Medium,Low,베란다,1,30.0,27.7,62.4,22.6,34.1,35.1,N
2193,고무나무,Medium,High,실내,3,91.0,52.9,46.5,23.0,16.1,21.7,N
2194,스킨답서스,Small,Medium,실내,0,,16.8,49.1,21.9,24.8,26.5,N
2195,몬스테라,Large,Medium,실내,1,12.0,29.9,53.9,23.7,34.4,42.5,N
2196,스킨답서스,Medium,Medium,실내,4,13.0,20.3,48.1,20.1,70.3,71.0,N
2197,스킨답서스,Small,High,실내,7,18.0,39.2,60.9,23.0,57.4,66.5,N
2198,산세베리아,Medium,Low,실내,5,115.0,33.1,44.5,21.1,19.1,26.4,N
2199,스킨답서스,Large,Medium,실내,2,13.0,12.6,58.6,23.4,37.9,41.8,N
2200,스투키,Large,Medium,베란다,4,101.0,80.2,64.1,22.0,51.6,61.7,Y
2201,필로덴드론,Medium,Medium,실내,3,106.0,7.7,54.2,23.6,40.3,45.3,N
2202,몬스테라,Small,High,베란다,3,281.0,26.9,55.8,19.3,8.8,16.5,N
2203,스킨답서스,Medium,Low,실내,2,118.0,11.3,56.1,25.3,37.7,39.5,N
2204,몬스테라,Small,High,실내,1,509.0,24.0,56.5,24.9,,50.2,Y
2205,고무나무,Large,Low,실내,4,4.0,10.6,53.8,21.1,149.5,152.9,Y
2206,필로덴드론,Small,Low,실내,3,146.0,23.8,53.2,20.3,45.3,50.8,N
2207,스투키,Small,High,실내,1,3.0,29.0,53.5,18.2,39.7,47.2,N
2208,산세베리아,Medium,Medium,실내,5,157.0,38.8,57.2,18.5,30.2,39.3,N
2209,스투키,Medium,Medium,베란다,2,59.0,4.6,49.8,20.8,65.5,69.1,N
2210,필로덴드론,Medium,Low,베란다,4,113.0,16.3,53.2,22.5,5.0,8.9,N
2211,산세베리아,Medium,Medium,베란다,2,44.0,43.1,66.9,22.6,5.0,12.5,N
2212,산세베리아,Small,Medium,실내,1,21.0,31.9,79.1,27.2,41.6,42.9,N
2213,몬스테라,Small,High,실내,5,154.0,107.6,84.5,20.5,50.5,68.9,Y
2214,필로덴드론,Medium,High,실내,3,282.0,15.8,56.6,20.2,31.7,40.5,N
2215,고무나무,Small,Medium,실내,1,24.0,81.6,42.6,21.7,100.6,111.2,Y
2216,스투키,Medium,Medium,실내,3,304.0,41.7,52.1,19.3,35.5,42.6,N
2217,산세베리아,Medium,Medium,실내,2,18.0,58.8,56.7,26.6,27.4,32.9,N
2218,스투키,Medium,Medium,베란다,2,160.0,12.3,68.0,27.4,57.1,62.2,N
2219,산세베리아,Large,Low,실내,2,385.0,32.3,46.4,24.4,37.4,42.0,N
2220,몬스테라,Large,Medium,실내,3,19.0,28.5,53.5,24.8,40.6,50.3,N
2221,고무나무,Large,Low,실내,2,69.0,17.0,42.9,21.5,9.5,11.6,N
2222,스킨답서스,Small,Low,실내,2,49.0,52.6,75.0,24.0,30.5,33.4,N
2223,몬스테라,Small,Low,베란다,2,59.0,23.3,61.5,25.7,70.2,75.2,N
2224,스투키,Small,Medium,실내,0,168.0,41.0,50.7,21.0,26.0,29.6,N
2225,몬스테라,Large,High,베란다,2,130.0,7.1,55.8,26.3,69.1,73.0,N
2226,스킨답서스,Large,Medium,실내,3,416.0,29.1,38.8,21.9,27.1,31.9,N
2227,스투키,Large,Medium,실내,2,25.0,44.8,60.5,21.7,50.1,51.9,Y
2228,스킨답서스,Small,Low,베란다,1,94.0,14.7,59.6,19.4,36.9,37.6,N
2229,스투키,Large,Medium,실내,0,72.0,22.2,33.7,22.7,49.5,53.5,N
2230,스투키,Medium,Medium,실내,0,301.0,23.8,46.2,25.4,54.5,57.7,N
2231,고무나무,Small,Medium,실내,1,1.0,23.8,51.4,15.2,59.8,64.7,N
2232,몬스테라,Medium,High,실내,2,543.0,10.1,51.5,23.0,5.0,13.0,N
2233,,Small,Low,베란다,1,78.0,45.5,48.9,24.2,27.3,35.1,N
2234,산세베리아,Medium,Low,베란다,1,118.0,18.8,56.5,22.4,56.5,58.2,N
2235,고무나무,Small,Medium,베란다,3,54.0,38.1,71.7,16.1,49.3,53.3,N
2236,스킨답서스,Medium,High,실내,1,230.0,26.8,60.7,17.9,58.9,63.4,Y
2237,산세베리아,Medium,High,실내,1,99.0,11.4,69.1,21.8,30.3,36.2,N
2238,몬스테라,Large,High,실내,2,130.0,31.4,59.4,17.0,69.1,80.8,Y
2239,몬스테라,Medium,Medium,베란다,2,126.0,14.3,51.2,30.1,26.1,30.7,N
2240,스투키,Medium,High,베란다,1,54.0,18.3,52.9,25.9,52.4,58.2,N
2241,산세베리아,Large,Low,실내,1,9.0,5.0,64.6,18.9,,44.5,N
2242,몬스테라,Large,Low,실내,1,198.0,44.8,61.5,24.6,43.2,46.5,Y
2243,스킨답서스,Small,High,실내,2,41.0,6.8,71.0,24.0,31.1,38.7,N
2244,필로덴드론,Medium,High,실내,2,227.0,45.4,55.1,20.9,42.6,51.8,Y
2245,산세베리아,Small,Low,실내,1,113.0,23.0,38.3,24.9,31.9,34.2,N
2246,스킨답서스,Small,Low,실내,2,52.0,27.3,52.7,15.7,65.6,69.1,N
2247,몬스테라,Medium,Low,실내,3,108.0,16.6,37.1,21.0,91.2,93.6,N
2248,산세베리아,Large,Low,베란다,3,124.0,7.1,53.4,20.4,29.7,34.9,N
2249,스킨답서스,Small,Low,베란다,1,147.0,55.5,40.9,27.4,27.0,34.1,N
2250,몬스테라,Large,High,베란다,3,207.0,12.4,53.9,19.1,48.9,53.7,N
2251,몬스테라,Large,Medium,실내,4,21.0,65.8,56.8,24.1,75.7,82.6,N
2252,필로덴드론,Large,High,실내,1,346.0,78.0,53.5,19.9,5.0,13.0,N
2253,,Small,High,실내,2,63.0,36.8,51.7,25.2,139.5,148.3,Y
2254,산세베리아,Large,Medium,실내,4,236.0,21.3,50.4,20.7,53.3,58.7,N
2255,산세베리아,Small,High,실내,4,30.0,7.7,68.6,18.4,28.3,37.4,Y
2256,스킨답서스,Medium,Medium,베란다,0,4.0,41.3,58.4,21.9,69.8,70.7,N
2257,스킨답서스,Small,Medium,실내,7,102.0,56.1,36.8,24.5,34.1,44.4,N
2258,스킨답서스,Small,Medium,베란다,0,47.0,25.1,56.6,23.6,53.6,57.1,Y
2259,스투키,Medium,Medium,베란다,1,500.0,24.5,73.2,17.5,40.4,42.6,N
2260,스킨답서스,Medium,High,베란다,0,13.0,34.0,49.5,17.2,85.5,90.0,N
2261,산세베리아,Small,High,베란다,1,6.0,13.7,50.4,20.1,41.6,48.4,Y
2262,고무나무,Small,Medium,실내,3,6.0,4.9,62.6,19.0,5.0,9.4,N
2263,산세베리아,Medium,High,베란다,2,29.0,30.2,44.7,19.3,38.8,46.3,N
2264,스킨답서스,Small,Low,실내,2,104.0,6.0,40.8,20.6,88.4,93.6,Y
2265,고무나무,Large,High,베란다,3,85.0,22.2,36.2,23.8,41.0,46.3,N
2266,고무나무,Small,Medium,실내,3,52.0,14.7,63.2,21.2,41.3,47.0,N
2267,스킨답서스,Small,Low,실내,1,11.0,18.1,65.4,18.4,13.2,9.7,N
2268,고무나무,Medium,Medium,실내,0,32.0,19.5,48.0,19.2,38.6,38.8,N
2269,스투키,Medium,Medium,실내,3,24.0,34.9,41.1,23.3,15.9,23.5,N
2270,스킨답서스,Medium,Low,실내,4,164.0,15.9,65.4,21.7,60.7,63.2,N
2271,몬스테라,Small,High,실내,1,182.0,26.2,53.5,19.9,43.7,49.6,N
2272,스투키,Large,Low,베란다,2,180.0,9.3,30.9,23.9,24.9,24.3,N
2273,스킨답서스,Medium,High,실내,2,417.0,11.7,59.5,24.4,21.1,21.1,N
2274,고무나무,Small,High,실내,2,259.0,36.6,58.5,24.3,67.7,73.4,N
2275,필로덴드론,Medium,Medium,실내,0,83.0,16.0,71.7,21.7,37.7,39.3,N
2276,고무나무,Large,Medium,실내,2,64.0,10.0,65.1,19.3,86.6,90.0,N
2277,고무나무,Small,High,실내,0,297.0,26.3,65.7,21.3,44.4,51.6,N
2278,스킨답서스,Small,Medium,베란다,3,113.0,22.7,44.5,19.9,47.5,48.9,N
2279,고무나무,Medium,Medium,실내,4,42.0,60.8,38.8,14.1,57.7,64.5,N
2280,몬스테라,Medium,Medium,실내,1,100.0,32.9,61.2,21.3,73.4,77.1,N
2281,스투키,Medium,Medium,실내,0,582.0,10.2,55.2,15.6,14.0,16.2,N
2282,스투키,Small,High,실내,1,227.0,5.3,62.8,19.8,41.0,47.0,Y
2283,스킨답서스,Small,Low,실내,3,40.0,22.8,56.5,20.3,49.8,53.0,N
2284,몬스테라,Medium,Medium,베란다,2,367.0,44.1,72.3,26.6,48.6,56.0,N
2285,몬스테라,Small,Medium,실내,1,479.0,22.5,49.8,18.4,43.3,49.6,N
2286,스투키,Medium,High,실내,3,32.0,23.3,55.5,22.7,62.0,66.5,N
2287,필로덴드론,Medium,High,실내,4,271.0,7.3,47.4,21.1,38.3,47.8,N
2288,스투키,Small,Medium,실내,1,258.0,14.3,44.5,23.4,33.9,37.0,N
2289,스킨답서스,Large,Low,베란다,4,5.0,3.8,70.9,20.0,57.2,60.5,N
2290,몬스테라,Large,Low,실내,1,133.0,33.6,53.6,17.3,53.1,56.1,N
2291,고무나무,Medium,Medium,실내,3,44.0,29.1,84.6,22.3,31.4,38.1,N
2292,스투키,Small,Medium,베란다,0,135.0,24.6,38.9,22.1,39.1,39.4,N
2293,몬스테라,Small,High,실내,2,294.0,11.6,56.2,22.6,22.0,24.3,N
2294,스킨답서스,Medium,Medium,베란다,3,83.0,9.0,56.9,21.1,14.4,18.2,N
2295,몬스테라,Small,Medium,실내,4,64.0,29.0,70.0,20.9,37.1,45.0,N
2296,몬스테라,Large,High,실내,2,305.0,28.3,44.4,24.4,65.3,74.4,N
2297,몬스테라,Small,Medium,베란다,1,438.0,39.4,47.8,24.1,70.9,74.3,N
2298,몬스테라,Medium,Medium,베란다,3,8.0,28.2,38.0,19.6,27.2,34.7,N
2299,몬스테라,Medium,Low,실내,2,307.0,37.1,72.6,21.6,93.1,95.9,N
2300,스투키,Medium,Medium,베란다,1,10.0,28.6,34.3,18.4,36.1,41.0,N
2301,산세베리아,Small,High,실내,5,49.0,49.9,56.5,23.7,40.0,49.8,N
2302,스킨답서스,Medium,Medium,실내,4,173.0,17.2,85.0,23.4,16.4,22.7,N
2303,스킨답서스,Small,Medium,실내,2,180.0,28.3,68.7,26.2,23.5,26.7,N
2304,스투키,Large,Medium,실내,1,155.0,35.5,69.8,24.2,,53.5,Y
2305,필로덴드론,Small,High,베란다,3,5.0,24.0,75.6,22.5,55.4,64.4,N
2306,스투키,Large,Medium,실내,3,17.0,2.5,57.1,29.7,47.6,51.3,N
2307,몬스테라,Large,Medium,실내,2,330.0,34.1,57.0,23.0,95.2,101.0,N
2308,고무나무,Small,High,베란다,3,10.0,14.0,55.0,23.7,33.8,41.2,N
2309,몬스테라,Medium,Low,실내,1,10.0,10.7,54.1,16.6,26.9,31.1,N
2310,스투키,Small,High,실내,4,217.0,7.9,47.7,24.4,38.7,42.2,N
2311,스킨답서스,Large,Medium,실내,1,123.0,40.2,71.6,29.2,51.7,57.9,N
2312,산세베리아,Medium,Medium,실내,2,52.0,25.1,48.7,22.9,42.5,45.2,N
2313,스킨답서스,Small,Medium,베란다,2,22.0,8.6,51.6,24.4,44.9,46.6,N
2314,고무나무,Medium,Medium,실내,0,259.0,9.8,39.1,25.3,72.3,73.5,N
2315,필로덴드론,Small,Medium,실내,3,536.0,23.1,65.0,27.4,41.4,45.1,N
2316,몬스테라,Large,Low,베란다,4,6.0,8.7,74.1,23.8,38.6,42.4,N
2317,스투키,Small,Medium,실내,2,97.0,25.3,28.2,17.3,30.4,33.3,N
2318,스투키,Medium,Low,실내,1,36.0,45.4,73.6,22.7,,58.6,N
2319,스킨답서스,Medium,Low,베란다,5,214.0,51.3,63.9,24.3,48.2,49.1,N
2320,스킨답서스,Large,High,실내,2,51.0,40.4,70.2,24.1,16.5,25.9,N
2321,필로덴드론,Small,Medium,실내,2,150.0,63.6,59.5,21.5,47.5,51.2,N
2322,고무나무,Medium,High,실내,3,,26.5,62.2,20.9,77.3,85.6,Y
2323,고무나무,Medium,Low,실내,2,94.0,85.0,59.0,20.9,5.0,8.1,N
2324,스투키,Medium,Medium,실내,2,234.0,74.2,43.0,21.6,61.4,67.9,N
2325,산세베리아,Small,Low,실내,0,76.0,27.6,53.5,22.4,41.2,41.5,N
2326,필로덴드론,Small,High,베란다,3,224.0,17.0,49.1,23.6,12.7,129.1,Y
2327,산세베리아,Small,High,실내,1,54.0,18.3,68.0,23.1,28.2,32.1,N
2328,몬스테라,Medium,Low,실내,4,23.0,4.3,51.8,20.7,49.2,50.0,N
2329,고무나무,Small,High,베란다,3,73.0,17.1,60.9,18.4,38.1,42.1,N
2330,몬스테라,Medium,Low,실내,3,83.0,6.3,41.9,23.1,80.4,82.4,N
2331,스투키,Small,Medium,베란다,3,78.0,43.4,77.1,21.1,57.0,63.0,N
2332,몬스테라,Large,High,실내,2,198.0,5.3,58.1,26.8,64.3,69.5,N
2333,고무나무,Large,High,실내,1,100.0,33.4,38.8,24.7,50.3,57.1,N
2334,고무나무,Medium,High,베란다,4,263.0,16.8,67.1,23.0,48.4,53.8,Y
2335,몬스테라,Medium,Medium,실내,1,87.0,42.9,58.0,19.7,42.3,44.5,N
2336,스투키,Small,Low,베란다,1,31.0,18.6,64.5,17.9,27.8,31.5,N
2337,스킨답서스,Small,Low,실내,4,17.0,34.6,92.8,22.0,43.3,46.8,N
2338,스투키,Small,Medium,실내,3,243.0,33.0,68.7,22.4,10.9,20.9,N
2339,몬스테라,Medium,High,실내,2,7.0,16.3,68.1,16.8,18.4,20.0,N
2340,스킨답서스,Medium,Low,실내,3,15.0,28.5,50.7,23.4,26.8,31.0,N
2341,산세베리아,Large,Medium,베란다,1,8.0,35.6,56.3,22.1,29.8,32.8,N
2342,몬스테라,Medium,Medium,실내,3,66.0,43.0,50.7,14.0,5.0,10.0,N
2343,몬스테라,Medium,Medium,베란다,1,91.0,3.2,39.3,19.4,57.1,59.0,N
2344,스투키,Medium,Medium,실내,4,2.0,6.2,49.9,19.6,41.4,49.6,N
2345,필로덴드론,Medium,Medium,실내,6,87.0,37.4,68.6,18.3,33.1,38.4,N
2346,고무나무,Small,High,실내,3,60.0,16.0,59.6,23.2,52.1,55.5,Y
2347,고무나무,Medium,Low,실내,0,178.0,24.9,41.0,27.4,5.0,8.2,N
2348,스투키,Medium,High,실내,3,213.0,3.8,53.7,23.4,65.6,75.0,N
2349,스킨답서스,Medium,Low,실내,0,139.0,85.4,45.6,23.9,27.7,30.0,N
2350,몬스테라,Large,Low,실내,3,77.0,9.9,60.6,19.7,95.5,100.6,N
2351,고무나무,Small,Medium,베란다,2,29.0,29.2,46.8,23.5,92.2,99.0,N
2352,필로덴드론,Small,High,베란다,5,225.0,11.9,48.3,21.4,58.4,67.5,N
2353,고무나무,Medium,Medium,실내,1,50.0,52.2,39.6,22.0,57.7,63.5,N
2354,산세베리아,Medium,Medium,실내,1,53.0,43.3,75.0,20.2,38.3,42.5,N
2355,고무나무,Small,Medium,실내,3,297.0,47.1,54.4,17.3,144.2,152.8,Y
2356,몬스테라,Medium,Low,실내,2,446.0,33.5,53.6,24.8,50.1,54.6,N
2357,필로덴드론,Large,High,실내,2,274.0,40.0,59.0,22.5,26.0,32.1,N
2358,몬스테라,Large,,실내,1,761.0,15.5,59.9,21.3,60.4,61.9,N
2359,스킨답서스,Small,Low,베란다,2,244.0,55.6,46.8,27.5,37.4,39.7,N
2360,몬스테라,Large,Medium,실내,2,146.0,21.2,57.8,19.0,55.3,57.8,N
2361,몬스테라,Medium,High,실내,3,42.0,10.3,56.1,23.9,9.0,15.3,N
2362,스킨답서스,Medium,Medium,실내,2,367.0,21.2,67.3,28.2,9.7,15.3,N
2363,스투키,Medium,Medium,베란다,1,251.0,18.0,64.0,23.3,15.1,19.6,N
2364,스킨답서스,Large,Low,실내,1,33.0,22.6,54.9,18.5,50.6,53.9,N
2365,스킨답서스,Medium,Medium,베란다,3,81.0,10.1,55.3,24.9,11.3,16.6,Y
2366,몬스테라,Medium,Low,베란다,2,9.0,41.7,52.5,20.4,89.3,92.7,N
2367,몬스테라,Medium,High,베란다,0,368.0,12.4,56.3,20.2,30.3,33.6,Y
2368,스킨답서스,Medium,Medium,베란다,1,102.0,28.4,54.6,19.3,31.8,38.5,N
2369,스투키,Small,Medium,실내,3,34.0,32.7,56.9,26.9,38.8,43.9,N
2370,고무나무,Large,High,실내,1,42.0,31.7,37.4,20.8,78.8,84.1,Y
2371,고무나무,Medium,Low,실내,2,473.0,33.6,47.3,19.2,71.5,70.3,N
2372,산세베리아,Medium,Medium,실내,1,115.0,9.9,72.2,25.7,12.7,14.9,N
2373,고무나무,Small,Medium,실내,3,66.0,37.3,47.1,17.2,,40.0,N
2374,스킨답서스,Medium,Medium,실내,2,83.0,8.1,53.3,22.2,54.8,61.2,N
2375,고무나무,Small,High,실내,1,12.0,5.5,57.5,20.0,42.6,43.9,N
2376,스투키,Small,High,베란다,2,9.0,24.1,52.9,23.8,69.1,75.1,N
2377,스투키,Medium,Low,실내,1,108.0,16.7,48.2,20.7,59.7,61.6,N
2378,산세베리아,Medium,High,실내,2,86.0,35.6,66.0,17.8,39.4,47.7,N
2379,스킨답서스,Medium,Medium,베란다,2,53.0,55.1,42.6,22.4,9.8,15.2,N
2380,산세베리아,Small,High,실내,4,100.0,37.2,30.3,20.6,28.1,38.5,N
2381,산세베리아,Medium,Medium,베란다,1,9.0,10.7,70.5,24.5,47.5,51.3,N
2382,산세베리아,Small,Medium,베란다,2,346.0,11.9,39.5,22.2,11.5,14.2,N
2383,필로덴드론,Large,Medium,실내,4,42.0,11.3,63.7,28.4,48.9,52.4,N
2384,스킨답서스,Medium,Medium,실내,2,9.0,38.4,50.3,20.3,11.9,21.6,N
2385,,Medium,Medium,실내,2,22.0,22.1,73.0,25.5,48.5,52.1,N
2386,스킨답서스,Small,Low,베란다,2,12.0,30.1,52.0,20.9,60.7,60.4,N
2387,스투키,Small,High,실내,2,24.0,8.5,48.5,21.6,27.1,31.4,N
2388,고무나무,Large,Medium,실내,1,65.0,30.0,65.7,24.3,84.1,87.1,N
2389,고무나무,Small,High,베란다,0,161.0,16.8,69.9,19.2,51.7,53.1,N
2390,고무나무,Medium,Medium,실내,1,38.0,67.2,74.4,25.6,39.2,45.3,N
2391,스투키,Medium,Medium,베란다,2,69.0,8.4,24.9,24.1,67.4,71.8,N
2392,몬스테라,Small,High,베란다,1,317.0,6.8,31.2,24.4,30.0,30.0,N
2393,스킨답서스,Large,Medium,베란다,1,42.0,19.7,41.9,24.8,18.5,22.5,N
2394,몬스테라,Medium,High,베란다,0,190.0,18.5,41.6,23.7,61.7,67.0,N
2395,산세베리아,Small,High,실내,1,21.0,53.4,49.1,24.0,40.6,45.8,Y
2396,스투키,Small,Medium,베란다,2,24.0,15.5,55.6,25.9,42.2,43.9,N
2397,몬스테라,Small,Medium,실내,3,73.0,82.8,57.3,22.0,32.0,38.5,N
2398,몬스테라,Large,Low,실내,1,32.0,21.5,61.6,21.5,17.4,18.7,N
2399,,Medium,Medium,실내,4,280.0,11.4,46.6,23.5,116.7,122.3,N
2400,고무나무,Small,Low,베란다,1,6.0,16.5,53.9,22.3,71.2,71.0,N
2401,스투키,Small,High,베란다,3,109.0,36.0,54.2,24.8,11.3,18.5,Y
2402,몬스테라,Medium,Medium,베란다,1,111.0,32.4,55.2,27.6,74.2,78.1,N
2403,스킨답서스,Medium,Medium,실내,2,8.0,62.7,48.9,19.2,59.4,66.4,N
2404,스투키,Medium,Medium,베란다,1,158.0,6.3,57.6,22.3,66.7,66.8,N
2405,고무나무,Medium,High,베란다,3,76.0,16.8,42.6,18.8,83.8,88.9,N
2406,고무나무,Small,Low,실내,1,154.0,109.7,75.6,21.4,50.8,54.2,N
2407,스투키,Medium,Low,실내,3,210.0,13.0,44.5,21.6,29.4,35.4,N
2408,몬스테라,Large,Low,실내,0,47.0,48.7,59.7,20.8,53.2,57.8,N
2409,필로덴드론,Small,High,실내,0,80.0,2.0,51.1,24.7,17.6,20.0,N
2410,스킨답서스,Medium,High,실내,4,36.0,12.7,49.1,23.1,48.8,53.2,N
2411,고무나무,Medium,Medium,실내,1,27.0,32.1,36.9,20.2,96.6,102.5,N
2412,몬스테라,Medium,High,실내,2,0.0,32.8,48.5,24.7,74.0,82.9,Y
2413,스킨답서스,Small,Low,실내,5,398.0,29.0,52.1,21.7,13.2,17.3,N
2414,몬스테라,Large,High,실내,0,70.0,31.5,48.1,20.4,40.8,44.3,N
2415,,Medium,Low,실내,5,2.0,48.0,63.1,18.9,43.4,46.8,N
2416,필로덴드론,Medium,Low,베란다,0,1.0,22.1,75.1,17.6,30.8,33.8,N
2417,스투키,Small,Low,실내,6,41.0,61.2,54.2,20.6,85.0,91.9,N
2418,몬스테라,Small,Medium,실내,2,2.0,24.2,61.1,22.2,38.6,41.0,N
2419,몬스테라,Small,High,실내,2,56.0,22.3,69.9,24.8,56.3,60.5,N
2420,스투키,Medium,Medium,실내,1,8.0,4.3,42.2,15.9,42.3,42.9,N
2421,몬스테라,Small,High,베란다,0,5.0,53.7,76.3,27.6,58.8,68.2,Y
2422,몬스테라,Medium,Medium,실내,4,133.0,5.8,39.2,19.7,33.9,39.7,N
2423,산세베리아,Medium,Low,실내,2,285.0,44.6,55.0,20.8,38.2,43.7,N
2424,스킨답서스,Medium,Medium,베란다,4,63.0,36.7,63.1,21.0,49.1,56.1,N
2425,스투키,Medium,Medium,실내,4,218.0,59.9,73.5,20.1,51.4,60.2,Y
2426,필로덴드론,Medium,High,실내,0,4.0,4.1,54.9,21.1,5.8,7.8,N
2427,몬스테라,Small,Medium,실내,1,180.0,69.5,56.2,21.3,31.0,39.9,Y
2428,필로덴드론,Small,Medium,실내,2,8.0,16.4,74.6,21.5,33.3,38.1,N
2429,스투키,Medium,Medium,베란다,2,219.0,13.6,37.0,26.8,46.4,50.3,N
2430,산세베리아,Medium,Medium,실내,2,257.0,8.6,42.9,19.8,36.9,37.0,N
2431,고무나무,Small,High,베란다,4,185.0,20.1,40.3,27.5,44.1,53.0,N
2432,산세베리아,Medium,Low,베란다,1,206.0,28.3,42.0,23.6,50.8,54.1,N
2433,필로덴드론,Small,High,실내,1,99.0,33.4,43.9,17.3,19.8,27.9,N
2434,스투키,Small,Medium,실내,5,37.0,15.0,69.8,19.5,41.0,46.9,N
2435,필로덴드론,Small,Medium,실내,4,124.0,13.2,73.2,19.1,55.5,59.7,N
2436,스투키,Large,High,실내,2,69.0,73.2,59.6,21.9,56.9,69.7,N
2437,스투키,Small,Medium,실내,2,1.0,28.9,66.8,26.0,48.0,50.0,N
2438,스투키,Small,Medium,실내,2,78.0,34.1,64.8,24.4,45.9,49.4,N
2439,스킨답서스,Small,Low,실내,1,126.0,44.4,55.0,18.9,12.1,18.0,Y
2440,몬스테라,Small,Low,베란다,4,2.0,31.4,66.1,25.6,72.7,78.4,N
2441,스킨답서스,Medium,High,실내,2,117.0,14.4,64.1,18.9,41.2,46.1,N
2442,스킨답서스,Small,Medium,실내,2,127.0,8.6,62.8,19.3,56.7,60.1,N
2443,산세베리아,Small,High,베란다,3,21.0,38.0,56.1,25.1,35.2,42.9,N
2444,산세베리아,Medium,Low,실내,0,68.0,35.1,57.2,25.1,38.0,41.8,N
2445,스킨답서스,Small,Low,실내,1,400.0,32.7,53.0,24.4,38.4,42.6,N
2446,스투키,Medium,Low,실내,3,259.0,24.6,33.9,22.1,29.6,34.1,N
2447,스투키,Medium,Medium,실내,1,63.0,23.6,54.2,21.8,42.8,48.2,N
2448,몬스테라,Small,High,실내,0,52.0,9.3,55.6,18.5,58.3,62.5,N
2449,몬스테라,Medium,Medium,실내,1,16.0,3.5,44.3,22.0,56.9,55.0,N
2450,스투키,Small,Medium,실내,4,4.0,46.4,49.2,20.0,27.4,35.6,N
2451,스투키,Medium,High,베란다,2,42.0,65.7,63.4,21.5,51.1,59.3,N
2452,필로덴드론,Medium,High,실내,0,338.0,36.0,65.5,28.9,71.5,80.7,N
2453,스킨답서스,Small,Low,실내,4,382.0,7.7,35.1,23.0,43.0,43.4,N
2454,스투키,Medium,High,실내,5,201.0,24.1,46.6,18.7,50.1,57.0,N
2455,스킨답서스,Large,Medium,실내,1,52.0,11.9,64.6,25.7,37.2,40.8,N
2456,몬스테라,Large,Low,실내,3,19.0,18.5,39.8,26.0,5.0,5.8,N
2457,스킨답서스,Medium,Low,베란다,2,109.0,9.4,53.4,26.3,60.5,68.0,N
2458,고무나무,Medium,Medium,실내,2,125.0,26.3,40.1,20.6,95.7,101.7,N
2459,스킨답서스,Small,Medium,실내,1,66.0,42.9,44.3,21.7,38.1,41.9,N
2460,스킨답서스,Small,Medium,실내,3,141.0,32.3,59.2,18.2,26.0,32.8,N
2461,필로덴드론,Medium,Low,실내,1,165.0,16.9,62.5,26.7,5.0,7.6,N
2462,산세베리아,Medium,High,실내,2,183.0,28.1,67.6,22.4,20.4,25.6,N
2463,고무나무,Large,High,실내,3,84.0,5.1,88.6,17.9,46.5,50.0,N
2464,스킨답서스,Medium,High,실내,3,188.0,41.7,52.7,27.0,35.5,41.7,N
2465,고무나무,Medium,Medium,실내,0,3.0,36.7,53.3,20.0,109.0,111.9,N
2466,,Medium,Low,실내,2,137.0,31.8,70.4,20.8,56.5,61.6,Y
2467,스투키,Large,Low,실내,2,32.0,54.5,68.5,18.9,47.6,52.6,N
2468,몬스테라,Medium,Low,실내,2,38.0,30.9,61.5,18.4,59.3,66.8,N
2469,스킨답서스,Medium,Medium,베란다,2,11.0,18.1,50.4,23.2,8.7,11.5,N
2470,스킨답서스,Small,Medium,실내,0,26.0,17.4,63.9,19.9,5.0,5.5,N
2471,스투키,Large,High,베란다,0,580.0,18.8,47.9,17.4,63.6,67.1,N
2472,필로덴드론,Small,Medium,실내,1,64.0,31.8,47.1,25.0,12.6,17.9,N
2473,필로덴드론,Large,Medium,실내,4,315.0,11.2,58.3,23.5,51.5,58.2,N
2474,고무나무,Medium,Medium,실내,4,21.0,13.1,79.8,27.4,99.3,105.9,Y
2475,스킨답서스,Medium,Medium,실내,3,27.0,8.6,51.6,20.9,23.4,28.6,N
2476,산세베리아,Medium,Medium,실내,3,98.0,10.8,55.7,22.1,36.5,40.3,N
2477,,Medium,Low,실내,1,52.0,21.7,36.1,22.6,42.0,43.5,N
2478,산세베리아,Small,Medium,베란다,4,124.0,71.9,44.1,22.4,31.9,43.8,N
2479,몬스테라,Large,Medium,실내,2,66.0,8.2,59.4,22.8,64.1,65.7,N
2480,,Medium,Low,실내,3,200.0,52.1,60.7,21.0,31.7,36.4,N
2481,스투키,Small,High,실내,0,68.0,13.9,78.3,16.6,57.0,62.8,N
2482,산세베리아,Small,High,베란다,0,102.0,48.5,42.4,22.9,15.8,19.5,N
2483,필로덴드론,Medium,Low,베란다,3,,18.6,56.7,23.7,,22.3,N
2484,몬스테라,Medium,Low,실내,2,146.0,29.9,49.6,21.0,32.7,36.3,N
2485,스킨답서스,Medium,High,베란다,2,128.0,30.6,58.4,29.5,70.5,78.0,N
2486,필로덴드론,Medium,Low,실내,5,61.0,20.6,48.6,20.6,33.4,37.0,N
2487,스킨답서스,Medium,Medium,실내,3,39.0,20.1,34.2,20.1,60.4,66.7,N
2488,산세베리아,Large,Low,실내,3,114.0,63.9,62.7,23.3,55.8,57.1,N
2489,스킨답서스,Medium,Low,베란다,3,344.0,25.8,46.1,22.7,7.1,9.2,N
2490,스투키,Large,High,베란다,5,,18.5,52.2,17.3,76.3,87.6,N
2491,스투키,Small,High,베란다,3,193.0,91.1,55.8,24.4,59.8,67.7,N
2492,몬스테라,Medium,Low,실내,2,94.0,96.2,54.7,20.6,58.6,67.8,Y
2493,산세베리아,Small,Medium,베란다,4,89.0,124.1,20.0,25.7,23.5,34.6,N
2494,스투키,Medium,Low,실내,1,391.0,6.5,35.9,23.2,47.3,52.4,N
2495,스킨답서스,Large,Low,실내,2,112.0,2.1,51.7,21.3,19.0,23.5,N
2496,스킨답서스,Small,High,실내,2,213.0,29.8,82.6,25.8,27.5,34.6,Y
2497,스킨답서스,Small,Medium,실내,4,87.0,66.5,43.8,20.4,36.2,45.2,N
2498,산세베리아,Large,Medium,실내,2,34.0,24.1,50.5,18.0,31.5,40.1,N
2499,필로덴드론,Small,High,실내,2,142.0,59.4,71.1,17.9,62.1,68.5,Y
2500,스킨답서스,Medium,High,베란다,0,308.0,62.4,63.5,22.7,19.4,25.8,N
2501,산세베리아,Medium,High,실내,0,221.0,13.8,60.1,27.5,17.2,19.5,N
2502,산세베리아,Large,Low,실내,3,27.0,21.0,56.5,21.6,17.6,19.2,N
2503,스킨답서스,Small,Low,베란다,5,46.0,4.2,32.2,24.3,27.7,33.7,N
2504,필로덴드론,Small,Medium,실내,1,87.0,8.8,36.0,22.9,62.6,66.6,N
2505,몬스테라,Medium,Medium,실내,3,102.0,11.1,44.0,20.8,11.9,17.6,N
2506,몬스테라,Large,High,실내,2,26.0,6.4,50.2,17.0,72.6,78.4,N
2507,산세베리아,Medium,Medium,실내,1,31.0,29.1,69.5,22.5,17.8,23.6,N
2508,스킨답서스,Small,High,실내,2,171.0,6.2,55.4,24.4,60.5,65.2,Y
2509,산세베리아,Medium,Low,실내,2,157.0,50.8,47.4,23.4,53.6,59.4,N
2510,산세베리아,Large,High,베란다,1,219.0,66.5,51.6,21.0,15.7,23.5,N
2511,몬스테라,Large,Medium,실내,1,324.0,59.9,71.5,20.4,30.7,36.5,N
2512,산세베리아,Large,High,실내,2,44.0,38.7,56.5,20.1,28.1,34.5,N
2513,스킨답서스,Small,Low,실내,3,236.0,0.6,63.0,20.0,20.0,22.3,N
2514,스킨답서스,Small,Medium,실내,2,132.0,45.7,49.2,22.1,,57.7,N
2515,고무나무,Medium,High,실내,1,380.0,49.0,31.9,21.5,47.4,54.1,N
2516,필로덴드론,Large,Medium,베란다,4,38.0,10.7,62.8,23.5,11.4,15.5,N
2517,몬스테라,Small,Medium,베란다,1,38.0,40.9,58.9,19.1,60.9,65.3,N
2518,스킨답서스,Small,High,실내,5,146.0,32.2,66.6,21.9,55.2,64.4,Y
2519,고무나무,Medium,Medium,베란다,2,316.0,18.4,56.0,21.9,128.3,132.5,N
2520,고무나무,Small,Medium,실내,0,209.0,32.2,84.0,20.5,64.4,64.2,N
2521,고무나무,Medium,Low,실내,1,156.0,59.1,43.7,22.9,111.7,116.6,N
2522,몬스테라,Medium,High,실내,2,59.0,14.1,42.0,19.3,81.1,86.3,Y
2523,스투키,Medium,Medium,실내,3,152.0,13.9,52.8,25.6,40.5,46.2,N
2524,스투키,Medium,Medium,베란다,2,194.0,31.7,51.5,23.3,23.8,30.0,N
2525,산세베리아,Medium,Low,실내,0,168.0,18.2,52.7,23.6,30.2,29.7,N
2526,스투키,Medium,Medium,실내,0,136.0,8.9,53.8,21.8,65.6,69.2,N
2527,몬스테라,Medium,Low,베란다,2,6.0,49.7,51.1,21.0,74.7,76.2,N
2528,필로덴드론,Medium,Low,베란다,1,129.0,32.9,48.5,19.8,69.7,73.0,N
2529,몬스테라,Medium,Medium,베란다,2,78.0,2.9,43.1,19.5,60.8,60.9,N
2530,필로덴드론,Small,Low,실내,3,391.0,43.1,61.7,17.4,47.0,46.4,N
2531,고무나무,Small,Low,실내,2,112.0,40.0,69.3,22.3,26.4,31.5,N
2532,산세베리아,Small,Medium,실내,0,112.0,29.6,94.5,24.1,26.1,30.6,N
2533,스투키,Small,Low,실내,2,615.0,20.2,59.4,18.3,53.6,55.9,N
2534,몬스테라,Medium,Medium,베란다,3,12.0,18.8,68.5,26.0,70.5,75.7,N
2535,고무나무,Large,Low,베란다,2,39.0,38.8,57.6,17.3,81.2,81.2,N
2536,산세베리아,Medium,Medium,베란다,2,128.0,7.0,63.5,24.6,24.6,28.4,N
2537,고무나무,Medium,Medium,실내,1,45.0,34.1,54.1,19.5,72.1,76.7,N
2538,몬스테라,Medium,High,베란다,5,51.0,39.7,51.5,25.2,87.4,96.8,Y
2539,산세베리아,Medium,Medium,베란다,1,268.0,48.4,52.2,24.3,29.8,34.5,N
2540,산세베리아,Medium,Low,실내,3,104.0,13.6,77.8,29.9,20.1,21.0,N
2541,고무나무,Small,Low,실내,1,13.0,16.1,76.4,20.1,48.4,47.4,N
2542,,Small,Medium,베란다,4,45.0,38.0,44.9,15.3,46.2,53.5,N
2543,산세베리아,Medium,High,실내,2,9.0,13.3,61.0,16.3,53.7,56.6,N
2544,고무나무,Large,,베란다,2,97.0,7.1,51.9,21.4,88.9,92.0,N
2545,몬스테라,Small,Medium,실내,3,23.0,21.5,76.5,22.5,53.0,59.0,N
2546,스킨답서스,Small,Low,베란다,1,233.0,78.5,40.8,19.8,88.0,93.9,N
2547,몬스테라,Medium,Medium,베란다,3,103.0,26.3,68.7,23.1,74.3,80.5,N
2548,스킨답서스,Small,Medium,실내,0,7.0,3.8,56.2,24.7,26.3,34.4,N
2549,스킨답서스,Large,Medium,베란다,2,43.0,29.1,32.7,23.8,17.6,21.9,N
2550,몬스테라,Medium,High,실내,0,115.0,20.3,78.1,21.9,20.5,25.0,N
2551,스투키,Large,Medium,실내,1,49.0,9.6,34.2,19.5,38.2,40.0,N
2552,몬스테라,Medium,Low,실내,0,86.0,16.2,42.8,24.5,32.0,35.6,N
2553,,Medium,Medium,실내,1,288.0,66.4,40.1,26.1,50.0,56.2,N
2554,필로덴드론,Medium,Medium,베란다,1,52.0,10.3,70.6,20.2,53.0,52.6,N
2555,몬스테라,Medium,Medium,베란다,2,49.0,71.9,47.7,18.5,87.7,93.0,N
2556,필로덴드론,Medium,Medium,실내,2,206.0,24.9,41.0,25.5,22.9,27.2,N
2557,스킨답서스,Small,Medium,실내,3,46.0,18.6,62.4,23.0,5.6,8.2,N
2558,스투키,Medium,Medium,실내,1,10.0,19.6,41.7,22.9,49.6,54.3,N
2559,몬스테라,Medium,High,실내,2,24.0,20.6,60.6,27.2,43.8,46.8,N
2560,스킨답서스,Large,Medium,베란다,1,357.0,69.8,59.4,16.6,53.2,58.9,N
2561,산세베리아,Medium,High,실내,2,325.0,2.7,58.0,21.4,11.9,15.9,N
2562,고무나무,Medium,Low,실내,2,31.0,18.5,31.6,23.1,99.2,103.7,N
2563,몬스테라,Small,Medium,실내,4,97.0,20.4,69.0,28.0,36.9,42.5,N
2564,·정보없음,Medium,High,실내,2,18.0,39.3,72.6,21.9,42.9,51.6,N
2565,스킨답서스,Medium,Medium,베란다,2,135.0,23.9,66.4,20.5,48.6,54.0,N
2566,스투키,Large,High,실내,1,25.0,25.7,64.1,22.7,47.0,49.8,N
2567,스투키,Large,High,실내,2,6.0,74.4,52.9,24.2,43.6,57.3,N
2568,스투키,Small,Low,베란다,1,209.0,26.2,75.7,25.6,58.9,63.3,N
2569,산세베리아,Large,Medium,베란다,1,47.0,17.5,38.4,26.4,11.1,12.6,N
2570,필로덴드론,Small,Low,베란다,3,14.0,25.5,27.8,16.3,21.0,22.1,N
2571,스킨답서스,Medium,High,베란다,2,215.0,26.9,70.0,19.7,37.9,46.5,N
2572,필로덴드론,Medium,High,베란다,2,172.0,7.0,34.0,24.6,5.0,11.7,N
2573,스투키,Small,Low,실내,2,138.0,52.8,68.2,22.8,21.8,102.8,N
2574,스킨답서스,Medium,Low,실내,0,291.0,33.6,38.0,23.3,46.5,46.6,N
2575,스투키,Small,Medium,실내,2,81.0,11.1,62.7,20.1,57.8,60.5,N
2576,고무나무,Small,Medium,베란다,2,16.0,32.7,46.1,22.7,76.2,83.8,N
2577,필로덴드론,Medium,Low,실내,2,8.0,5.7,59.7,21.3,12.5,15.8,N
2578,고무나무,Medium,Medium,실내,2,46.0,35.8,71.9,23.4,71.9,75.6,N
2579,스투키,Large,Medium,실내,3,11.0,41.2,44.9,23.5,64.8,73.8,N
2580,,Medium,Low,베란다,3,92.0,87.7,74.9,23.0,68.0,77.1,N
2581,몬스테라,Medium,High,실내,1,2.0,11.1,55.2,22.8,32.2,35.4,N
2582,산세베리아,Medium,High,실내,1,70.0,26.0,56.4,21.5,16.2,20.0,Y
2583,스킨답서스,Small,High,실내,3,24.0,22.7,69.2,26.8,41.7,51.7,N
2584,스킨답서스,Small,High,베란다,3,55.0,14.9,70.8,25.4,31.8,41.6,N
2585,스킨답서스,Medium,Low,실내,2,135.0,11.6,54.2,22.2,33.3,38.9,N
2586,고무나무,Medium,Medium,실내,3,52.0,21.9,36.6,24.6,75.8,81.9,N
2587,몬스테라,Medium,Low,실내,3,50.0,27.2,55.6,28.1,45.7,48.0,N
2588,고무나무,Medium,High,실내,4,562.0,16.4,36.9,19.3,84.1,93.6,Y
2589,스투키,Medium,High,실내,3,152.0,32.4,53.9,19.9,28.3,35.3,N
2590,고무나무,Small,High,실내,1,87.0,24.4,50.8,22.3,82.6,86.9,N
2591,,Small,High,실내,3,104.0,10.6,37.7,22.9,,48.1,N
2592,산세베리아,Large,Medium,베란다,1,116.0,44.6,44.4,20.4,28.7,33.6,N
2593,스킨답서스,Medium,Medium,실내,2,3.0,42.2,70.3,24.1,38.1,42.7,N
2594,스킨답서스,Large,Medium,실내,1,10.0,21.9,51.1,21.8,89.0,90.6,N
2595,몬스테라,Small,Low,베란다,4,126.0,1.9,49.5,25.3,23.8,26.4,N
2596,산세베리아,Large,Low,베란다,2,54.0,5.6,61.5,20.0,63.8,64.7,N
2597,스투키,Small,Medium,실내,3,7.0,54.4,74.7,19.4,15.6,19.9,N
2598,스킨답서스,Small,Medium,실내,2,42.0,75.9,48.0,21.4,58.2,65.8,N
2599,스투키,Large,Medium,베란다,1,17.0,50.7,69.0,21.5,52.0,57.6,N
2600,몬스테라,Small,Medium,베란다,2,298.0,13.0,55.0,19.3,35.8,41.4,N
2601,고무나무,Medium,Medium,실내,3,27.0,42.8,78.2,22.3,78.3,85.0,Y
2602,몬스테라,Small,Medium,실내,3,19.0,39.6,67.8,20.0,52.0,58.2,N
2603,고무나무,Medium,Medium,실내,2,118.0,40.1,50.6,27.7,46.8,53.8,N
2604,스투키,Large,Medium,실내,1,89.0,23.4,58.3,21.8,59.5,63.7,N
2605,몬스테라,Small,High,실내,1,103.0,26.6,45.4,23.1,89.3,95.2,N
2606,스킨답서스,Medium,Medium,실내,6,69.0,6.1,57.0,18.3,16.7,24.8,N
2607,몬스테라,Small,Medium,실내,3,76.0,105.9,45.1,23.7,48.9,57.4,N
2608,스투키,Medium,High,실내,1,181.0,5.6,46.7,19.6,31.8,37.6,N
2609,고무나무,Small,High,실내,1,30.0,16.3,69.0,24.7,90.4,95.1,N
2610,몬스테라,Small,High,실내,0,61.0,94.8,57.7,17.4,6.9,15.4,N
2611,산세베리아,Small,Medium,실내,2,380.0,19.6,59.4,21.9,35.3,41.7,N
2612,몬스테라,Small,Low,실내,0,25.0,21.8,49.0,25.1,75.2,76.0,N
2613,스투키,Large,Medium,베란다,2,42.0,24.5,51.3,22.5,24.0,27.9,N
2614,고무나무,Medium,Medium,실내,0,26.0,27.4,50.7,21.6,77.3,81.6,N
2615,스투키,Small,High,베란다,2,2.0,9.5,47.9,26.0,16.8,22.5,Y
2616,몬스테라,Medium,Medium,실내,2,38.0,38.5,47.5,19.5,70.1,82.2,N
2617,스투키,Small,Low,실내,1,6.0,37.1,44.6,18.5,61.2,66.0,N
2618,스투키,Medium,Low,실내,3,20.0,22.5,38.4,18.9,43.4,41.9,N
2619,산세베리아,Large,Low,베란다,3,54.0,34.7,54.1,19.0,47.8,52.0,N
2620,스투키,Medium,Medium,실내,1,3.0,12.1,43.6,23.2,64.6,64.3,N
2621,산세베리아,Large,High,실내,3,168.0,66.5,74.9,21.1,48.0,57.2,N
2622,산세베리아,Medium,High,실내,2,191.0,126.7,38.9,25.0,23.0,36.3,N
2623,스킨답서스,Small,High,베란다,3,64.0,17.0,50.2,23.4,47.9,53.8,Y
2624,필로덴드론,Medium,Low,베란다,2,501.0,25.8,63.8,23.1,,45.9,N
2625,스투키,Medium,Medium,실내,4,136.0,9.4,29.3,16.8,5.0,10.8,N
2626,필로덴드론,Medium,Low,실내,3,163.0,40.3,64.3,23.7,43.2,45.9,N
2627,몬스테라,Large,Medium,실내,5,26.0,17.2,45.1,25.7,30.1,38.2,N
2628,고무나무,Medium,High,실내,4,218.0,17.3,42.0,22.3,71.7,75.8,N
2629,스킨답서스,Large,Medium,실내,2,348.0,38.9,62.0,19.1,39.9,44.0,N
2630,스투키,Medium,High,베란다,1,32.0,29.4,63.4,17.3,46.2,53.4,N
2631,고무나무,Medium,Medium,베란다,0,139.0,12.5,41.7,25.0,53.4,51.6,N
2632,고무나무,Medium,Low,실내,2,165.0,2.7,51.0,22.3,89.7,92.9,N
2633,몬스테라,Small,Low,실내,1,44.0,18.1,69.5,17.9,69.7,70.4,N
2634,몬스테라,Large,Medium,실내,0,77.0,5.6,49.7,23.1,46.7,48.5,N
2635,고무나무,Medium,High,실내,2,12.0,45.0,42.9,21.9,5.0,10.3,N
2636,고무나무,Small,Low,실내,2,23.0,21.3,53.5,26.8,58.4,60.6,Y
2637,필로덴드론,Small,High,실내,4,8.0,16.2,53.9,19.6,49.1,54.8,N
2638,산세베리아,Medium,High,실내,1,99.0,12.7,51.9,23.1,24.9,26.9,N
2639,필로덴드론,Small,Medium,실내,2,118.0,30.0,60.4,25.6,39.2,45.9,N
2640,고무나무,Small,High,베란다,0,297.0,19.9,47.3,23.4,48.4,52.0,Y
2641,스투키,Medium,Medium,실내,2,94.0,44.5,62.6,21.5,61.7,68.0,N
2642,몬스테라,Small,Medium,실내,2,36.0,21.1,50.6,21.0,86.1,90.9,N
2643,산세베리아,Medium,High,실내,3,7.0,43.5,37.7,21.1,53.5,64.6,Y
2644,고무나무,Small,High,실내,2,259.0,16.3,74.1,20.5,45.8,52.3,N
2645,몬스테라,Small,Medium,베란다,2,78.0,29.4,36.5,19.9,109.7,115.8,N
2646,스투키,Medium,Medium,베란다,1,160.0,7.7,64.9,25.4,30.9,35.5,N
2647,필로덴드론,Medium,Low,실내,0,2.0,22.6,53.1,25.1,34.5,34.7,N
2648,스킨답서스,Small,Low,베란다,2,80.0,68.8,55.2,24.2,76.1,83.9,N
2649,스킨답서스,Small,Medium,실내,2,47.0,8.3,44.5,22.7,65.2,66.5,N
2650,스킨답서스,Medium,High,베란다,1,4.0,36.3,49.2,22.6,38.0,44.6,N
2651,몬스테라,Small,Medium,실내,0,179.0,69.6,64.6,17.3,60.0,66.1,N
2652,스투키,Small,Low,실내,4,86.0,13.9,41.7,24.1,56.1,64.4,N
2653,스투키,Small,Medium,실내,1,49.0,18.8,49.0,22.0,29.2,33.7,N
2654,,Large,Medium,베란다,2,197.0,13.4,67.7,18.4,69.2,71.9,N
2655,산세베리아,Medium,Medium,실내,4,71.0,42.8,48.0,25.1,14.5,20.6,N
2656,스킨답서스,Medium,Low,베란다,1,0.0,45.2,55.3,21.5,39.4,41.5,N
2657,산세베리아,Medium,High,실내,1,347.0,58.2,56.3,24.2,33.1,40.7,N
2658,산세베리아,Medium,Low,베란다,3,35.0,73.8,44.6,23.3,43.4,48.6,N
2659,몬스테라,Medium,Medium,실내,2,213.0,7.1,60.1,19.3,90.1,94.9,N
2660,고무나무,Medium,High,베란다,3,203.0,44.5,54.1,24.2,52.2,60.9,N
2661,스킨답서스,Small,Medium,실내,2,21.0,61.0,45.4,20.0,17.3,25.0,N
2662,산세베리아,Medium,Medium,실내,2,77.0,54.4,62.6,17.0,40.7,44.7,N
2663,몬스테라,Medium,Medium,베란다,2,5.0,11.9,56.7,24.2,74.0,75.0,N
2664,고무나무,Medium,Medium,베란다,4,53.0,43.3,54.2,22.6,29.1,38.7,N
2665,고무나무,Medium,Medium,실내,1,158.0,43.6,51.3,22.3,49.7,51.5,N
2666,스투키,Small,Medium,실내,2,32.0,18.9,37.4,24.3,,35.2,N
2667,몬스테라,Medium,High,실내,1,15.0,29.6,53.2,18.6,61.4,65.3,N
2668,고무나무,Medium,High,실내,0,85.0,2.3,28.3,19.1,24.7,31.0,N
2669,고무나무,Large,Medium,실내,2,92.0,35.6,63.9,18.7,72.4,81.6,N
2670,스투키,Small,Low,실내,5,135.0,22.7,41.1,20.6,46.1,50.4,N
2671,고무나무,Medium,Low,실내,3,171.0,26.5,61.5,23.0,88.3,91.1,N
2672,스투키,Medium,Low,베란다,2,143.0,23.7,38.2,28.1,35.9,38.3,N
2673,고무나무,Large,Medium,베란다,3,224.0,21.9,39.4,21.3,91.5,97.4,N
2674,몬스테라,Medium,Low,실내,3,30.0,8.2,46.1,22.5,47.3,51.9,N
2675,,Medium,Medium,실내,3,101.0,15.8,77.4,17.7,30.2,42.1,N
2676,스투키,Medium,High,실내,3,54.0,35.1,49.8,20.4,65.5,71.4,N
2677,스투키,Medium,Medium,실내,2,393.0,56.7,75.1,15.8,45.1,52.0,N
2678,몬스테라,Large,High,실내,0,70.0,11.9,60.6,28.8,21.6,24.7,N
2679,몬스테라,Small,High,실내,4,385.0,31.3,51.9,16.3,43.1,50.9,N
2680,스킨답서스,Small,Low,실내,0,176.0,25.3,57.1,20.4,53.1,54.2,N
2681,스투키,Large,High,실내,3,152.0,54.1,59.0,21.6,66.1,75.1,N
2682,산세베리아,Medium,High,베란다,2,81.0,22.8,60.3,27.3,29.7,36.3,Y
2683,몬스테라,Medium,Medium,베란다,3,70.0,68.0,70.9,22.7,44.1,52.7,N
2684,스투키,Medium,Low,실내,1,90.0,20.8,56.0,17.8,55.1,58.4,N
2685,스투키,Small,Medium,실내,2,42.0,20.0,62.4,21.1,31.3,33.1,N
2686,몬스테라,Medium,High,베란다,4,282.0,13.2,78.5,22.2,50.5,226.4,Y
2687,몬스테라,Medium,Medium,실내,1,190.0,41.0,36.2,20.1,,10.9,N
2688,스킨답서스,Small,Low,베란다,3,194.0,63.4,53.6,19.8,,70.3,N
2689,스킨답서스,Small,Medium,베란다,2,68.0,17.3,64.6,19.6,42.4,47.8,N
2690,스킨답서스,Large,Medium,베란다,0,9.0,20.4,38.4,19.6,45.3,47.7,N
2691,스킨답서스,Small,Medium,실내,2,138.0,13.0,43.4,19.2,33.5,38.7,N
2692,스킨답서스,Large,High,실내,2,56.0,6.1,43.7,19.3,57.6,63.2,Y
2693,몬스테라,Small,Medium,베란다,5,245.0,14.3,59.6,21.0,41.0,45.6,N
2694,스킨답서스,Medium,High,실내,3,182.0,19.4,61.3,24.2,13.2,19.8,N
2695,필로덴드론,Large,High,실내,5,19.0,52.4,44.4,18.1,22.3,33.9,N
2696,스킨답서스,Medium,Medium,실내,2,110.0,13.4,60.1,19.5,,23.3,N
2697,고무나무,Medium,Low,실내,2,141.0,20.3,47.2,22.1,76.5,82.1,N
2698,스투키,Medium,High,베란다,3,101.0,27.7,70.1,23.5,48.3,59.4,N
2699,산세베리아,Small,High,실내,2,87.0,9.8,61.1,26.4,19.9,21.9,Y
2700,산세베리아,Small,Low,베란다,1,31.0,38.2,63.8,24.1,24.0,26.4,Y
2701,스킨답서스,Large,Medium,베란다,2,32.0,19.8,74.1,22.4,58.6,66.2,N
2702,필로덴드론,Medium,Medium,실내,3,175.0,16.2,63.3,21.9,29.8,36.6,N
2703,몬스테라,Medium,High,실내,2,2.0,60.7,48.2,21.6,43.5,53.8,N
2704,몬스테라,Medium,High,베란다,2,181.0,65.5,56.5,18.4,15.2,22.7,N
2705,산세베리아,Small,Low,실내,1,90.0,11.5,39.3,23.1,54.6,55.2,N
2706,산세베리아,Small,High,베란다,3,330.0,43.4,41.8,20.6,37.4,47.3,N
2707,몬스테라,Medium,Low,베란다,1,711.0,79.9,62.2,22.4,60.2,63.3,N
2708,스투키,Medium,High,실내,1,131.0,22.0,75.1,19.1,32.5,35.3,Y
2709,몬스테라,Medium,Medium,베란다,1,64.0,30.4,67.9,21.7,73.2,77.7,Y
2710,스투키,Large,Medium,실내,5,77.0,25.4,59.1,19.2,62.3,69.2,N
2711,산세베리아,Small,Low,실내,1,27.0,44.2,37.0,23.5,27.6,32.3,N
2712,스킨답서스,Medium,Low,베란다,2,13.0,14.0,56.6,21.2,11.8,15.2,N
2713,스투키,Small,Medium,베란다,4,104.0,14.0,42.9,22.5,66.9,76.7,N
2714,스투키,Medium,Medium,실내,3,196.0,14.9,59.7,20.6,19.1,22.3,N
2715,몬스테라,Small,Low,실내,2,36.0,11.5,39.1,24.0,49.9,52.5,N
2716,스투키,Large,Low,실내,0,65.0,11.4,57.0,23.0,53.5,56.2,N
2717,고무나무,Small,Low,실내,1,97.0,22.6,48.8,19.4,43.2,46.6,N
2718,필로덴드론,Large,High,실내,3,286.0,18.3,56.0,19.2,51.1,58.5,Y
2719,산세베리아,Medium,High,실내,2,18.0,32.5,48.6,24.5,42.4,45.7,N
2720,몬스테라,Large,Low,실내,2,32.0,14.4,36.2,15.1,19.0,17.7,N
2721,산세베리아,Medium,Medium,베란다,1,301.0,31.7,67.3,26.1,29.5,31.7,N
2722,산세베리아,Large,Low,실내,1,5.0,24.7,51.4,19.8,21.9,25.3,N
2723,산세베리아,Small,High,실내,2,128.0,79.4,49.8,23.9,28.0,34.0,N
2724,스킨답서스,Medium,High,베란다,2,122.0,23.7,53.3,23.1,27.3,34.8,N
2725,스투키,Large,Medium,베란다,2,58.0,33.9,47.1,20.8,63.2,67.9,N
2726,스투키,Small,High,베란다,0,76.0,10.2,47.1,22.8,58.4,61.0,N
2727,몬스테라,Small,High,실내,2,232.0,11.9,72.3,22.1,47.4,56.7,N
2728,스투키,Medium,High,실내,1,22.0,70.5,56.0,24.2,43.5,55.3,Y
2729,스투키,Large,Medium,실내,3,32.0,37.8,49.8,19.6,85.0,89.9,N
2730,스킨답서스,Medium,Medium,실내,2,86.0,33.9,35.1,23.9,34.4,41.2,N
2731,고무나무,Medium,Low,실내,3,63.0,23.5,48.9,16.1,26.8,30.2,N
2732,스킨답서스,Small,Medium,실내,3,103.0,26.3,43.3,23.7,49.4,56.8,N
2733,몬스테라,Small,Medium,실내,1,304.0,22.2,49.9,21.9,68.3,71.4,N
2734,필로덴드론,Large,Low,실내,1,299.0,37.5,73.2,23.3,49.6,49.7,N
2735,필로덴드론,Small,Medium,실내,1,31.0,25.2,72.2,23.7,39.5,43.5,N
2736,산세베리아,Medium,Medium,실내,1,43.0,42.9,51.9,26.3,18.0,24.6,N
2737,필로덴드론,Large,Low,실내,3,21.0,12.5,46.8,22.3,18.1,20.8,N
2738,스킨답서스,Small,Medium,실내,6,315.0,24.2,61.9,19.3,43.1,52.8,N
2739,필로덴드론,Medium,High,실내,3,61.0,8.8,68.4,27.4,26.3,35.1,Y
2740,몬스테라,Small,High,실내,4,72.0,51.5,51.7,23.0,67.5,80.0,N
2741,스투키,Medium,Medium,실내,2,195.0,35.6,79.2,24.5,48.5,54.8,N
2742,스투키,Small,Medium,실내,1,86.0,6.4,48.5,20.8,22.8,23.3,N
2743,몬스테라,Medium,Medium,실내,2,15.0,33.5,50.7,20.7,48.8,50.1,N
2744,몬스테라,Small,Low,베란다,5,69.0,22.3,53.1,22.3,60.2,65.6,Y
2745,고무나무,Medium,High,실내,3,,52.5,51.0,23.6,40.5,51.2,N
2746,산세베리아,Medium,Low,실내,0,152.0,48.7,41.2,22.8,54.1,56.8,N
2747,,Small,Low,베란다,4,124.0,61.9,64.3,19.0,5.0,10.5,N
2748,몬스테라,Medium,High,실내,2,15.0,43.8,51.6,26.6,34.1,41.4,N
2749,산세베리아,Small,Low,실내,3,44.0,23.3,80.8,18.4,42.5,46.0,N
2750,고무나무,Medium,Medium,실내,3,159.0,30.1,64.3,23.0,50.5,57.2,N
2751,스투키,Small,Low,베란다,2,255.0,16.2,58.9,22.1,55.4,59.9,N
2752,고무나무,Medium,Low,실내,1,6.0,20.2,78.2,29.6,41.1,43.6,N
2753,스투키,Small,Low,실내,1,5.0,39.6,63.6,20.7,61.4,64.3,N
2754,스투키,Medium,Low,실내,3,124.0,8.2,63.2,18.3,53.9,56.5,Y
2755,필로덴드론,Small,Medium,실내,2,95.0,33.5,47.0,24.0,10.6,16.3,N
2756,스투키,Medium,High,실내,4,20.0,37.3,52.1,20.5,48.1,53.3,Y
2757,스킨답서스,Small,Medium,베란다,2,95.0,41.1,67.0,25.2,51.6,59.1,N
2758,산세베리아,Large,High,실내,2,440.0,15.3,64.7,24.6,42.4,47.7,N
2759,고무나무,Large,Low,실내,3,120.0,68.6,47.8,24.1,132.9,136.0,N
2760,몬스테라,Small,Medium,실내,2,72.0,37.1,83.0,19.7,68.6,76.8,N
2761,몬스테라,Medium,Low,실내,0,211.0,49.8,52.5,24.6,39.8,41.9,N
2762,몬스테라,Small,Medium,베란다,1,29.0,8.2,69.1,28.9,30.9,32.0,N
2763,고무나무,Medium,Medium,실내,7,64.0,5.6,58.1,20.9,81.1,90.5,N
2764,스킨답서스,Medium,Medium,실내,1,90.0,8.0,60.5,21.4,35.6,37.8,N
2765,몬스테라,Medium,High,실내,4,84.0,26.6,50.9,21.6,73.8,81.5,Y
2766,필로덴드론,Medium,Medium,실내,4,305.0,42.1,57.4,21.1,28.5,37.5,N
2767,스킨답서스,Small,Medium,실내,1,42.0,19.5,36.4,22.4,61.3,67.0,N
2768,스투키,Medium,High,베란다,3,7.0,20.3,68.2,22.1,24.1,28.4,N
2769,스킨답서스,Small,Medium,실내,3,298.0,3.3,64.0,21.8,20.6,25.0,N
2770,고무나무,Medium,Medium,베란다,2,29.0,20.4,77.4,19.3,77.4,79.1,N
2771,몬스테라,Medium,High,베란다,2,57.0,19.7,55.9,25.6,53.3,58.4,N
2772,스투키,Medium,Medium,베란다,0,91.0,12.3,43.1,23.1,20.2,21.2,N
2773,산세베리아,Small,Low,실내,2,447.0,16.7,73.0,24.9,,33.3,N
2774,스킨답서스,Small,Medium,실내,5,92.0,61.8,51.8,23.8,71.5,78.4,N
2775,스킨답서스,Small,Medium,베란다,1,71.0,28.4,20.0,14.0,16.5,21.8,N
2776,스킨답서스,Small,Medium,베란다,3,105.0,25.5,61.0,24.7,30.7,35.8,N
2777,몬스테라,Small,Low,베란다,1,424.0,16.1,66.2,24.4,52.1,51.1,N
2778,몬스테라,Large,High,실내,0,204.0,32.3,69.6,22.7,63.3,66.4,Y
2779,스킨답서스,Large,High,실내,3,22.0,101.8,44.2,28.5,65.2,74.9,N
2780,몬스테라,Medium,Medium,베란다,4,195.0,40.1,61.1,25.1,48.3,53.9,N
2781,몬스테라,Medium,Medium,실내,1,221.0,19.3,62.0,25.0,26.7,28.4,N
2782,산세베리아,Small,High,실내,1,141.0,21.6,62.4,16.9,34.3,38.7,N
2783,필로덴드론,Large,Low,실내,1,128.0,47.0,47.8,26.0,5.0,10.0,N
2784,산세베리아,Small,Medium,실내,3,70.0,92.1,59.3,24.0,29.0,36.3,N
2785,산세베리아,Large,Medium,실내,1,123.0,7.5,68.4,18.0,18.0,18.9,N
2786,스투키,Medium,High,실내,0,161.0,23.7,32.4,23.0,30.5,33.4,N
2787,필로덴드론,Small,Low,실내,3,16.0,21.5,54.8,16.9,28.9,31.6,N
2788,몬스테라,Large,High,실내,2,36.0,46.8,67.0,24.1,44.4,50.6,N
2789,필로덴드론,Small,Medium,실내,0,26.0,24.5,74.4,22.5,22.9,23.5,N
2790,,Medium,Medium,실내,5,221.0,50.9,73.6,20.2,34.7,44.8,N
2791,고무나무,Medium,Medium,베란다,0,137.0,5.7,66.3,24.1,69.3,72.7,N
2792,필로덴드론,Small,Low,실내,2,72.0,35.4,77.4,19.7,20.9,23.9,N
2793,스킨답서스,Medium,High,실내,0,210.0,46.8,66.7,22.4,85.1,93.8,N
2794,스투키,Medium,High,베란다,5,151.0,4.9,27.1,25.3,8.9,22.0,N
2795,스킨답서스,Medium,Medium,베란다,4,294.0,34.8,49.6,21.0,16.5,26.1,N
2796,스킨답서스,Small,High,실내,3,10.0,9.2,72.1,19.1,89.9,92.0,Y
2797,몬스테라,Large,High,실내,0,85.0,21.7,48.9,25.3,12.8,17.4,N
2798,고무나무,Small,Medium,실내,0,147.0,20.2,70.6,22.3,44.9,46.3,N
2799,필로덴드론,Small,Medium,실내,4,28.0,9.6,64.3,28.0,48.2,53.2,N
2800,몬스테라,Small,Medium,베란다,1,48.0,26.8,77.6,23.6,79.3,80.2,Y
2801,산세베리아,Small,Medium,베란다,4,65.0,20.0,49.8,24.3,45.8,52.5,N
2802,,Small,Low,베란다,3,190.0,16.4,33.0,23.1,5.4,12.0,N
2803,필로덴드론,Large,Medium,실내,1,82.0,75.5,52.5,23.7,6.3,12.7,N
2804,필로덴드론,Small,Low,실내,3,81.0,47.2,37.9,23.8,30.1,36.2,N
2805,스킨답서스,Small,High,베란다,2,68.0,32.5,49.5,24.0,5.0,12.5,N
2806,필로덴드론,Small,High,실내,1,31.0,19.0,21.5,18.6,39.7,46.1,N
2807,산세베리아,Medium,Low,실내,4,308.0,6.2,55.2,19.4,44.5,43.3,N
2808,몬스테라,Large,Medium,베란다,0,46.0,13.8,60.2,24.0,22.3,25.9,N
2809,스킨답서스,Small,Medium,실내,2,101.0,14.4,60.9,22.3,55.1,61.1,N
2810,고무나무,Small,Medium,실내,2,19.0,69.9,66.9,19.7,64.1,74.6,N
2811,스투키,Small,Medium,베란다,2,68.0,5.5,58.9,22.9,67.9,68.9,N
2812,고무나무,Small,Medium,실내,1,281.0,18.4,47.2,26.8,80.9,87.9,N
2813,고무나무,Small,Medium,실내,1,648.0,35.4,70.0,22.6,88.9,92.8,N
2814,몬스테라,Medium,Low,실내,4,54.0,27.6,63.6,23.3,98.6,102.9,N
2815,스킨답서스,Small,Low,실내,2,20.0,19.6,54.2,23.4,75.2,79.8,N
2816,산세베리아,Medium,Low,실내,1,45.0,12.2,53.7,20.2,39.8,43.7,N
2817,스킨답서스,Small,High,실내,4,48.0,34.4,47.5,21.8,19.4,25.0,N
2818,몬스테라,Large,High,실내,4,124.0,21.1,70.5,15.7,30.3,38.7,Y
2819,몬스테라,Large,Medium,베란다,1,82.0,70.2,55.5,19.2,65.4,69.6,N
2820,스투키,Medium,Medium,실내,1,176.0,24.8,65.6,21.8,46.1,50.2,N
2821,필로덴드론,Medium,Low,베란다,2,145.0,76.9,31.0,18.4,27.6,30.9,N
2822,스투키,Medium,Medium,실내,1,35.0,29.4,56.8,21.9,,40.9,N
2823,고무나무,Medium,Low,실내,3,184.0,17.4,58.4,21.1,68.9,70.0,N
2824,스투키,Medium,Medium,실내,1,226.0,16.1,41.0,26.0,23.4,28.1,N
2825,스투키,Medium,High,실내,3,109.0,24.1,46.1,28.1,25.7,33.7,N
2826,산세베리아,Large,Low,베란다,1,315.0,12.7,64.0,21.8,35.3,35.2,N
2827,고무나무,Large,High,실내,2,183.0,11.4,62.3,23.1,82.9,87.2,N
2828,몬스테라,Small,Low,실내,6,109.0,45.7,58.6,25.6,96.9,102.8,N
2829,스킨답서스,Medium,Medium,실내,2,284.0,33.3,70.6,22.0,64.6,70.4,N
2830,몬스테라,Small,Low,실내,4,110.0,11.0,61.9,23.3,56.5,61.3,N
2831,스킨답서스,Small,Medium,실내,2,88.0,38.5,71.9,17.8,29.8,35.8,N
2832,고무나무,Medium,Low,실내,2,53.0,20.4,44.1,23.5,45.6,49.6,N
2833,몬스테라,Small,Medium,실내,4,257.0,33.6,57.9,25.8,41.9,48.6,N
2834,스투키,Large,Medium,실내,2,16.0,35.6,56.2,18.6,,51.7,N
2835,스투키,Small,Medium,실내,2,77.0,14.7,40.5,17.0,40.7,48.2,N
2836,필로덴드론,Medium,Medium,실내,6,93.0,82.8,76.3,25.9,29.1,43.2,Y
2837,필로덴드론,Medium,High,실내,3,97.0,15.1,49.5,21.1,36.7,43.5,N
2838,몬스테라,Medium,Medium,실내,2,127.0,35.3,59.7,19.7,50.8,53.8,N
2839,산세베리아,Medium,Low,베란다,1,85.0,13.6,49.1,22.3,24.4,29.2,N
2840,스투키,Large,Medium,베란다,0,36.0,21.3,68.7,20.4,47.0,45.4,N
2841,스투키,Medium,High,베란다,2,233.0,22.5,51.9,18.9,25.1,32.3,N
2842,산세베리아,Medium,Medium,실내,2,129.0,45.3,51.9,17.4,39.0,45.8,Y
2843,필로덴드론,Small,Medium,베란다,2,234.0,28.8,55.3,27.4,43.9,49.0,N
2844,필로덴드론,Medium,Low,실내,2,39.0,40.3,56.0,27.0,27.3,31.5,N
2845,스킨답서스,Large,Medium,베란다,1,122.0,27.2,48.4,21.3,25.0,26.5,N
2846,스투키,Medium,Medium,실내,7,150.0,53.9,45.7,29.9,50.7,58.9,N
2847,산세베리아,Large,High,실내,5,58.0,36.1,48.5,26.0,23.3,30.9,N
2848,스투키,Medium,High,실내,2,201.0,29.6,53.1,21.9,64.2,68.5,Y
2849,스킨답서스,Small,Low,실내,5,0.0,33.5,58.3,28.8,12.9,16.1,N
2850,스투키,Small,Medium,베란다,1,108.0,7.1,50.1,15.9,40.7,43.5,N
2851,고무나무,Small,Low,베란다,3,114.0,10.3,41.3,21.4,12.9,17.8,N
2852,스투키,Medium,Medium,베란다,5,92.0,30.3,40.5,27.3,56.8,68.2,Y
2853,몬스테라,Medium,High,실내,1,119.0,25.9,44.0,21.0,28.4,32.1,N
2854,필로덴드론,Small,Medium,실내,3,22.0,50.1,59.0,25.5,38.4,45.2,N
2855,몬스테라,Medium,Medium,실내,3,139.0,1.7,65.5,19.1,5.0,9.7,N
2856,스킨답서스,Medium,Low,베란다,1,49.0,24.9,41.8,20.0,38.4,39.0,Y
2857,스투키,Medium,High,실내,0,72.0,8.0,60.1,23.2,42.4,44.6,Y
2858,몬스테라,Small,Medium,베란다,2,49.0,29.7,59.4,24.0,64.9,73.4,N
2859,,Small,Medium,실내,2,77.0,32.0,77.0,22.6,5.0,12.6,N
2860,몬스테라,Small,Low,실내,0,117.0,39.3,82.9,20.8,,20.8,N
2861,산세베리아,Small,Medium,베란다,1,219.0,10.9,67.7,19.2,25.0,29.5,Y
2862,스투키,Small,High,실내,2,79.0,6.3,63.4,29.1,39.2,46.0,N
2863,필로덴드론,Small,Medium,실내,3,47.0,36.8,61.4,23.1,52.7,59.7,N
2864,스킨답서스,Medium,Medium,실내,1,80.0,14.3,46.2,25.3,42.9,49.6,N
2865,스킨답서스,Small,Medium,베란다,2,140.0,13.3,41.3,25.0,16.1,14.5,N
2866,스킨답서스,Large,High,실내,3,51.0,25.0,36.3,20.6,68.5,73.7,Y
2867,스킨답서스,Small,Medium,실내,1,64.0,8.5,56.9,22.2,27.8,28.1,N
2868,산세베리아,Small,Low,실내,2,99.0,36.0,46.0,19.7,23.4,25.3,N
2869,스투키,Medium,Medium,실내,0,42.0,9.7,64.5,24.3,51.4,54.0,N
2870,스투키,Small,Medium,실내,0,28.0,12.2,41.5,21.5,38.0,40.3,N
2871,산세베리아,Large,High,실내,5,18.0,17.9,58.0,26.9,27.2,34.5,N
2872,필로덴드론,Small,High,베란다,2,52.0,10.7,45.8,17.2,10.4,16.1,N
2873,산세베리아,Large,Medium,베란다,1,6.0,43.9,38.5,23.5,26.0,31.7,N
2874,스킨답서스,Large,Low,실내,1,105.0,41.5,45.2,29.6,39.2,43.2,N
2875,산세베리아,Medium,High,베란다,0,23.0,26.6,47.2,19.8,43.8,49.7,N
2876,스킨답서스,Medium,Medium,실내,2,57.0,14.0,54.7,22.5,44.6,47.7,N
2877,스킨답서스,Medium,Medium,실내,1,38.0,11.4,47.7,21.0,99.9,105.3,N
2878,몬스테라,Medium,Medium,실내,1,119.0,29.7,43.9,24.7,51.4,55.5,N
2879,스킨답서스,Medium,Medium,실내,4,228.0,11.5,45.4,16.0,65.7,73.0,N
2880,몬스테라,Small,Low,실내,2,120.0,15.1,20.0,18.4,33.5,34.8,N
2881,스투키,Small,High,실내,1,94.0,7.0,50.4,19.0,35.6,43.1,N
2882,산세베리아,Medium,High,베란다,2,133.0,24.9,55.4,24.6,22.8,30.1,N
2883,몬스테라,Medium,Medium,실내,0,4.0,11.6,49.9,21.5,62.3,65.1,N
2884,몬스테라,Large,Medium,실내,3,16.0,21.5,57.4,20.1,90.0,93.0,N
2885,몬스테라,Small,Low,실내,3,12.0,13.1,66.6,23.2,43.6,48.8,N
2886,필로덴드론,Large,Low,실내,0,12.0,42.5,67.7,22.7,57.8,58.1,N
2887,스킨답서스,Small,Medium,실내,2,36.0,30.5,66.7,21.4,56.3,65.9,N
2888,스킨답서스,Medium,Medium,실내,3,91.0,8.1,47.6,20.5,31.2,37.5,N
2889,산세베리아,Small,High,베란다,0,15.0,45.1,43.9,19.3,34.8,37.7,N
2890,산세베리아,Medium,,베란다,1,328.0,18.8,48.3,26.3,42.3,47.6,N
2891,스투키,Small,Medium,실내,0,231.0,46.3,62.2,26.5,,69.4,Y
2892,고무나무,Medium,Medium,실내,0,428.0,27.1,58.7,18.1,99.5,102.8,N
2893,산세베리아,Large,Low,베란다,3,5.0,19.0,45.9,20.8,49.6,52.1,N
2894,,Medium,High,실내,2,229.0,6.4,67.9,23.4,42.2,47.9,N
2895,몬스테라,Medium,Medium,실내,1,195.0,7.9,41.7,19.3,34.8,36.5,N
2896,산세베리아,Large,Low,실내,3,279.0,53.5,48.7,24.2,39.6,46.5,N
2897,스킨답서스,Medium,Medium,실내,2,90.0,12.2,57.5,22.7,47.5,50.0,N
2898,스투키,Medium,High,베란다,1,186.0,44.0,65.0,24.5,17.7,25.1,N
2899,스킨답서스,Small,High,실내,1,6.0,47.2,68.9,29.0,,58.7,Y
2900,몬스테라,Large,Low,실내,3,9.0,34.9,58.7,17.0,94.2,98.0,N
2901,몬스테라,Medium,High,실내,0,15.0,6.9,40.2,26.4,67.1,72.7,N
2902,산세베리아,Small,Medium,실내,3,296.0,14.3,67.7,20.4,12.2,16.9,N
2903,몬스테라,Small,Low,베란다,2,8.0,72.6,42.5,24.1,73.1,75.2,N
2904,스킨답서스,Large,High,실내,1,13.0,62.2,49.2,23.7,39.4,48.6,N
2905,스킨답서스,Small,High,실내,1,320.0,10.9,43.2,26.2,59.2,64.2,Y
2906,몬스테라,Large,Medium,베란다,2,14.0,18.5,53.9,22.3,71.1,73.7,N
2907,필로덴드론,Small,Medium,실내,2,245.0,43.1,42.8,19.7,56.4,62.0,N
2908,스투키,Medium,High,실내,2,187.0,5.1,60.7,22.9,46.4,49.5,N
2909,스투키,Medium,High,실내,3,5.0,41.8,60.0,27.2,29.1,37.5,N
2910,스투키,Medium,High,실내,0,3.0,27.0,64.0,23.2,72.1,81.0,Y
2911,스투키,Large,Medium,실내,2,92.0,123.8,58.4,20.4,,70.3,N
2912,몬스테라,Medium,High,실내,3,704.0,48.7,57.7,21.7,43.8,53.9,N
2913,고무나무,Medium,High,실내,3,253.0,4.6,43.2,22.9,42.0,48.4,N
2914,필로덴드론,Small,Low,베란다,4,45.0,38.4,46.9,22.5,19.9,26.3,N
2915,스투키,Small,High,실내,2,59.0,56.9,53.8,22.1,64.2,72.7,N
2916,고무나무,Small,Medium,실내,1,59.0,32.4,54.8,25.1,33.7,34.5,N
2917,고무나무,Medium,Medium,실내,3,159.0,31.1,51.0,28.2,69.3,72.6,N
2918,산세베리아,Small,Medium,베란다,1,50.0,30.9,61.7,25.0,32.2,35.4,N
2919,스킨답서스,Small,Low,실내,0,19.0,47.7,82.8,24.0,102.6,104.4,N
2920,스투키,Medium,Medium,베란다,1,165.0,29.7,59.9,25.2,48.0,52.3,N
2921,스투키,Medium,High,실내,0,74.0,24.2,47.0,24.1,54.5,61.0,Y
2922,고무나무,Medium,Low,베란다,5,10.0,31.6,64.4,22.6,43.9,49.2,Y
2923,산세베리아,Small,Medium,실내,3,187.0,6.4,47.5,20.4,43.6,48.7,N
2924,몬스테라,Small,High,실내,0,106.0,24.6,59.2,20.4,40.6,42.6,Y
2925,스투키,Large,Medium,실내,3,81.0,16.9,60.7,22.1,48.2,53.1,N
2926,필로덴드론,Small,Medium,베란다,0,134.0,48.8,57.8,23.0,44.4,47.6,N
2927,산세베리아,Large,Medium,실내,1,84.0,11.8,47.9,25.6,23.2,24.5,N
2928,필로덴드론,Large,Medium,실내,0,125.0,24.0,55.9,21.8,7.4,4.5,N
2929,산세베리아,Medium,Medium,실내,0,243.0,13.0,49.0,21.1,50.9,51.2,N
2930,스투키,Small,High,베란다,1,114.0,30.8,48.9,23.0,36.6,45.7,N
2931,스킨답서스,Large,Medium,베란다,3,129.0,69.4,35.2,23.4,17.8,28.0,N
2932,고무나무,Medium,High,실내,0,114.0,38.7,53.5,20.4,104.6,108.0,N
2933,몬스테라,Medium,Medium,실내,2,91.0,39.1,81.0,20.0,26.2,30.8,N
2934,스킨답서스,Small,Medium,실내,1,23.0,9.3,25.0,24.1,48.3,56.6,N
2935,고무나무,Small,Medium,베란다,6,49.0,30.4,28.3,21.8,103.8,116.9,N
2936,몬스테라,Small,High,베란다,4,142.0,15.5,55.7,25.7,68.2,76.4,N
2937,산세베리아,Medium,Medium,실내,1,67.0,21.1,64.0,23.0,50.7,56.1,N
2938,스킨답서스,Medium,Low,실내,1,63.0,18.3,38.9,21.9,47.8,50.6,N
2939,필로덴드론,Medium,Low,베란다,2,171.0,12.0,57.6,18.6,40.4,42.3,N
2940,몬스테라,Medium,,베란다,2,1.0,27.9,53.1,22.2,59.6,65.1,N
2941,스투키,Medium,Medium,실내,5,136.0,30.9,47.8,19.2,71.6,80.4,Y
2942,고무나무,Medium,Medium,실내,3,81.0,44.3,59.6,18.3,71.6,80.3,N
2943,스투키,Large,Low,실내,1,57.0,51.3,42.9,26.7,55.6,59.5,N
2944,고무나무,Small,High,실내,3,50.0,36.6,67.2,20.7,39.0,47.7,N
2945,산세베리아,Medium,Medium,실내,1,23.0,9.2,32.0,24.8,41.0,41.7,N
2946,몬스테라,Small,Medium,실내,3,49.0,15.6,54.0,18.8,66.1,69.6,Y
2947,스킨답서스,Medium,Medium,실내,3,60.0,25.2,56.3,20.0,35.3,37.3,N
2948,스킨답서스,Medium,Low,실내,1,69.0,49.5,53.0,19.8,26.6,30.7,N
2949,스투키,Large,High,실내,0,134.0,32.2,48.8,24.2,32.6,36.2,N
2950,필로덴드론,Small,Low,실내,2,73.0,46.0,62.5,23.5,59.6,62.7,N
2951,산세베리아,Large,Medium,베란다,4,191.0,58.1,50.1,18.2,46.5,54.8,N
2952,고무나무,Small,High,실내,2,123.0,54.8,36.8,17.9,115.8,124.6,Y
2953,고무나무,Medium,Medium,실내,3,25.0,12.9,46.8,23.6,94.6,95.8,N
2954,스킨답서스,Small,Medium,실내,3,39.0,10.3,56.1,26.1,25.6,31.3,N
2955,필로덴드론,Large,Medium,베란다,0,10.0,35.9,48.4,25.9,16.2,19.2,N
2956,고무나무,Medium,High,베란다,2,350.0,47.5,51.1,19.8,40.0,49.5,N
2957,고무나무,Medium,High,실내,2,261.0,7.1,64.3,20.9,72.7,77.2,N
2958,산세베리아,Large,High,베란다,2,11.0,22.2,47.8,23.6,49.5,54.4,N
2959,스투키,Small,Medium,실내,2,102.0,46.5,53.9,23.8,21.5,29.7,N
2960,산세베리아,Small,High,베란다,1,387.0,11.5,52.7,22.8,35.8,38.3,Y
2961,몬스테라,Large,Low,실내,0,165.0,28.2,67.9,20.9,5.0,6.0,N
2962,스투키,Small,Low,실내,1,81.0,33.0,55.6,23.4,29.7,30.5,N
2963,,Small,High,실내,2,33.0,5.9,64.6,22.5,45.8,49.9,N
2964,필로덴드론,Medium,Low,실내,0,39.0,41.0,46.4,22.6,21.3,27.1,N
2965,산세베리아,Medium,Low,실내,1,160.0,45.6,76.0,24.7,45.5,46.1,N
2966,고무나무,Small,Low,베란다,4,182.0,26.8,65.0,25.3,68.6,72.0,N
2967,고무나무,Small,Medium,베란다,2,90.0,5.4,74.9,23.0,77.7,83.1,N
2968,스킨답서스,Small,High,실내,2,15.0,16.7,57.4,22.9,84.8,90.1,N
2969,필로덴드론,Medium,Medium,실내,0,326.0,49.1,47.7,21.5,41.5,46.7,N
2970,스킨답서스,Large,Low,실내,0,224.0,13.2,52.3,22.4,43.2,43.7,N
2971,,Large,Medium,실내,5,18.0,55.2,57.5,24.3,35.2,43.7,N
2972,몬스테라,Medium,High,실내,2,7.0,23.1,57.4,23.5,73.3,79.0,Y
2973,산세베리아,Small,High,실내,2,92.0,41.7,50.1,20.4,21.2,28.2,N
2974,고무나무,Large,Medium,베란다,1,40.0,10.7,54.8,20.2,64.4,70.1,N
2975,스투키,Medium,High,실내,2,40.0,69.4,58.1,20.1,59.0,67.0,N
2976,몬스테라,Small,High,실내,3,11.0,15.3,45.2,25.4,38.5,45.8,N
2977,산세베리아,Large,Low,실내,4,368.0,21.3,50.6,17.0,43.7,49.4,N
2978,몬스테라,Medium,Low,실내,5,213.0,20.1,71.1,17.9,5.0,10.3,N
2979,고무나무,Medium,Low,실내,6,15.0,2.4,69.4,20.2,60.7,64.3,N
2980,필로덴드론,Medium,High,베란다,6,251.0,22.3,45.5,24.3,28.8,41.8,N
2981,스킨답서스,Small,Low,실내,2,138.0,12.6,77.7,21.2,60.3,63.2,N
2982,스투키,Small,Medium,실내,4,47.0,27.2,45.4,19.5,,57.5,N
2983,고무나무,Medium,Low,베란다,3,246.0,31.7,59.9,23.1,148.2,150.7,Y
2984,산세베리아,Small,High,실내,1,109.0,13.3,70.9,23.2,39.7,45.4,N
2985,,Medium,Medium,베란다,2,227.0,13.7,45.4,24.4,34.4,40.0,N
2986,필로덴드론,Medium,,실내,2,76.0,15.0,41.5,26.1,38.4,42.5,N
2987,몬스테라,Medium,High,실내,2,83.0,28.2,60.9,25.7,17.5,26.7,N
2988,스킨답서스,Medium,Low,베란다,4,41.0,19.4,54.1,23.7,48.7,54.7,N
2989,고무나무,Medium,Medium,베란다,5,59.0,13.7,50.8,21.7,77.9,83.5,N
2990,산세베리아,Large,Low,실내,2,101.0,18.6,38.7,23.3,64.9,64.8,N
2991,몬스테라,Medium,High,실내,0,353.0,48.5,70.8,20.8,37.5,42.9,Y
2992,산세베리아,Small,Medium,베란다,4,,26.9,58.0,24.7,30.4,36.7,N
2993,스킨답서스,Small,Low,실내,3,19.0,17.2,63.3,20.5,50.3,52.3,N
2994,스투키,Small,Low,실내,4,1.0,56.6,69.0,19.7,41.3,45.2,N
2995,몬스테라,Small,Medium,베란다,2,228.0,34.7,34.1,24.9,32.1,39.1,N
2996,,Small,High,실내,3,54.0,6.0,57.1,17.7,50.3,59.6,Y
2997,몬스테라,Small,,베란다,4,45.0,40.8,36.8,20.2,50.3,59.1,N
2998,스투키,Medium,High,베란다,1,194.0,73.2,64.0,23.8,45.0,55.9,N
2999,스투키,Large,Medium,실내,1,349.0,42.5,71.2,21.7,43.2,48.1,N
3000,산세베리아,Small,Low,베란다,1,165.0,15.9,53.9,21.6,46.4,45.5,N
3001,고무나무,Medium,High,실내,1,23.0,23.1,54.2,18.8,40.5,44.5,Y
3002,산세베리아,Medium,Low,실내,5,60.0,5.5,61.9,19.1,33.7,36.0,N
3003,스투키,Small,High,실내,4,171.0,39.1,60.7,21.5,41.5,52.8,N
3004,고무나무,Large,Medium,베란다,1,285.0,21.3,52.3,17.5,48.4,48.1,N
3005,스킨답서스,Medium,Low,베란다,2,789.0,14.8,63.5,22.0,35.2,38.1,N
3006,산세베리아,Medium,Medium,실내,2,86.0,21.9,52.2,25.4,13.2,17.6,N
3007,필로덴드론,Medium,High,실내,3,207.0,6.2,58.7,25.1,79.0,85.8,Y
3008,몬스테라,Small,High,베란다,5,6.0,6.9,40.0,23.6,61.5,67.8,Y
3009,고무나무,Medium,,실내,3,40.0,9.1,68.8,22.6,116.9,122.1,N
3010,몬스테라,Small,Low,실내,1,56.0,2.6,44.5,21.8,47.1,49.2,Y
3011,스킨답서스,Large,Medium,실내,2,445.0,16.3,58.8,22.2,45.3,47.5,N
3012,스투키,Medium,Medium,베란다,2,0.0,11.3,41.5,19.5,50.8,53.0,N
3013,스투키,Medium,High,베란다,1,44.0,49.9,49.7,20.3,37.3,43.3,N
3014,스투키,Small,Low,베란다,3,320.0,10.4,48.8,17.5,27.5,31.5,N
3015,고무나무,Medium,,실내,2,44.0,36.5,61.3,24.5,51.5,57.0,N
3016,스투키,Medium,Medium,베란다,1,31.0,13.0,72.7,21.7,56.2,60.9,Y
3017,고무나무,Medium,High,실내,4,157.0,27.7,45.8,27.4,33.8,42.3,N
3018,스킨답서스,Medium,Medium,베란다,4,164.0,58.3,44.1,20.4,,76.8,N
3019,몬스테라,Medium,Medium,실내,6,77.0,9.2,67.5,22.0,38.2,44.3,N
3020,산세베리아,Large,High,실내,2,352.0,64.1,46.4,23.9,30.2,38.9,N
3021,스투키,Medium,Medium,실내,1,27.0,40.8,82.8,23.1,33.1,39.7,N
3022,스킨답서스,Large,High,실내,2,294.0,31.8,42.3,21.8,17.7,22.8,N
3023,고무나무,Large,High,베란다,2,169.0,26.9,63.7,26.8,63.7,68.3,Y
3024,스투키,Medium,Medium,베란다,1,55.0,23.4,36.6,19.5,63.6,65.3,N
3025,몬스테라,Small,Medium,실내,6,197.0,46.7,42.8,23.7,,224.0,Y
3026,스투키,Medium,Low,베란다,2,17.0,23.4,43.2,20.8,42.5,42.5,N
3027,필로덴드론,Large,Low,실내,4,17.0,19.9,47.8,21.6,27.5,31.8,N
3028,고무나무,Small,Low,베란다,3,319.0,37.7,64.9,22.7,56.5,58.9,N
3029,고무나무,Medium,Low,베란다,4,12.0,12.9,54.5,21.7,104.2,106.3,N
3030,고무나무,Large,Medium,베란다,1,0.0,76.6,68.7,21.6,109.9,112.8,N
3031,몬스테라,Medium,Medium,실내,4,59.0,31.3,64.7,17.9,53.9,60.5,N
3032,스킨답서스,Medium,Medium,실내,1,13.0,21.2,43.1,24.4,44.5,46.9,N
3033,산세베리아,Small,Medium,베란다,1,239.0,20.9,53.7,17.8,33.7,37.1,N
3034,몬스테라,Small,Low,실내,1,307.0,19.2,69.7,25.9,81.7,83.5,N
3035,스투키,Medium,Low,베란다,0,79.0,34.5,44.7,21.7,38.3,44.0,N
3036,스투키,Small,Medium,베란다,3,67.0,27.5,61.9,24.5,31.0,34.9,Y
3037,스킨답서스,Small,Medium,실내,0,93.0,22.5,46.3,15.5,51.4,55.5,N
3038,필로덴드론,Large,Medium,베란다,3,31.0,54.0,43.6,21.9,6.8,13.2,N
3039,몬스테라,Small,Medium,베란다,1,42.0,60.5,51.4,22.0,34.7,41.7,N
3040,스킨답서스,Large,High,실내,1,13.0,9.8,41.7,19.6,56.0,59.9,N
3041,몬스테라,Large,Medium,실내,3,71.0,20.7,69.9,24.3,47.2,56.2,N
3042,필로덴드론,Small,Medium,베란다,5,114.0,17.5,21.1,20.3,23.1,29.9,N
3043,몬스테라,Small,High,실내,2,319.0,15.9,61.2,19.6,91.2,97.1,Y
3044,스킨답서스,Medium,High,실내,1,161.0,17.2,61.2,21.0,59.2,66.3,Y
3045,고무나무,Medium,Medium,베란다,5,154.0,10.4,49.5,24.6,53.5,59.3,N
3046,고무나무,Small,Medium,실내,1,44.0,41.3,31.0,22.7,87.3,94.2,N
3047,스킨답서스,Medium,Low,베란다,6,263.0,20.7,60.5,23.1,54.5,61.6,N
3048,스투키,Small,Medium,실내,2,352.0,25.9,49.6,24.0,40.4,44.2,N
3049,스투키,Large,High,실내,0,323.0,41.7,47.5,21.4,50.2,57.1,N
3050,스투키,Small,Medium,베란다,0,5.0,10.1,69.3,24.8,33.2,33.8,N
3051,몬스테라,Small,High,실내,3,,27.8,72.6,23.0,19.5,27.4,N
3052,스킨답서스,Small,Medium,베란다,3,124.0,7.8,48.9,24.3,63.9,67.4,N
3053,스투키,Large,High,베란다,2,42.0,7.9,45.7,19.9,56.0,61.1,N
3054,스투키,Medium,Medium,베란다,1,586.0,24.1,21.9,22.3,,33.8,N
3055,고무나무,Large,Low,실내,4,41.0,23.1,35.8,24.6,58.5,64.6,N
3056,필로덴드론,Medium,Medium,실내,3,29.0,10.2,45.6,26.9,38.3,38.5,N
3057,고무나무,Small,Medium,베란다,4,79.0,49.8,67.9,24.8,38.3,44.2,N
3058,몬스테라,Small,Low,실내,3,47.0,3.3,60.4,25.0,40.9,46.4,N
3059,몬스테라,Medium,High,실내,1,309.0,9.9,67.7,17.8,27.1,31.4,N
3060,필로덴드론,Medium,Medium,실내,2,70.0,17.5,63.3,21.2,12.0,16.4,N
3061,스투키,Medium,High,실내,2,63.0,14.1,55.0,23.7,58.7,66.3,N
3062,몬스테라,Small,Medium,베란다,3,118.0,8.9,56.1,18.3,18.6,18.5,N
3063,스킨답서스,Large,Low,베란다,2,10.0,87.3,61.5,23.2,31.9,34.7,N
3064,고무나무,Small,High,베란다,1,170.0,42.8,52.3,21.0,116.4,124.8,N
3065,고무나무,Large,Medium,실내,3,176.0,20.1,58.8,21.2,121.2,123.2,Y
3066,스투키,Small,Medium,베란다,0,77.0,53.4,59.3,22.2,46.7,51.4,N
3067,몬스테라,Medium,Medium,실내,2,374.0,48.4,57.9,23.1,55.6,57.5,N
3068,필로덴드론,Small,Medium,실내,2,104.0,14.3,48.2,24.2,22.7,25.9,N
3069,스투키,Medium,,실내,2,143.0,21.1,71.1,18.8,38.2,46.5,N
3070,,Medium,Medium,베란다,1,310.0,23.7,70.9,24.8,73.3,73.6,N
3071,고무나무,Medium,Medium,베란다,1,132.0,41.6,39.8,23.9,44.0,48.2,N
3072,고무나무,Medium,High,베란다,4,68.0,33.4,30.8,21.3,33.5,44.2,Y
3073,스투키,Medium,Low,베란다,1,3.0,21.3,49.7,24.9,50.8,51.4,N
3074,스투키,Medium,Medium,베란다,2,156.0,15.0,45.4,17.0,69.0,74.0,N
3075,스킨답서스,Large,High,실내,0,402.0,22.8,35.2,22.5,69.2,76.9,N
3076,산세베리아,Small,Medium,베란다,1,76.0,8.8,50.5,20.3,46.5,51.2,N
3077,필로덴드론,Medium,High,실내,1,50.0,11.6,72.1,18.9,56.3,61.1,N
3078,몬스테라,Medium,Medium,실내,1,88.0,19.6,60.5,17.5,83.3,90.3,Y
3079,몬스테라,Medium,High,실내,0,156.0,21.9,64.8,23.9,102.4,106.7,N
3080,필로덴드론,Medium,High,실내,1,0.0,71.6,70.9,23.5,64.4,72.4,Y
3081,고무나무,Small,Medium,실내,2,262.0,11.9,64.3,25.6,82.8,84.9,Y
3082,산세베리아,Small,Low,실내,1,261.0,4.0,53.0,24.0,38.3,41.8,N
3083,몬스테라,Small,Medium,실내,3,,15.9,69.0,21.1,48.9,58.2,N
3084,스킨답서스,Small,High,베란다,2,16.0,13.8,45.4,30.1,,43.8,N
3085,고무나무,Medium,Low,베란다,1,134.0,19.2,36.8,25.0,102.9,103.5,N
3086,고무나무,Medium,Low,실내,5,18.0,16.9,71.8,18.5,67.6,71.5,N
3087,스킨답서스,Large,Medium,실내,1,85.0,21.5,73.5,21.6,57.5,59.6,N
3088,몬스테라,Medium,High,실내,4,12.0,41.6,50.1,22.7,62.6,73.7,N
3089,스킨답서스,Small,Medium,실내,1,107.0,26.8,48.6,21.2,13.8,19.2,N
3090,스투키,Large,Medium,실내,4,46.0,13.5,61.7,28.2,62.3,69.0,N
3091,스킨답서스,Large,Low,베란다,2,213.0,3.8,41.8,21.1,53.3,59.2,N
3092,필로덴드론,Medium,Medium,실내,2,193.0,33.7,52.1,20.8,27.9,33.8,N
3093,스투키,Medium,Low,실내,5,778.0,42.8,57.8,24.2,50.5,54.3,N
3094,산세베리아,Large,Low,실내,2,36.0,16.7,46.7,22.4,35.4,35.8,N
3095,몬스테라,Medium,High,실내,1,8.0,66.0,68.2,21.3,63.5,72.4,N
3096,고무나무,Large,High,실내,1,70.0,32.7,58.1,28.5,96.3,99.8,Y
3097,필로덴드론,Small,Low,실내,2,10.0,26.1,53.4,26.6,28.4,32.8,N
3098,몬스테라,Small,Low,베란다,3,24.0,20.6,66.8,17.8,44.8,47.1,N
3099,몬스테라,Medium,Medium,실내,2,109.0,43.4,56.8,27.6,82.0,83.7,Y
3100,스킨답서스,Medium,Medium,실내,4,,63.2,46.4,21.5,43.1,53.5,N
3101,몬스테라,Large,Low,실내,2,5.0,60.9,70.2,25.4,45.9,51.0,N
3102,고무나무,Large,Medium,실내,5,70.0,23.4,54.7,27.9,57.1,65.9,N
3103,필로덴드론,Medium,Low,실내,3,91.0,60.6,20.0,24.4,12.9,14.3,N
3104,,Small,High,실내,6,37.0,13.2,58.4,28.8,34.0,46.4,Y
3105,스투키,Large,High,실내,1,247.0,39.0,32.0,24.6,59.0,68.9,N
3106,스킨답서스,Medium,Medium,실내,2,21.0,11.8,80.1,23.9,65.9,68.1,N
3107,,Small,Medium,실내,2,35.0,35.9,59.3,25.0,,53.0,N
3108,몬스테라,Medium,High,실내,2,20.0,35.9,59.3,18.3,77.1,83.3,Y
3109,스킨답서스,Medium,High,실내,3,15.0,16.7,64.0,21.4,44.5,50.5,Y
3110,고무나무,Medium,Low,실내,0,253.0,13.5,33.6,18.8,71.3,73.5,N
3111,고무나무,Medium,Low,실내,0,39.0,56.6,59.8,21.5,5.0,6.7,N
3112,스투키,Small,Medium,실내,2,154.0,9.6,42.8,23.3,38.6,42.3,N
3113,고무나무,Large,Low,실내,2,67.0,7.1,50.1,21.6,49.2,55.5,N
3114,몬스테라,Medium,Medium,실내,1,121.0,31.4,60.2,21.6,41.1,42.9,N
3115,몬스테라,Medium,Medium,실내,3,316.0,22.8,48.3,17.9,21.2,27.4,N
3116,산세베리아,Small,Medium,실내,1,223.0,31.0,32.0,20.4,44.9,53.8,N
3117,고무나무,Medium,Medium,실내,2,9.0,14.2,60.8,27.0,88.4,92.8,N
3118,몬스테라,Small,Medium,베란다,1,224.0,15.2,63.6,20.3,22.7,27.7,N
3119,스투키,Small,High,베란다,2,72.0,23.3,41.7,21.0,35.6,40.3,N
3120,몬스테라,Medium,Low,베란다,2,52.0,23.6,45.5,22.7,9.5,10.6,N
3121,스투키,Small,Medium,베란다,2,134.0,22.4,52.6,23.1,55.7,57.7,N
3122,스투키,Medium,Low,베란다,2,360.0,62.6,78.1,21.6,48.6,52.8,N
3123,몬스테라,Small,Low,베란다,3,12.0,66.2,75.8,17.8,81.6,89.9,Y
3124,스킨답서스,Medium,Medium,실내,1,175.0,9.0,68.1,23.6,44.0,48.5,N
3125,고무나무,Small,Low,실내,3,27.0,31.4,79.9,27.8,5.0,8.9,N
3126,고무나무,Small,Low,실내,4,57.0,10.5,67.9,27.5,25.4,28.0,N
3127,고무나무,Small,Low,실내,4,248.0,74.6,58.3,19.8,59.9,64.3,N
3128,몬스테라,Large,Medium,베란다,2,95.0,15.5,41.7,23.2,81.9,84.6,Y
3129,필로덴드론,Large,High,실내,0,8.0,19.2,34.2,29.6,,42.0,N
3130,산세베리아,Small,Low,베란다,3,85.0,42.7,49.1,22.0,44.3,49.2,N
3131,,Medium,Medium,실내,3,187.0,11.5,57.3,22.8,46.6,56.4,Y
3132,산세베리아,Medium,Low,실내,2,90.0,6.9,82.6,17.5,24.8,28.9,N
3133,필로덴드론,Large,Medium,실내,1,22.0,11.3,52.3,25.1,78.0,80.3,N
3134,스킨답서스,Medium,Medium,실내,0,71.0,48.0,56.8,22.8,11.4,14.3,N
3135,몬스테라,Medium,Medium,실내,5,310.0,17.9,59.1,19.3,32.1,37.3,N
3136,고무나무,Small,High,베란다,0,129.0,45.6,57.5,24.1,28.2,38.3,N
3137,고무나무,Medium,High,베란다,0,157.0,24.1,76.3,24.9,49.7,55.7,Y
3138,고무나무,Large,Low,베란다,1,185.0,5.6,70.9,19.9,5.0,7.7,N
3139,스킨답서스,Medium,High,실내,2,11.0,13.9,55.1,17.0,26.3,34.2,N
3140,몬스테라,Small,Low,베란다,1,105.0,28.8,47.5,22.4,23.3,27.3,N
3141,스투키,Small,High,실내,5,57.0,2.9,48.2,24.1,40.6,44.2,N
3142,필로덴드론,Medium,Medium,실내,1,18.0,32.6,55.4,22.8,28.4,30.8,N
3143,스킨답서스,Medium,Medium,베란다,2,27.0,7.0,46.5,25.5,43.7,50.0,N
3144,스킨답서스,Medium,Low,실내,3,182.0,14.7,65.9,16.9,26.5,33.9,N
3145,스투키,Large,Low,실내,1,21.0,63.1,46.9,19.0,57.1,63.4,N
3146,스투키,Small,High,실내,1,45.0,64.1,73.7,22.7,45.7,53.4,N
3147,산세베리아,Small,High,베란다,1,40.0,35.0,63.3,17.3,46.6,53.6,N
3148,고무나무,Large,Medium,실내,2,6.0,26.6,39.3,19.7,83.2,86.2,N
3149,산세베리아,Small,High,실내,1,74.0,15.4,72.7,20.4,50.6,56.1,Y
3150,스킨답서스,Small,High,실내,3,174.0,5.3,39.1,25.0,69.0,75.6,N
3151,고무나무,Medium,Medium,베란다,1,3.0,24.1,74.3,25.9,96.8,100.8,N
3152,스투키,Large,Low,베란다,4,14.0,18.9,63.9,24.2,64.3,69.4,N
3153,고무나무,Small,Low,실내,1,153.0,16.4,81.9,27.6,18.5,21.0,N
3154,스킨답서스,Large,Medium,실내,3,108.0,53.6,24.6,26.2,34.1,35.5,N
3155,스킨답서스,Medium,Low,실내,3,151.0,11.2,56.7,24.4,20.7,22.5,N
3156,고무나무,Small,Low,실내,3,31.0,103.1,54.7,24.3,70.4,74.8,Y
3157,필로덴드론,Medium,Low,베란다,3,195.0,42.0,47.6,20.2,29.0,32.6,N
3158,몬스테라,Medium,Low,실내,1,78.0,18.8,66.9,17.8,30.6,33.5,N
3159,산세베리아,Medium,High,실내,2,113.0,4.2,51.2,19.9,67.1,72.9,Y
3160,스투키,Medium,Low,베란다,2,12.0,40.7,72.3,24.5,,16.3,N
3161,스킨답서스,Large,Medium,실내,0,28.0,91.4,43.8,21.1,17.7,24.0,N
3162,몬스테라,Small,Medium,베란다,2,178.0,123.7,32.0,23.8,54.5,59.6,N
3163,스투키,Medium,Medium,베란다,1,30.0,11.8,46.0,16.5,37.4,42.9,N
3164,스킨답서스,Medium,Low,베란다,1,12.0,43.2,61.9,23.6,37.3,40.6,N
3165,몬스테라,Medium,Medium,실내,0,109.0,8.6,67.0,19.4,26.6,28.7,N
3166,스킨답서스,Medium,Low,실내,1,95.0,4.4,43.5,19.8,57.0,58.2,N
3167,필로덴드론,Small,Medium,베란다,2,112.0,52.6,61.3,27.0,43.9,47.2,N
3168,몬스테라,Medium,Low,실내,5,116.0,15.5,59.2,28.5,63.7,71.7,N
3169,산세베리아,Medium,Medium,실내,1,83.0,19.1,57.5,18.8,41.0,43.5,N
3170,스킨답서스,Small,Medium,실내,3,82.0,18.7,76.0,21.3,21.2,23.4,N
3171,고무나무,Large,Medium,실내,6,310.0,0.9,51.6,21.6,58.0,64.5,N
3172,스투키,Large,Medium,베란다,2,92.0,19.0,43.7,24.2,58.9,63.5,N
3173,몬스테라,Medium,Medium,실내,1,115.0,60.3,55.9,20.6,,50.5,N
3174,몬스테라,Small,High,실내,1,37.0,17.0,53.1,19.6,77.1,81.6,N
3175,몬스테라,Medium,Low,베란다,1,246.0,28.1,65.8,22.9,66.9,68.9,N
3176,몬스테라,Small,High,베란다,3,3.0,5.6,55.1,22.2,21.9,26.5,N
3177,고무나무,Small,High,실내,2,98.0,40.4,58.0,24.6,77.9,82.2,N
3178,산세베리아,Medium,Medium,실내,1,58.0,15.9,51.6,20.0,48.1,49.0,N
3179,산세베리아,Small,Medium,실내,2,111.0,10.9,27.6,21.4,40.5,45.8,N
3180,고무나무,Small,Medium,실내,5,54.0,10.7,57.2,24.3,108.3,115.7,N
3181,몬스테라,Small,Low,베란다,4,152.0,86.7,69.2,21.8,18.5,26.2,N
3182,스투키,Small,Low,실내,1,2.0,2.8,62.0,17.0,69.8,71.2,N
3183,스투키,Small,Low,실내,3,62.0,36.0,36.8,26.9,64.9,71.6,N
3184,스투키,Large,Low,실내,2,214.0,3.5,50.9,21.7,35.5,35.9,Y
3185,스킨답서스,Small,,실내,2,35.0,36.3,52.0,21.8,19.1,23.6,N
3186,스킨답서스,Small,High,실내,3,7.0,12.3,61.7,29.6,28.5,34.8,N
3187,스투키,Small,Low,실내,2,82.0,35.8,56.7,28.3,64.0,67.0,N
3188,스투키,Large,High,베란다,7,450.0,21.0,20.0,24.8,17.8,27.4,N
3189,산세베리아,Medium,High,실내,3,8.0,29.2,42.7,18.7,42.6,48.2,N
3190,산세베리아,Medium,High,베란다,2,9.0,26.1,50.6,26.1,48.1,49.8,N
3191,스투키,Large,High,실내,3,108.0,25.7,47.2,16.7,31.2,41.7,N
3192,필로덴드론,Medium,Medium,실내,2,35.0,4.2,52.6,22.4,26.9,30.7,N
3193,필로덴드론,Small,Low,실내,0,63.0,10.4,49.3,20.6,27.2,28.0,N
3194,스투키,Small,Medium,실내,0,213.0,43.4,52.1,19.9,41.1,43.7,N
3195,스투키,Medium,Medium,실내,1,27.0,14.9,64.5,22.7,51.8,55.5,N
3196,스킨답서스,Small,,실내,3,152.0,20.7,69.0,23.8,38.7,45.4,Y
3197,필로덴드론,Medium,High,베란다,3,84.0,9.4,53.1,24.4,59.9,69.7,N
3198,산세베리아,Small,Medium,베란다,1,282.0,11.6,62.0,21.8,15.6,18.0,N
3199,몬스테라,Medium,Medium,실내,4,433.0,77.3,60.0,21.4,55.2,63.6,Y
3200,스투키,Small,Low,실내,0,80.0,63.0,71.4,24.6,30.3,34.9,N
3201,스킨답서스,Small,Low,베란다,2,105.0,36.2,63.1,24.6,18.9,23.5,N
3202,스킨답서스,Medium,Medium,실내,0,164.0,38.8,79.8,22.4,42.4,43.9,N
3203,몬스테라,Large,Medium,베란다,7,46.0,30.3,63.4,19.4,45.5,55.7,N
3204,산세베리아,Medium,High,베란다,1,31.0,23.7,35.6,16.9,38.5,46.1,N
3205,고무나무,Medium,Medium,실내,1,401.0,80.6,71.1,24.0,29.7,39.4,N
3206,산세베리아,Small,High,실내,5,68.0,15.5,66.0,24.9,38.9,45.2,N
3207,산세베리아,Small,Medium,실내,2,0.0,12.3,65.8,21.4,27.7,31.8,N
3208,고무나무,Small,High,베란다,3,218.0,17.0,39.3,23.1,101.8,106.4,Y
3209,스킨답서스,Small,Low,실내,1,110.0,16.7,68.1,26.0,71.1,75.0,N
3210,고무나무,Small,High,베란다,3,22.0,44.4,66.9,28.0,114.8,123.7,Y
3211,몬스테라,Small,Medium,실내,1,4.0,12.9,38.2,20.8,81.9,87.7,N
3212,고무나무,Medium,Low,실내,4,41.0,23.1,63.5,21.7,12.0,16.9,N
3213,몬스테라,Small,Low,실내,1,316.0,31.9,58.5,23.4,59.7,60.5,Y
3214,고무나무,Medium,High,실내,0,325.0,26.4,55.1,18.4,93.7,98.2,Y
3215,스투키,Medium,Low,실내,2,45.0,8.2,54.0,15.6,42.9,43.8,N
3216,몬스테라,Medium,Medium,실내,2,217.0,31.7,32.1,18.0,38.6,41.6,N
3217,몬스테라,Medium,Medium,실내,4,70.0,27.9,54.2,21.2,92.0,97.6,N
3218,몬스테라,Small,Medium,실내,4,127.0,35.9,64.3,19.8,39.3,46.7,N
3219,고무나무,Small,High,실내,4,49.0,34.0,45.1,19.6,38.3,45.3,N
3220,고무나무,Medium,Medium,베란다,1,87.0,35.3,54.3,22.2,83.2,88.0,Y
3221,스킨답서스,Large,Medium,실내,2,42.0,2.1,48.9,22.0,39.7,40.7,N
3222,몬스테라,Small,High,실내,2,8.0,10.9,49.9,19.7,16.5,18.1,N
3223,몬스테라,Small,High,베란다,2,18.0,47.7,33.0,17.2,44.9,56.3,Y
3224,몬스테라,Large,High,베란다,1,41.0,12.6,62.9,23.2,29.9,33.5,N
3225,몬스테라,Small,Medium,실내,2,449.0,49.8,55.2,25.2,74.7,80.4,N
3226,산세베리아,Medium,Low,실내,5,405.0,16.7,45.2,20.1,16.6,20.0,N
3227,스투키,Medium,Medium,베란다,4,211.0,14.1,69.4,20.8,65.4,72.3,N
3228,스투키,Small,High,베란다,1,32.0,17.1,65.3,24.4,27.4,32.5,N
3229,·정보없음,Medium,Low,베란다,1,70.0,150.0,54.2,25.1,21.8,29.8,N
3230,스투키,Medium,Medium,실내,2,70.0,21.7,70.0,20.6,26.2,31.4,N
3231,스킨답서스,Small,Low,실내,0,59.0,41.5,74.0,21.7,31.8,34.2,N
3232,고무나무,Medium,Medium,실내,3,6.0,112.0,43.7,26.4,40.5,52.5,N
3233,스투키,Medium,High,베란다,4,92.0,32.9,41.6,24.6,33.1,41.3,N
3234,몬스테라,Medium,Low,실내,2,9.0,77.5,28.2,18.6,71.2,75.6,N
3235,스투키,Small,Medium,실내,2,194.0,47.0,46.5,16.9,80.8,86.2,N
3236,스투키,Medium,High,베란다,4,141.0,36.3,50.4,21.2,51.3,63.2,N
3237,몬스테라,Medium,Low,실내,0,52.0,8.0,35.4,19.1,43.5,45.6,N
3238,필로덴드론,Medium,Medium,실내,3,125.0,18.9,44.9,23.4,11.7,17.2,N
3239,고무나무,Medium,High,실내,0,32.0,32.9,63.9,24.1,47.5,47.9,N
3240,스킨답서스,Small,High,실내,1,37.0,14.3,58.2,22.8,62.4,67.7,N
3241,스킨답서스,Medium,Low,실내,0,45.0,34.8,45.9,19.6,17.0,20.6,N
3242,스킨답서스,Medium,Low,실내,3,191.0,21.1,69.9,18.2,50.6,55.7,N
3243,스킨답서스,Small,Low,실내,4,28.0,11.3,38.8,24.0,40.5,43.6,N
3244,고무나무,Medium,High,실내,3,99.0,41.4,61.0,24.5,44.6,54.3,N
3245,고무나무,Small,High,실내,1,27.0,30.2,52.2,25.3,35.2,41.7,N
3246,몬스테라,Medium,Medium,실내,3,40.0,36.2,56.1,21.1,10.4,12.6,N
3247,스킨답서스,Small,Medium,실내,1,32.0,26.7,58.6,21.7,73.9,80.3,N
3248,스킨답서스,Medium,Low,실내,3,124.0,16.1,69.4,24.4,65.1,67.9,N
3249,산세베리아,Large,Medium,실내,6,90.0,22.7,63.5,22.0,29.4,37.8,N
3250,고무나무,Medium,Medium,실내,4,153.0,14.7,68.1,20.3,86.5,91.2,N
3251,스킨답서스,Large,High,실내,0,30.0,68.7,42.8,19.5,5.0,13.5,N
3252,몬스테라,Large,Medium,실내,1,1.0,30.7,51.5,24.2,60.7,65.8,N
3253,고무나무,Small,Medium,실내,1,137.0,23.3,43.6,21.1,78.6,79.2,N
3254,몬스테라,Medium,Medium,실내,2,15.0,19.9,39.3,20.4,79.7,82.9,Y
3255,스투키,Medium,Low,베란다,3,34.0,10.6,65.8,23.4,32.1,37.9,N
3256,몬스테라,Large,Medium,실내,1,44.0,31.8,31.5,19.9,52.6,58.6,N
3257,고무나무,Small,Low,실내,4,165.0,8.7,48.0,20.3,79.3,82.0,N
3258,몬스테라,Large,Medium,실내,0,118.0,59.4,48.4,22.1,45.2,49.5,N
3259,스투키,Medium,,베란다,6,24.0,39.8,52.5,20.6,58.8,62.3,N
3260,산세베리아,Medium,Low,실내,0,109.0,12.4,41.3,26.2,38.8,38.7,N
3261,몬스테라,Small,High,실내,2,148.0,60.4,46.2,23.6,96.5,105.5,N
3262,스킨답서스,Small,Medium,실내,4,59.0,21.5,77.4,22.4,44.2,53.8,N
3263,,Medium,Medium,실내,3,34.0,37.9,51.9,26.2,10.8,16.5,N
3264,몬스테라,Small,High,베란다,1,136.0,21.2,44.4,22.2,80.0,85.1,Y
3265,산세베리아,Large,Medium,실내,3,113.0,21.7,57.8,25.2,32.5,36.5,N
3266,,Small,High,베란다,3,10.0,49.7,55.9,19.0,69.3,78.1,Y
3267,스킨답서스,Medium,Low,실내,3,132.0,23.7,78.1,20.1,62.8,66.8,N
3268,스킨답서스,Medium,High,실내,4,80.0,16.7,51.7,19.1,20.9,32.5,Y
3269,고무나무,Medium,High,실내,1,168.0,14.1,60.8,23.5,53.0,59.9,N
3270,고무나무,Medium,High,실내,3,25.0,20.0,40.6,17.4,56.0,65.4,N
3271,스투키,Small,Low,실내,3,36.0,84.7,46.4,23.0,17.5,21.8,N
3272,몬스테라,Small,Medium,실내,1,94.0,30.1,47.5,20.5,5.0,7.5,N
3273,고무나무,Small,Low,실내,4,79.0,11.6,37.2,22.4,75.3,78.8,N
3274,스킨답서스,Medium,Medium,베란다,2,59.0,29.5,55.6,21.9,55.7,59.6,N
3275,산세베리아,Medium,High,실내,5,164.0,59.8,58.0,23.7,38.4,49.2,N
3276,산세베리아,Medium,Medium,실내,0,100.0,61.0,56.5,28.7,23.8,29.4,N
3277,산세베리아,Medium,Medium,실내,1,149.0,32.9,35.7,28.1,,42.5,N
3278,스킨답서스,Medium,Medium,실내,4,20.0,46.0,43.4,24.5,63.0,72.9,N
3279,스투키,Medium,Medium,실내,3,157.0,23.6,50.3,21.0,43.0,49.6,N
3280,산세베리아,Small,High,베란다,2,74.0,19.6,41.0,22.6,39.1,45.4,N
3281,스킨답서스,Small,High,베란다,2,4.0,12.6,30.5,20.8,5.0,8.9,N
3282,몬스테라,Large,Low,실내,0,32.0,14.2,66.5,19.8,32.6,36.6,N
3283,산세베리아,Large,Medium,실내,3,3.0,23.5,73.1,16.1,19.9,27.0,N
3284,산세베리아,Small,Low,실내,1,73.0,43.5,68.7,21.3,18.6,20.7,N
3285,스킨답서스,Medium,Medium,베란다,0,47.0,24.9,58.5,22.8,69.5,74.4,N
3286,몬스테라,Large,High,실내,2,525.0,14.5,47.9,23.8,44.7,50.5,N
3287,스투키,Medium,High,실내,2,243.0,51.4,81.0,22.3,47.0,57.3,Y
3288,산세베리아,Small,,베란다,0,210.0,57.0,67.9,19.9,44.6,49.0,N
3289,필로덴드론,Small,Medium,베란다,3,83.0,15.5,45.1,20.5,15.5,20.3,N
3290,몬스테라,Medium,Low,실내,1,197.0,22.0,73.1,24.8,61.6,60.8,N
3291,몬스테라,Large,Medium,베란다,2,37.0,8.2,57.0,16.9,,75.5,N
3292,,Medium,Low,실내,3,99.0,44.5,70.8,20.5,36.6,43.9,N
3293,스투키,Small,Medium,실내,1,60.0,4.6,74.1,22.1,61.7,70.1,N
3294,스킨답서스,Small,Low,실내,1,23.0,24.4,47.1,20.8,62.5,65.8,N
3295,필로덴드론,Medium,Medium,베란다,3,9.0,28.8,53.4,17.4,46.6,51.5,N
3296,몬스테라,Large,Low,실내,3,98.0,15.4,58.0,24.8,24.0,26.6,N
3297,고무나무,Medium,High,실내,2,12.0,14.5,56.1,25.5,39.8,45.3,N
3298,몬스테라,Medium,High,베란다,5,152.0,37.5,42.7,19.0,64.5,74.1,Y
3299,스투키,Small,Medium,실내,3,305.0,31.3,56.3,12.4,23.4,30.9,N
3300,산세베리아,Large,Low,베란다,2,21.0,39.0,51.5,28.0,22.8,23.4,N
3301,스킨답서스,Medium,Medium,실내,2,76.0,6.7,51.7,20.8,18.9,22.9,N
3302,필로덴드론,Small,Low,실내,2,161.0,62.3,36.1,19.1,32.3,40.0,N
3303,스킨답서스,Medium,Medium,실내,5,41.0,65.5,52.2,21.7,63.2,74.6,N
3304,스투키,Small,High,베란다,2,304.0,28.2,80.7,23.0,64.3,74.9,N
3305,스투키,Small,Medium,실내,0,263.0,19.3,60.5,20.1,60.4,63.1,N
3306,스투키,Small,Medium,실내,7,,23.4,51.2,22.4,65.0,72.5,N
3307,스투키,Small,Medium,실내,4,3.0,56.7,61.5,21.6,27.0,35.7,N
3308,몬스테라,Small,High,베란다,1,450.0,14.3,71.9,19.9,20.9,23.9,N
3309,스투키,Medium,High,실내,5,376.0,6.2,46.4,17.1,71.0,78.2,Y
3310,스킨답서스,Medium,Medium,실내,0,66.0,37.6,75.2,26.0,16.0,19.5,Y
3311,고무나무,Medium,Medium,실내,4,6.0,24.7,42.2,23.7,49.3,58.2,N
3312,고무나무,Small,Medium,베란다,4,116.0,54.2,50.3,19.7,91.7,101.5,N
3313,고무나무,Small,Low,실내,2,42.0,26.1,49.3,23.2,75.7,79.7,N
3314,몬스테라,Medium,Medium,실내,4,331.0,85.7,69.6,19.4,67.8,77.5,N
3315,몬스테라,Medium,Medium,베란다,0,190.0,89.4,41.7,21.9,22.4,32.4,N
3316,고무나무,Small,Low,베란다,2,126.0,17.2,67.8,23.8,98.7,102.3,N
3317,스킨답서스,Large,Low,실내,2,40.0,4.4,52.8,23.4,58.2,58.7,N
3318,몬스테라,Medium,Medium,베란다,2,145.0,28.9,56.7,20.8,81.1,86.5,N
3319,산세베리아,Large,High,실내,4,41.0,8.0,69.2,24.4,30.0,35.4,N
3320,산세베리아,Medium,Medium,실내,4,5.0,7.1,60.8,22.0,40.7,45.2,Y
3321,스킨답서스,Small,Medium,실내,0,85.0,46.4,70.3,20.4,38.2,45.3,N
3322,몬스테라,Medium,Medium,실내,2,80.0,31.6,67.5,27.0,56.4,62.2,N
3323,산세베리아,Small,Medium,베란다,3,173.0,14.9,86.4,18.6,24.0,29.4,N
3324,스킨답서스,Medium,Medium,실내,1,241.0,26.1,68.8,23.2,11.6,16.2,N
3325,산세베리아,Small,Medium,실내,0,53.0,27.6,56.5,26.3,53.5,56.7,N
3326,산세베리아,Large,Low,실내,0,72.0,31.1,55.7,16.9,41.7,39.6,N
3327,산세베리아,Small,Medium,실내,0,76.0,52.2,75.8,26.9,45.0,51.1,N
3328,스킨답서스,Large,Medium,실내,2,47.0,23.9,58.9,27.1,69.5,75.6,Y
3329,몬스테라,Large,Medium,실내,1,163.0,5.0,61.3,20.6,40.4,43.8,N
3330,고무나무,Medium,High,실내,1,89.0,66.6,69.6,22.9,5.0,11.6,Y
3331,고무나무,Medium,Low,베란다,1,294.0,24.6,51.4,19.8,108.0,114.0,Y
3332,고무나무,Medium,Medium,실내,1,126.0,14.5,44.8,19.5,91.7,94.3,Y
3333,몬스테라,Large,Medium,실내,4,,8.4,62.5,18.6,57.6,61.6,N
3334,몬스테라,Medium,High,실내,1,22.0,27.4,49.7,27.1,33.6,39.2,N
3335,산세베리아,Medium,Medium,실내,1,56.0,21.4,73.8,21.3,37.1,42.4,Y
3336,고무나무,Medium,High,베란다,1,51.0,12.0,26.3,17.8,92.3,97.7,N
3337,필로덴드론,Large,High,베란다,1,63.0,47.8,49.6,25.1,15.6,23.5,N
3338,산세베리아,Medium,Medium,실내,4,24.0,9.8,59.3,24.0,42.3,50.4,N
3339,스킨답서스,Medium,Medium,실내,1,459.0,9.2,48.2,23.1,69.5,73.4,N
3340,고무나무,Medium,Medium,실내,5,19.0,14.2,73.4,20.0,15.6,25.0,Y
3341,산세베리아,Large,High,실내,0,127.0,3.9,59.1,20.8,60.4,64.3,Y
3342,스킨답서스,Medium,Low,실내,2,2.0,5.0,48.5,28.2,43.8,46.0,N
3343,고무나무,Small,Medium,베란다,1,63.0,10.1,59.5,23.2,47.4,49.8,N
3344,몬스테라,Medium,Medium,베란다,3,44.0,16.9,39.5,20.4,50.6,58.6,N
3345,스킨답서스,Large,Medium,실내,0,58.0,10.1,62.8,24.2,40.4,44.2,N
3346,고무나무,Medium,Medium,베란다,4,83.0,27.7,72.5,24.5,51.2,57.1,N
3347,스투키,Large,Medium,베란다,3,110.0,11.3,54.8,27.4,16.8,20.9,N
3348,몬스테라,Small,Low,베란다,3,105.0,29.3,56.5,22.2,25.0,26.5,N
3349,스투키,Medium,Medium,베란다,2,120.0,12.7,43.0,24.2,26.2,33.8,N
3350,스투키,Medium,Medium,실내,2,223.0,26.9,47.5,23.6,47.7,53.6,N
3351,몬스테라,Large,High,실내,3,261.0,62.7,69.2,19.9,57.4,70.1,Y
3352,스킨답서스,Small,Medium,베란다,3,160.0,31.6,55.2,17.9,32.0,42.2,N
3353,필로덴드론,Large,High,베란다,1,10.0,4.4,83.3,23.9,40.2,47.9,N
3354,스킨답서스,Medium,Medium,베란다,0,390.0,10.2,63.4,24.1,51.1,52.8,N
3355,몬스테라,Small,Low,실내,2,353.0,5.7,42.8,14.7,43.7,51.8,N
3356,몬스테라,Small,High,실내,5,149.0,6.9,84.2,23.6,44.8,54.6,N
3357,고무나무,Small,Low,실내,2,87.0,46.1,39.3,21.8,69.0,70.2,N
3358,스투키,Medium,High,실내,2,35.0,20.2,51.8,23.3,39.3,45.8,N
3359,산세베리아,Small,High,실내,2,169.0,21.6,58.5,20.6,29.7,36.0,N
3360,고무나무,Small,Medium,실내,0,252.0,46.4,60.2,26.4,117.2,122.4,Y
3361,산세베리아,Large,Medium,실내,1,131.0,11.3,49.0,25.1,30.4,34.4,N
3362,,Small,Medium,실내,0,119.0,27.5,56.6,17.8,24.9,29.5,N
3363,고무나무,Small,Medium,실내,2,26.0,37.7,72.4,19.1,70.1,74.2,N
3364,스투키,Medium,Medium,실내,5,53.0,18.5,72.6,22.2,80.5,88.1,N
3365,필로덴드론,Medium,Medium,실내,1,154.0,69.1,78.3,20.1,29.0,34.4,N
3366,고무나무,Medium,Medium,실내,1,2.0,19.4,46.0,25.2,99.1,103.3,N
3367,스투키,Medium,,베란다,3,123.0,9.0,60.0,19.0,19.5,22.1,N
3368,스투키,Medium,High,실내,2,175.0,12.3,61.9,25.2,19.0,23.7,N
3369,몬스테라,Medium,High,실내,2,49.0,25.9,34.5,14.7,49.0,56.9,N
3370,고무나무,Small,Medium,베란다,2,10.0,38.5,52.7,20.8,105.7,112.3,Y
3371,몬스테라,Small,High,실내,3,205.0,9.8,63.1,26.2,27.8,35.0,N
3372,스킨답서스,Medium,Low,베란다,2,18.0,54.1,54.6,21.8,48.2,51.1,N
3373,스투키,Medium,Low,실내,2,56.0,9.2,48.2,22.1,49.9,53.5,N
3374,고무나무,Medium,Medium,베란다,3,147.0,59.8,60.9,24.3,84.6,91.9,N
3375,산세베리아,Medium,Medium,실내,2,204.0,13.4,70.9,23.6,60.3,63.8,N
3376,산세베리아,Medium,Medium,베란다,2,238.0,1.3,58.7,21.7,50.6,56.3,N
3377,산세베리아,Small,High,베란다,4,91.0,35.3,30.4,26.0,32.9,43.6,N
3378,몬스테라,Small,High,실내,1,78.0,3.2,70.7,22.4,101.9,99.7,Y
3379,,Medium,Medium,실내,3,226.0,147.8,40.9,23.6,44.9,52.4,N
3380,고무나무,Medium,High,실내,4,99.0,25.4,42.1,24.8,70.7,82.3,Y
3381,스투키,Medium,Low,실내,2,104.0,7.2,59.2,14.7,44.2,44.1,N
3382,스킨답서스,Small,Low,실내,3,68.0,17.7,59.4,19.8,,71.0,N
3383,몬스테라,Medium,,베란다,2,56.0,6.3,48.3,20.2,77.5,82.3,Y
3384,스투키,Large,Medium,실내,3,79.0,33.7,65.0,24.0,23.1,29.7,N
3385,몬스테라,Small,Medium,실내,6,54.0,4.3,55.9,27.2,20.9,26.9,N
3386,산세베리아,Medium,Medium,베란다,4,51.0,3.4,37.5,16.4,25.6,24.9,N
3387,스투키,Large,Medium,실내,2,607.0,69.5,43.9,20.8,,85.1,N
3388,스킨답서스,Small,Low,실내,1,49.0,9.6,52.3,25.3,44.2,49.8,N
3389,몬스테라,Medium,Medium,베란다,3,36.0,28.1,56.4,16.8,5.0,8.1,N
3390,고무나무,Small,Low,베란다,1,52.0,19.6,49.4,23.1,101.1,106.7,N
3391,스투키,Medium,Low,실내,1,107.0,15.1,33.7,23.4,46.6,48.2,N
3392,산세베리아,Small,Medium,베란다,1,290.0,16.0,47.4,23.6,30.0,37.2,N
3393,산세베리아,Large,Low,실내,3,186.0,38.7,63.7,18.6,59.4,64.4,Y
3394,스투키,Medium,High,실내,2,222.0,20.8,56.6,21.9,36.5,41.4,N
3395,필로덴드론,Medium,Low,실내,1,235.0,8.1,66.9,18.4,38.1,41.3,N
3396,필로덴드론,Medium,Low,실내,0,304.0,7.3,65.2,25.3,29.9,33.9,N
3397,산세베리아,Medium,Medium,실내,0,32.0,54.7,35.0,18.8,36.1,37.9,N
3398,산세베리아,Medium,Medium,실내,2,74.0,40.3,47.8,22.1,47.6,53.4,N
3399,스투키,Large,Low,베란다,1,58.0,68.3,64.0,28.3,45.0,50.8,N
3400,스킨답서스,Large,Low,실내,3,58.0,40.9,61.7,25.4,68.0,71.2,N
3401,몬스테라,Medium,High,베란다,2,127.0,9.6,61.6,16.7,56.4,59.1,N
3402,몬스테라,Large,Medium,실내,3,62.0,18.8,67.7,21.1,76.6,86.0,N
3403,필로덴드론,Medium,Medium,베란다,3,115.0,55.5,71.0,22.2,8.4,12.0,N
3404,스투키,Medium,Medium,실내,4,58.0,8.1,34.8,21.4,21.4,26.4,N
3405,고무나무,Medium,Medium,실내,3,45.0,4.8,50.7,23.2,16.6,21.1,N
3406,산세베리아,Small,Medium,실내,3,52.0,72.3,63.5,23.8,37.9,50.1,N
3407,산세베리아,Small,Medium,베란다,1,195.0,69.8,65.1,27.5,38.9,40.7,N
3408,필로덴드론,Small,High,베란다,6,110.0,57.7,76.6,20.6,54.1,66.7,Y
3409,스투키,Medium,Low,실내,1,438.0,54.6,73.5,24.2,61.3,63.3,N
3410,몬스테라,Medium,High,실내,2,215.0,45.0,69.4,21.5,80.4,86.7,N
3411,스킨답서스,Medium,Low,실내,3,80.0,58.5,50.0,26.7,5.0,12.5,N
3412,몬스테라,Large,Low,베란다,2,33.0,10.8,65.9,23.2,,73.8,N
3413,몬스테라,Medium,Low,베란다,6,134.0,18.2,79.5,22.1,44.7,46.8,N
3414,,Medium,Low,베란다,4,156.0,14.5,73.7,21.2,48.9,50.1,N
3415,산세베리아,Small,High,베란다,2,75.0,31.9,60.3,19.4,42.1,49.2,Y
3416,스킨답서스,Small,Medium,베란다,2,31.0,4.6,73.1,24.6,56.2,60.0,Y
3417,스투키,Medium,Low,실내,2,98.0,58.4,58.4,19.5,41.3,44.7,N
3418,고무나무,Medium,High,베란다,4,35.0,4.9,58.6,16.4,82.9,88.9,N
3419,스투키,Medium,High,베란다,1,338.0,45.3,53.1,19.1,45.0,54.4,N
3420,몬스테라,Small,High,베란다,0,119.0,13.4,39.2,22.5,64.4,63.9,N
3421,산세베리아,Medium,High,실내,1,41.0,31.3,67.3,18.3,33.6,41.7,Y
3422,고무나무,Small,Low,실내,2,29.0,26.8,54.6,19.6,109.9,110.1,Y
3423,산세베리아,Small,High,실내,2,151.0,2.8,57.6,16.3,31.9,38.9,N
3424,몬스테라,Small,Medium,실내,2,148.0,27.7,62.0,19.5,34.1,40.7,N
3425,산세베리아,Small,High,실내,4,109.0,9.2,48.9,27.1,54.0,62.6,Y
3426,고무나무,Small,High,실내,0,114.0,3.0,66.4,20.1,68.2,70.8,N
3427,스킨답서스,Small,Medium,실내,2,111.0,24.8,54.1,21.7,43.6,47.6,N
3428,고무나무,Large,High,실내,1,54.0,4.0,54.6,28.7,81.5,85.8,Y
3429,산세베리아,Small,,실내,2,,69.2,20.0,23.0,32.4,41.7,N
3430,스킨답서스,Small,Medium,실내,1,78.0,9.3,57.7,22.9,47.2,49.8,N
3431,스킨답서스,Small,Low,베란다,3,2.0,26.1,44.7,19.1,76.4,78.8,N
3432,필로덴드론,Medium,High,베란다,4,51.0,23.6,51.6,22.7,65.5,73.7,Y
3433,산세베리아,Small,Medium,실내,1,17.0,45.8,46.6,27.2,41.3,45.9,N
3434,스킨답서스,Large,Medium,베란다,1,54.0,12.8,47.4,18.4,62.1,65.2,N
3435,,Large,Medium,베란다,2,112.0,14.4,53.2,21.4,94.5,102.1,N
3436,스투키,Small,High,실내,7,3.0,24.0,61.7,18.5,31.7,41.6,N
3437,스투키,Medium,Medium,실내,2,245.0,9.9,73.8,26.8,62.0,68.6,Y
3438,스킨답서스,Small,High,실내,3,113.0,15.1,57.8,18.5,,41.5,N
3439,필로덴드론,Medium,High,실내,3,42.0,10.9,50.4,19.9,18.4,21.9,N
3440,필로덴드론,Medium,Medium,베란다,1,45.0,28.7,52.0,18.5,64.0,66.8,Y
3441,스투키,Small,Medium,실내,0,75.0,38.8,67.3,17.9,35.2,39.0,N
3442,스킨답서스,Small,High,실내,1,34.0,49.6,61.0,22.3,23.0,29.7,Y
3443,몬스테라,Medium,High,베란다,1,1.0,47.2,40.8,20.9,,40.3,N
3444,필로덴드론,Medium,High,실내,1,3.0,32.3,47.4,23.1,33.1,40.9,N
3445,필로덴드론,Small,Low,베란다,1,53.0,32.0,56.0,23.9,5.0,8.0,N
3446,고무나무,Medium,High,실내,5,16.0,31.4,53.1,17.0,52.5,62.5,N
3447,산세베리아,Medium,Medium,실내,5,3.0,21.2,48.6,22.9,47.9,57.6,N
3448,,Large,Medium,실내,3,235.0,7.6,52.9,19.3,154.1,157.4,Y
3449,스킨답서스,Small,High,실내,4,38.0,60.2,58.6,22.4,5.0,14.5,N
3450,몬스테라,Medium,Low,실내,3,84.0,31.3,59.8,23.0,55.5,58.3,N
3451,스킨답서스,Medium,High,실내,1,24.0,39.7,55.7,21.2,49.0,52.4,N
3452,고무나무,Small,Medium,실내,2,6.0,14.0,66.3,25.9,27.5,31.8,N
3453,고무나무,Medium,High,실내,2,164.0,88.3,60.6,17.7,7.2,18.9,N
3454,스투키,Medium,Low,실내,2,16.0,54.7,43.0,18.6,36.7,38.0,N
3455,필로덴드론,Large,Medium,베란다,2,3.0,16.1,51.1,22.7,42.7,45.0,N
3456,,Small,High,실내,3,106.0,13.2,53.5,28.3,55.9,62.6,N
3457,스킨답서스,Medium,Low,실내,2,2.0,39.3,53.3,19.2,64.6,68.6,N
3458,고무나무,Medium,Low,실내,3,69.0,21.1,45.7,21.8,84.5,87.3,N
3459,고무나무,Large,High,실내,1,41.0,28.5,48.6,25.6,44.7,49.4,N
3460,고무나무,Small,Medium,실내,2,46.0,57.8,66.0,24.7,68.5,77.7,Y
3461,스투키,Large,High,실내,5,0.0,28.1,43.3,23.8,48.0,56.5,Y
3462,몬스테라,Large,Low,베란다,1,400.0,20.1,51.7,19.8,36.7,42.0,N
3463,고무나무,Small,Medium,실내,3,87.0,32.5,70.2,21.9,71.3,76.2,N
3464,스킨답서스,Large,High,실내,2,102.0,5.2,54.3,22.1,65.4,71.5,N
3465,몬스테라,Large,Medium,실내,2,132.0,27.0,83.9,25.1,54.6,58.4,N
3466,고무나무,Small,Medium,베란다,3,192.0,6.2,74.6,21.6,76.3,80.2,N
3467,스킨답서스,Medium,Medium,실내,1,112.0,37.0,29.1,26.1,31.9,35.3,N
3468,고무나무,Medium,High,실내,4,172.0,20.9,42.1,21.8,23.5,33.1,N
3469,산세베리아,Small,Low,실내,5,71.0,68.0,55.9,22.4,41.9,50.8,N
3470,몬스테라,Small,Medium,실내,3,56.0,51.8,51.4,21.6,78.5,85.7,N
3471,몬스테라,Small,Low,실내,3,208.0,28.2,63.6,21.5,27.8,29.2,N
3472,산세베리아,Small,Medium,베란다,4,241.0,72.5,62.9,21.8,44.1,54.2,N
3473,고무나무,Medium,Medium,실내,3,18.0,15.3,37.0,22.1,40.5,48.6,N
3474,고무나무,Small,Medium,실내,3,94.0,9.4,69.1,17.1,97.0,103.6,Y
3475,산세베리아,Large,Medium,베란다,4,138.0,19.6,78.2,21.2,15.4,18.8,N
3476,산세베리아,Medium,Low,실내,3,10.0,19.3,38.7,27.1,37.8,39.8,Y
3477,필로덴드론,Small,Low,실내,2,318.0,20.4,50.5,16.6,5.0,6.1,N
3478,스킨답서스,Medium,Medium,실내,1,88.0,24.3,51.2,21.3,65.0,69.1,N
3479,스킨답서스,Medium,Medium,실내,3,124.0,4.2,70.0,20.3,65.4,71.2,N
3480,스킨답서스,Large,High,실내,1,24.0,12.1,73.2,23.0,59.3,66.0,Y
3481,몬스테라,Small,Medium,실내,2,37.0,15.2,49.8,23.5,66.8,72.0,N
3482,스킨답서스,Small,Low,베란다,0,15.0,71.4,49.5,22.4,41.0,47.4,N
3483,,Large,Medium,베란다,0,37.0,15.0,67.2,16.0,14.9,21.3,N
3484,필로덴드론,Large,Low,베란다,0,81.0,16.2,52.5,15.9,26.2,30.8,N
3485,스킨답서스,Medium,High,실내,2,215.0,38.4,57.7,14.0,39.1,44.9,Y
3486,스킨답서스,Medium,High,실내,4,92.0,19.8,66.5,21.6,50.7,60.1,Y
3487,스투키,Small,Medium,실내,0,34.0,84.1,63.8,17.1,53.3,60.6,N
3488,몬스테라,Medium,Medium,실내,3,5.0,41.1,58.5,15.0,15.9,26.1,N
3489,몬스테라,Small,,베란다,3,117.0,36.7,39.3,19.2,8.0,18.0,Y
3490,스킨답서스,Small,Medium,실내,1,65.0,5.0,62.2,20.0,53.6,55.9,N
3491,몬스테라,Large,High,베란다,3,499.0,29.4,66.9,21.8,57.6,65.7,N
3492,고무나무,Small,Low,실내,1,182.0,25.7,64.1,22.0,46.4,49.1,N
3493,산세베리아,Medium,Medium,실내,3,198.0,46.9,38.5,22.2,50.5,59.7,N
3494,산세베리아,Large,Medium,실내,2,1.0,37.4,64.8,24.5,62.1,67.4,N
3495,고무나무,Small,High,실내,1,180.0,33.2,46.5,21.1,59.0,66.3,N
3496,몬스테라,Large,Medium,베란다,6,26.0,30.5,26.2,24.2,48.4,56.9,N
3497,산세베리아,Large,High,베란다,5,106.0,15.0,53.1,21.0,49.0,54.9,N
3498,산세베리아,Medium,Low,실내,2,,9.5,41.2,20.8,38.1,40.6,N
3499,몬스테라,Small,Medium,실내,1,102.0,31.3,55.0,20.3,52.9,57.8,N
3500,고무나무,Small,High,실내,1,17.0,10.0,40.0,21.9,45.0,50.0,N
3501,스투키,Medium,Low,실내,1,73.0,24.2,52.5,24.0,44.6,49.2,N
3502,산세베리아,Small,Medium,실내,0,5.0,63.3,35.5,23.9,42.1,46.6,N
3503,필로덴드론,Small,Low,베란다,2,5.0,72.0,46.9,23.8,47.7,50.1,N
3504,몬스테라,Large,Low,실내,1,129.0,19.7,59.0,22.9,52.5,223.1,N
3505,,Small,Low,실내,1,364.0,49.7,76.2,18.5,43.7,46.1,N
3506,고무나무,Medium,High,베란다,3,180.0,23.8,51.6,30.3,76.6,84.4,N
3507,필로덴드론,Small,Medium,실내,2,76.0,9.5,54.8,18.0,43.6,48.0,N
3508,스킨답서스,Medium,High,실내,3,7.0,24.1,64.6,22.4,30.5,34.9,N
3509,산세베리아,Large,Medium,실내,2,6.0,104.6,59.9,31.0,10.6,22.6,N
3510,몬스테라,Small,Medium,실내,1,21.0,35.6,60.5,24.6,73.9,79.3,N
3511,스투키,Small,Medium,실내,0,447.0,11.3,63.4,19.9,53.0,57.0,N
3512,몬스테라,Medium,High,실내,3,61.0,30.9,50.4,25.7,63.3,73.8,N
3513,필로덴드론,Medium,High,베란다,2,222.0,42.4,45.6,22.6,22.0,29.4,N
3514,산세베리아,Medium,High,베란다,2,147.0,49.3,58.3,19.6,21.2,30.5,N
3515,산세베리아,Small,Low,베란다,1,112.0,19.4,27.0,22.7,36.7,39.5,N
3516,필로덴드론,Small,Medium,실내,2,354.0,73.3,30.4,20.9,46.3,55.4,N
3517,몬스테라,Large,Medium,베란다,1,31.0,22.0,72.9,21.4,61.7,65.1,N
3518,스투키,Large,High,실내,2,73.0,31.2,68.6,22.1,41.4,51.5,N
3519,몬스테라,Medium,Medium,실내,0,240.0,5.2,46.8,24.1,84.6,84.8,N
3520,몬스테라,Large,Medium,실내,1,96.0,59.7,40.2,24.7,72.6,81.4,N
3521,스투키,Medium,Medium,실내,5,34.0,7.8,61.5,19.8,32.4,42.0,N
3522,스킨답서스,Medium,Low,실내,1,28.0,40.1,63.4,23.1,32.8,36.6,N
3523,스투키,Small,Low,실내,2,168.0,16.3,44.3,21.2,46.7,49.4,N
3524,몬스테라,Medium,High,베란다,3,2.0,7.9,53.5,24.3,54.5,63.7,Y
3525,몬스테라,Medium,Medium,실내,5,295.0,17.2,33.4,18.9,76.4,85.4,N
3526,몬스테라,Small,High,베란다,3,2.0,4.9,49.7,21.9,43.1,47.7,N
3527,필로덴드론,Medium,High,실내,2,,13.3,52.2,16.5,51.2,58.1,N
3528,산세베리아,Medium,Medium,실내,4,111.0,14.6,57.0,24.1,34.1,39.8,N
3529,,Medium,Medium,실내,1,104.0,8.3,81.6,27.4,24.2,28.5,N
3530,스킨답서스,Medium,Low,실내,0,77.0,30.0,40.9,26.6,45.4,48.9,N
3531,스투키,Large,High,실내,2,230.0,22.9,73.0,24.5,59.9,64.7,Y
3532,산세베리아,Small,Medium,실내,4,129.0,29.9,48.0,23.7,30.5,34.6,N
3533,스투키,Medium,Medium,실내,2,183.0,15.0,46.8,28.2,36.7,40.1,N
3534,스투키,Medium,Medium,실내,4,15.0,20.1,67.5,20.3,57.4,66.3,N
3535,스투키,Medium,Medium,베란다,4,6.0,7.4,46.6,21.2,40.5,46.6,N
3536,몬스테라,Small,Medium,실내,0,3.0,13.8,44.3,26.2,43.8,49.3,N
3537,스투키,Small,Medium,실내,1,19.0,7.8,62.3,21.6,38.2,45.2,N
3538,·정보없음,Large,High,베란다,1,132.0,18.2,60.7,19.2,58.3,63.6,N
3539,고무나무,Medium,High,실내,3,82.0,13.8,48.6,17.4,49.1,56.9,Y
3540,몬스테라,Large,Medium,베란다,1,167.0,40.1,76.6,19.5,,89.6,N
3541,몬스테라,Medium,Medium,베란다,3,26.0,42.8,49.0,27.3,44.3,47.0,N
3542,산세베리아,Medium,High,베란다,2,55.0,27.3,35.9,21.7,39.7,45.1,N
3543,몬스테라,Large,Low,실내,4,263.0,41.8,40.9,19.7,60.1,64.6,N
3544,스투키,Medium,High,실내,0,329.0,29.2,40.5,21.7,50.2,57.1,Y
3545,산세베리아,Medium,Low,실내,2,306.0,15.5,50.5,23.0,41.0,40.9,N
3546,몬스테라,Medium,Medium,실내,1,205.0,25.4,72.2,16.4,58.8,64.6,N
3547,몬스테라,Large,Medium,실내,4,140.0,65.4,33.2,19.3,53.9,61.6,N
3548,스킨답서스,Medium,Medium,실내,4,294.0,47.1,75.4,17.5,27.6,36.5,N
3549,스투키,Medium,High,베란다,3,150.0,24.3,46.5,26.4,,31.3,N
3550,스킨답서스,Small,Low,실내,2,369.0,4.8,47.9,21.6,29.8,31.8,N
3551,산세베리아,Large,Medium,베란다,3,3.0,79.9,45.3,21.5,16.6,24.2,N
3552,몬스테라,Small,Medium,베란다,3,306.0,21.2,48.5,21.5,95.0,99.9,Y
3553,스킨답서스,Medium,High,실내,0,97.0,51.5,51.8,18.6,5.0,13.6,N
3554,스킨답서스,Medium,Low,실내,0,14.0,23.6,53.2,23.6,19.8,19.9,N
3555,몬스테라,Medium,High,실내,2,29.0,56.8,58.2,27.5,46.9,52.7,N
3556,고무나무,Medium,Medium,베란다,3,229.0,29.8,29.6,20.1,110.4,114.1,N
3557,스투키,Small,Low,실내,1,85.0,5.3,53.1,24.7,42.0,43.0,N
3558,스킨답서스,Medium,High,실내,6,488.0,19.5,60.6,21.7,54.9,65.0,N
3559,몬스테라,Medium,Low,실내,1,15.0,30.1,54.0,19.7,94.3,97.4,N
3560,스킨답서스,Large,Medium,베란다,4,64.0,27.5,51.5,24.7,60.1,66.7,N
3561,스투키,Small,Low,베란다,2,48.0,47.0,48.7,17.1,27.6,30.1,N
3562,산세베리아,Large,Medium,실내,0,87.0,29.8,67.5,17.7,18.5,26.1,N
3563,몬스테라,Medium,Medium,실내,4,120.0,24.7,60.5,27.3,23.1,31.0,N
3564,스킨답서스,Large,Medium,실내,2,130.0,9.2,52.2,20.8,39.2,41.9,N
3565,스킨답서스,Medium,Medium,실내,2,0.0,74.8,61.1,25.6,55.8,63.3,N
3566,고무나무,Medium,Medium,베란다,3,11.0,18.9,66.0,21.6,38.0,45.7,Y
3567,스킨답서스,Large,Low,베란다,1,4.0,14.6,38.4,14.4,5.0,6.2,N
3568,고무나무,Large,Medium,베란다,0,240.0,10.2,60.9,24.0,18.5,20.8,N
3569,산세베리아,Medium,High,실내,0,45.0,13.3,44.8,23.1,30.0,32.8,N
3570,산세베리아,Small,High,실내,4,,44.4,70.4,19.8,41.8,54.0,Y
3571,스투키,Medium,Low,실내,3,72.0,6.6,43.4,25.3,52.9,56.8,N
3572,스킨답서스,Medium,Low,실내,1,227.0,17.3,54.6,24.8,48.6,49.7,N
3573,산세베리아,Small,High,실내,0,2.0,3.5,58.2,19.7,32.5,39.8,N
3574,필로덴드론,Small,Medium,베란다,0,15.0,12.0,32.6,25.2,28.9,29.7,N
3575,산세베리아,Large,Medium,실내,1,139.0,14.3,29.9,22.7,28.5,32.2,N
3576,스투키,Small,High,베란다,0,399.0,13.1,49.9,22.2,31.3,37.4,N
3577,몬스테라,Medium,Medium,실내,2,124.0,10.1,75.1,19.8,48.8,52.9,N
3578,스킨답서스,Small,Medium,실내,1,36.0,61.1,52.7,19.3,,16.2,N
3579,고무나무,Small,High,실내,3,88.0,14.3,60.7,26.3,25.3,33.0,N
3580,스킨답서스,Small,,실내,3,443.0,42.9,20.0,23.1,23.2,30.3,N
3581,스킨답서스,Small,Low,실내,0,90.0,16.0,65.0,24.8,53.0,53.3,N
3582,산세베리아,Medium,Low,베란다,3,56.0,7.9,60.9,20.6,52.2,56.7,N
3583,스투키,Large,Low,실내,2,58.0,38.1,62.9,23.5,47.4,49.3,N
3584,산세베리아,Small,High,베란다,2,409.0,50.7,55.5,21.0,43.0,48.4,N
3585,·정보없음,Medium,Medium,베란다,2,152.0,7.8,39.6,24.0,56.4,61.0,N
3586,스투키,Medium,Low,실내,5,139.0,35.4,45.9,17.8,52.8,56.0,N
3587,,Large,High,베란다,4,32.0,18.9,44.1,17.8,5.0,13.3,N
3588,산세베리아,Medium,Low,실내,2,98.0,82.8,61.5,18.7,32.9,38.6,N
3589,몬스테라,Medium,Low,베란다,6,53.0,47.7,52.2,22.0,44.0,50.2,N
3590,,Medium,Low,실내,1,33.0,66.7,64.9,15.3,69.4,79.6,N
3591,필로덴드론,Large,Low,실내,2,271.0,16.2,62.5,23.4,38.6,44.5,N
3592,몬스테라,Small,Medium,실내,2,58.0,69.5,76.1,23.8,16.1,24.6,N
3593,스킨답서스,Medium,High,실내,0,40.0,41.0,56.3,16.8,6.7,13.3,N
3594,스킨답서스,Large,High,베란다,1,,27.0,52.3,20.8,26.6,33.9,Y
3595,스킨답서스,Medium,Medium,베란다,1,26.0,38.1,56.1,27.6,5.0,10.0,N
3596,고무나무,Medium,Medium,베란다,2,164.0,10.0,23.0,20.7,95.8,100.0,N
3597,·정보없음,Medium,Medium,실내,2,127.0,27.2,50.5,19.0,52.9,58.1,N
3598,스킨답서스,Small,Low,실내,3,304.0,18.8,62.3,20.9,31.7,34.3,N
3599,스투키,Medium,Low,실내,3,214.0,51.2,51.4,25.5,36.8,45.4,N
3600,고무나무,Medium,High,실내,3,147.0,2.5,51.9,18.6,25.0,29.2,N
3601,몬스테라,Medium,Low,실내,1,45.0,26.6,51.3,23.7,59.5,64.2,N
3602,스킨답서스,Medium,Low,실내,3,82.0,17.0,73.9,23.3,57.3,62.4,N
3603,몬스테라,Large,Medium,실내,1,347.0,73.9,58.2,22.0,73.1,81.3,N
3604,스투키,Small,Medium,실내,4,3.0,21.2,53.0,20.9,45.7,52.4,N
3605,몬스테라,Medium,Low,실내,1,190.0,19.5,84.0,24.8,41.8,42.6,N
3606,몬스테라,Medium,Low,실내,1,35.0,26.9,39.1,18.6,34.5,38.3,N
3607,산세베리아,Medium,Medium,베란다,2,25.0,38.8,46.7,23.2,56.7,63.5,N
3608,스투키,Small,Medium,실내,2,32.0,4.5,41.9,17.3,34.5,43.4,N
3609,필로덴드론,Medium,Low,베란다,2,7.0,7.2,45.6,24.9,14.2,18.3,N
3610,필로덴드론,Large,,실내,4,579.0,74.1,69.8,24.3,20.4,30.3,N
3611,스킨답서스,Medium,Medium,베란다,4,245.0,27.9,42.8,20.7,9.0,16.0,N
3612,몬스테라,Large,High,실내,0,88.0,110.7,55.2,21.3,34.7,44.1,Y
3613,스투키,Large,Medium,실내,3,151.0,11.1,60.5,23.4,38.6,44.5,N
3614,,Small,Low,실내,0,98.0,35.6,63.1,17.9,36.2,40.1,N
3615,스투키,Small,Medium,베란다,2,200.0,28.2,46.9,21.1,30.8,34.7,N
3616,몬스테라,Large,High,실내,0,224.0,60.3,61.6,22.0,62.4,68.4,Y
3617,스킨답서스,Large,Low,실내,0,32.0,5.9,49.3,16.9,80.3,80.3,N
3618,산세베리아,Small,Medium,베란다,3,74.0,74.5,54.9,24.7,46.5,56.0,N
3619,산세베리아,Small,Low,실내,4,121.0,26.2,41.9,28.2,23.5,30.0,N
3620,몬스테라,Small,Low,실내,3,460.0,22.5,39.1,29.2,10.4,8.7,N
3621,고무나무,Large,Medium,실내,5,138.0,35.0,59.1,16.1,20.5,28.0,N
3622,스투키,Small,Medium,실내,3,274.0,21.7,83.5,25.5,45.8,55.3,N
3623,몬스테라,Medium,High,실내,7,225.0,26.9,50.9,20.1,17.3,30.8,N
3624,산세베리아,Large,Medium,실내,1,105.0,54.8,54.5,21.7,18.2,24.9,N
3625,스투키,Small,Medium,베란다,2,269.0,9.9,62.2,19.1,52.2,54.3,N
3626,스투키,Medium,Medium,베란다,1,57.0,34.2,67.6,23.8,32.3,38.9,N
3627,몬스테라,Small,Medium,실내,4,57.0,35.0,68.3,14.5,52.1,59.3,N
3628,산세베리아,Large,Low,실내,2,182.0,77.2,61.4,18.4,25.3,31.7,N
3629,산세베리아,Small,High,베란다,2,17.0,18.3,52.9,15.2,41.4,52.1,N
3630,고무나무,Medium,High,베란다,1,44.0,1.0,63.2,20.3,84.2,85.7,N
3631,산세베리아,Medium,Low,베란다,0,113.0,16.2,59.7,21.1,33.5,38.5,N
3632,몬스테라,Small,Low,실내,1,65.0,12.7,54.3,17.3,64.6,66.4,N
3633,스킨답서스,Small,Low,베란다,2,339.0,68.1,66.0,23.6,34.8,41.9,N
3634,스투키,Medium,Medium,베란다,5,382.0,0.7,60.1,23.3,32.4,37.6,N
3635,,Small,Medium,실내,2,84.0,49.3,46.6,24.6,56.9,61.4,N
3636,스킨답서스,Large,High,실내,0,93.0,31.4,42.2,26.2,47.4,53.9,N
3637,필로덴드론,Large,High,실내,1,155.0,7.5,35.9,21.2,53.0,54.2,N
3638,몬스테라,Medium,Medium,실내,4,73.0,32.8,43.7,22.7,65.0,70.7,N
3639,스투키,Medium,Medium,베란다,3,25.0,3.7,55.4,18.9,68.9,72.3,Y
3640,몬스테라,Medium,Medium,베란다,2,165.0,40.2,67.3,22.2,23.8,28.4,N
3641,스투키,Large,Medium,베란다,1,161.0,22.1,53.6,22.3,32.4,37.9,N
3642,필로덴드론,Medium,Medium,베란다,4,34.0,2.2,58.5,26.6,76.4,83.1,N
3643,스킨답서스,Small,Medium,실내,3,215.0,6.9,62.2,23.6,19.4,24.3,N
3644,스킨답서스,Small,Medium,실내,0,114.0,41.2,40.4,23.7,60.8,63.7,N
3645,산세베리아,Medium,Medium,베란다,0,32.0,79.6,49.8,21.1,32.9,38.9,N
3646,몬스테라,Medium,Medium,실내,1,127.0,81.2,41.0,12.2,,10.9,Y
3647,,Medium,High,실내,1,32.0,50.8,51.0,22.1,,49.4,Y
3648,스킨답서스,Small,,실내,3,37.0,5.2,58.2,20.6,45.1,48.6,N
3649,스킨답서스,Medium,Medium,실내,4,226.0,56.6,55.9,18.7,47.7,53.1,N
3650,필로덴드론,Small,Medium,실내,2,318.0,88.1,45.1,24.2,45.9,54.4,N
3651,산세베리아,Small,Medium,실내,4,36.0,67.7,61.5,25.0,37.8,47.8,N
3652,스투키,Medium,Low,실내,2,316.0,31.6,58.2,19.0,55.8,59.2,N
3653,산세베리아,Small,Low,베란다,2,33.0,8.8,60.1,22.1,36.8,37.3,N
3654,몬스테라,Medium,Medium,베란다,1,15.0,54.6,56.9,21.7,72.1,77.0,N
3655,몬스테라,Medium,Medium,베란다,3,7.0,23.6,46.0,25.4,18.3,26.0,N
3656,몬스테라,Medium,High,실내,2,33.0,23.4,40.4,23.3,,71.7,N
3657,스투키,Medium,Medium,베란다,0,58.0,24.6,59.7,24.1,60.1,61.2,N
3658,스킨답서스,Small,Medium,베란다,3,315.0,24.9,60.1,20.9,14.1,20.9,N
3659,고무나무,Small,Low,실내,2,33.0,8.1,55.9,23.2,115.3,116.3,N
3660,필로덴드론,Large,Low,베란다,1,55.0,18.1,80.3,24.6,39.8,44.6,N
3661,스킨답서스,Medium,High,실내,2,159.0,74.3,49.5,28.9,48.2,60.4,N
3662,스킨답서스,Medium,Low,베란다,2,43.0,24.2,59.1,20.4,54.1,52.3,N
3663,몬스테라,Small,Medium,실내,2,138.0,17.2,56.3,20.9,5.0,7.8,N
3664,몬스테라,Medium,Medium,실내,2,68.0,11.1,54.6,19.8,,72.1,Y
3665,스킨답서스,Medium,Medium,실내,2,26.0,10.6,42.2,20.7,9.4,9.3,N
3666,스킨답서스,Medium,High,실내,1,159.0,41.3,51.8,26.1,34.6,44.1,N
3667,산세베리아,Medium,Medium,실내,1,3.0,30.9,66.6,19.5,49.8,55.2,N
3668,몬스테라,Small,Medium,베란다,3,41.0,28.5,62.1,23.2,50.0,53.0,N
3669,몬스테라,Small,High,베란다,2,53.0,40.3,65.2,25.0,76.0,85.5,N
3670,스킨답서스,Large,High,베란다,4,74.0,49.5,47.7,25.6,33.8,46.0,N
3671,스투키,Large,Low,실내,3,137.0,25.5,66.1,26.4,49.3,54.1,N
3672,몬스테라,Small,Low,베란다,2,74.0,44.7,41.9,23.4,69.8,74.4,Y
3673,고무나무,Medium,Low,실내,2,108.0,14.4,52.6,23.1,125.6,130.1,Y
3674,몬스테라,Small,Medium,베란다,2,109.0,54.6,42.8,20.3,41.4,45.7,N
3675,고무나무,Small,High,실내,3,56.0,21.2,76.3,16.1,57.5,65.1,Y
3676,스투키,Small,Medium,실내,2,326.0,80.7,56.9,20.2,50.5,56.7,N
3677,몬스테라,Small,Medium,베란다,2,374.0,23.7,66.4,22.5,36.3,43.5,N
3678,스투키,Medium,High,베란다,4,105.0,9.0,59.8,25.0,,53.5,Y
3679,산세베리아,Medium,Medium,실내,2,9.0,31.2,61.4,26.5,28.3,29.1,N
3680,스투키,Small,Medium,베란다,1,81.0,22.5,42.5,22.0,24.5,25.5,N
3681,산세베리아,Small,High,실내,3,24.0,6.9,54.2,25.4,17.9,24.0,N
3682,몬스테라,Large,High,베란다,2,79.0,83.3,42.0,22.5,57.9,66.9,N
3683,산세베리아,Small,High,실내,1,25.0,21.6,49.4,22.6,54.6,58.6,N
3684,스투키,Medium,Medium,실내,2,146.0,6.8,55.3,21.1,61.1,63.5,N
3685,고무나무,Small,High,실내,3,10.0,22.1,43.7,20.6,5.0,10.5,N
3686,스킨답서스,Medium,Low,실내,3,368.0,14.7,39.4,20.3,40.8,44.6,N
3687,필로덴드론,Small,Medium,베란다,3,26.0,16.7,40.3,20.3,67.9,74.6,N
3688,스투키,Small,High,실내,1,130.0,33.5,62.4,20.0,38.3,44.6,N
3689,몬스테라,Small,Medium,실내,3,299.0,12.7,51.0,24.6,37.5,43.9,N
3690,몬스테라,Small,High,실내,0,34.0,49.1,39.3,25.8,5.0,10.9,N
3691,산세베리아,Medium,Medium,실내,3,327.0,14.3,54.0,19.7,29.4,31.4,N
3692,스킨답서스,Medium,Low,베란다,3,59.0,10.6,63.3,19.3,54.4,60.4,Y
3693,산세베리아,Small,High,실내,3,388.0,27.0,53.2,21.4,49.5,59.8,N
3694,스투키,Small,Low,실내,1,426.0,5.0,37.5,19.4,57.5,60.6,N
3695,스투키,Medium,Medium,실내,2,25.0,22.1,52.4,18.9,44.7,46.9,N
3696,,Medium,Low,실내,3,213.0,19.8,44.8,21.0,43.0,43.3,N
3697,필로덴드론,Large,High,베란다,2,26.0,17.9,57.4,22.7,18.3,22.7,N
3698,고무나무,Medium,Medium,실내,4,31.0,8.3,50.0,22.7,55.7,65.6,N
3699,필로덴드론,Medium,Low,실내,2,11.0,12.7,57.0,21.1,36.5,39.8,N
3700,스투키,Medium,Low,베란다,3,20.0,49.5,33.7,20.4,52.2,56.4,N
3701,,Large,High,실내,4,120.0,10.6,55.2,23.8,98.1,105.8,Y
3702,고무나무,Large,High,베란다,3,72.0,56.1,51.1,23.2,29.8,38.4,N
3703,스투키,Small,High,실내,1,188.0,42.5,43.7,22.5,49.1,55.4,N
3704,산세베리아,Small,Medium,베란다,2,48.0,20.1,55.0,20.3,39.8,44.6,N
3705,필로덴드론,Small,Medium,실내,4,415.0,57.2,50.5,26.0,49.9,56.8,N
3706,산세베리아,Medium,Low,실내,1,6.0,34.7,53.4,18.1,52.6,52.9,N
3707,고무나무,Medium,Medium,실내,2,8.0,20.8,42.4,20.3,44.5,49.4,N
3708,스투키,Medium,Low,베란다,2,145.0,11.7,56.0,19.0,38.0,39.0,N
3709,스투키,Small,High,베란다,2,262.0,23.3,32.0,22.0,56.9,65.3,N
3710,필로덴드론,Medium,High,실내,3,190.0,70.2,51.8,20.0,20.1,31.4,N
3711,몬스테라,Large,,베란다,4,81.0,23.0,53.7,22.3,28.5,34.6,N
3712,고무나무,Small,Low,실내,0,38.0,82.4,74.2,23.6,70.9,73.1,N
3713,고무나무,Medium,High,베란다,2,2.0,16.5,50.8,25.8,97.4,104.5,N
3714,고무나무,Medium,Low,베란다,1,85.0,46.5,73.1,22.6,32.5,37.0,N
3715,필로덴드론,Large,Low,실내,0,77.0,69.5,67.6,22.6,5.5,7.9,N
3716,스투키,Large,Low,베란다,1,51.0,18.8,52.5,23.3,25.0,28.0,N
3717,스투키,Medium,Medium,실내,3,104.0,11.8,54.1,15.1,63.5,66.8,N
3718,몬스테라,Medium,High,실내,2,157.0,1.3,41.0,22.2,36.6,41.7,Y
3719,스킨답서스,Large,Medium,실내,1,145.0,20.8,46.9,18.7,56.4,58.6,N
3720,스투키,Medium,Low,베란다,5,37.0,39.8,56.7,20.1,61.5,65.3,N
3721,스투키,Small,Medium,베란다,3,106.0,11.5,50.1,21.6,41.0,47.7,N
3722,산세베리아,Medium,High,베란다,3,19.0,15.5,64.6,24.9,27.5,36.6,N
3723,필로덴드론,Small,Low,베란다,3,16.0,30.9,61.8,16.7,49.8,50.6,Y
3724,몬스테라,Medium,Low,베란다,3,185.0,44.6,57.5,22.7,57.4,61.1,N
3725,스투키,Large,High,실내,1,142.0,30.5,62.2,22.3,48.8,55.8,N
3726,필로덴드론,Medium,High,실내,1,175.0,10.8,59.1,23.3,52.1,54.4,N
3727,몬스테라,Medium,High,실내,0,20.0,15.5,54.8,28.7,81.0,83.8,Y
3728,몬스테라,Small,High,실내,1,295.0,11.7,45.7,26.7,95.9,101.4,Y
3729,몬스테라,Medium,Low,실내,1,17.0,28.6,76.7,22.9,,63.7,N
3730,스킨답서스,Small,Low,실내,1,245.0,14.1,62.5,23.7,38.0,37.4,N
3731,몬스테라,Small,Medium,베란다,4,52.0,12.2,58.9,21.9,35.1,40.2,N
3732,필로덴드론,Medium,Medium,베란다,0,13.0,11.7,45.3,24.3,50.2,52.4,N
3733,스킨답서스,Small,High,실내,2,41.0,77.1,83.7,22.1,59.1,71.9,N
3734,스킨답서스,Medium,High,베란다,6,24.0,30.0,46.2,23.3,12.5,28.0,N
3735,스투키,Medium,High,실내,3,81.0,59.7,55.4,20.0,41.2,51.5,Y
3736,스킨답서스,Large,Low,베란다,1,359.0,56.3,55.8,22.7,45.2,48.8,N
3737,고무나무,Medium,High,실내,3,48.0,57.8,38.6,26.1,94.0,101.3,Y
3738,산세베리아,Small,High,실내,1,114.0,50.2,60.2,23.7,45.5,49.6,N
3739,산세베리아,Small,Low,베란다,3,267.0,83.4,59.0,22.3,31.6,39.1,N
3740,스킨답서스,Medium,High,실내,2,119.0,29.2,42.1,13.3,5.0,8.6,N
3741,필로덴드론,Medium,Medium,실내,5,54.0,29.8,63.7,23.2,50.5,59.3,N
3742,산세베리아,Medium,Low,실내,5,563.0,30.7,43.3,21.7,27.0,36.3,N
3743,산세베리아,Medium,Medium,실내,0,25.0,5.3,51.1,18.8,,55.4,N
3744,몬스테라,Small,Medium,베란다,2,89.0,15.4,45.6,21.8,74.2,74.7,N
3745,몬스테라,Medium,Low,실내,1,191.0,51.7,62.2,21.8,12.2,16.4,N
3746,몬스테라,Medium,Medium,베란다,5,0.0,21.1,61.0,22.0,32.7,42.3,N
3747,고무나무,Small,High,실내,5,145.0,51.1,41.4,24.2,83.0,92.1,N
3748,스킨답서스,Small,Medium,실내,3,37.0,23.0,47.8,21.4,30.0,37.5,N
3749,스킨답서스,Small,High,실내,4,22.0,69.6,48.0,21.3,49.6,63.4,Y
3750,산세베리아,Small,Low,베란다,1,38.0,61.2,62.8,20.9,26.0,30.3,N
3751,산세베리아,Medium,Low,실내,0,409.0,11.2,46.4,22.7,25.5,26.2,N
3752,필로덴드론,Small,Medium,실내,3,267.0,5.8,53.5,23.6,36.6,42.9,N
3753,스투키,Small,Low,실내,4,29.0,7.7,52.2,25.9,32.6,34.9,N
3754,고무나무,Small,Low,실내,1,15.0,5.6,51.1,23.6,54.0,55.8,N
3755,스투키,Large,Low,베란다,4,54.0,34.5,75.6,25.2,43.7,47.1,N
3756,몬스테라,Large,Medium,실내,1,108.0,32.5,46.9,24.5,44.3,49.3,Y
3757,몬스테라,Small,Medium,실내,0,242.0,32.8,52.3,22.5,5.0,9.0,N
3758,스투키,Small,High,실내,1,406.0,28.9,59.4,19.8,49.1,54.6,Y
3759,스킨답서스,Small,Low,실내,1,167.0,37.5,49.9,23.2,54.3,56.6,N
3760,산세베리아,Medium,Medium,실내,1,110.0,10.6,47.9,26.7,21.6,26.1,N
3761,몬스테라,Small,Low,실내,3,18.0,75.9,59.1,25.3,56.2,59.7,N
3762,고무나무,Medium,Medium,실내,4,9.0,39.3,64.4,25.8,85.0,90.5,N
3763,스킨답서스,Medium,Low,실내,2,109.0,9.3,70.6,16.5,,50.6,N
3764,스투키,Large,High,실내,1,93.0,13.8,52.6,16.1,65.0,71.4,N
3765,,Small,High,베란다,4,225.0,34.7,45.8,20.5,71.5,79.1,N
3766,스투키,Large,Medium,베란다,5,47.0,65.2,45.7,23.4,42.0,49.8,N
3767,스킨답서스,Medium,Low,실내,2,5.0,13.7,71.8,20.9,42.2,43.4,N
3768,스킨답서스,Small,Medium,실내,1,66.0,10.9,58.9,21.4,5.9,5.6,N
3769,몬스테라,Medium,High,베란다,2,418.0,48.3,45.2,17.6,29.4,39.1,Y
3770,몬스테라,Small,Low,베란다,1,191.0,50.2,46.8,20.2,56.1,60.0,N
3771,스킨답서스,Small,Medium,실내,2,4.0,21.5,41.7,19.3,5.0,7.9,N
3772,필로덴드론,Small,High,베란다,2,249.0,11.5,54.1,19.4,37.6,44.4,N
3773,스투키,Medium,High,베란다,2,77.0,16.5,60.8,19.8,45.2,52.7,N
3774,고무나무,Medium,High,실내,3,54.0,83.7,73.5,18.7,92.0,103.1,N
3775,고무나무,Large,High,실내,3,51.0,47.3,68.0,14.8,111.5,121.2,Y
3776,필로덴드론,Small,High,베란다,5,109.0,38.4,55.4,26.2,39.1,50.3,N
3777,산세베리아,Large,Medium,실내,4,91.0,21.8,46.7,21.6,29.6,35.9,N
3778,스킨답서스,Small,Medium,베란다,6,128.0,53.8,60.5,19.9,,29.7,N
3779,고무나무,Medium,High,베란다,1,102.0,13.4,33.8,21.6,107.2,112.4,N
3780,산세베리아,Small,Medium,베란다,1,19.0,18.9,45.5,23.0,36.9,41.1,N
3781,스투키,Small,High,실내,2,36.0,17.1,62.6,22.3,64.6,69.5,Y
3782,스투키,Large,Low,실내,0,221.0,16.7,65.5,19.8,52.6,53.2,N
3783,몬스테라,Small,Medium,실내,1,131.0,7.2,70.7,25.0,43.4,49.8,N
3784,산세베리아,Medium,Medium,베란다,2,71.0,4.0,53.6,20.2,33.0,36.0,N
3785,산세베리아,Medium,Medium,베란다,0,24.0,22.0,70.6,21.3,39.7,40.2,N
3786,몬스테라,Medium,Low,실내,2,1.0,65.4,50.4,27.2,29.0,35.5,N
3787,스킨답서스,Medium,High,실내,3,45.0,52.2,49.4,28.2,20.0,29.0,N
3788,스킨답서스,Medium,,베란다,3,7.0,32.7,58.7,25.4,40.8,44.3,N
3789,,Small,High,베란다,2,79.0,24.5,68.7,20.0,,31.2,N
3790,필로덴드론,Medium,Medium,실내,2,207.0,87.1,66.3,20.7,54.9,65.4,N
3791,몬스테라,Large,Medium,실내,1,40.0,36.0,67.4,19.7,48.8,51.5,N
3792,몬스테라,Small,,베란다,0,226.0,15.9,61.3,21.3,68.1,73.1,N
3793,스킨답서스,Small,Medium,베란다,1,146.0,25.3,66.5,23.6,29.0,33.7,N
3794,고무나무,Medium,High,베란다,1,16.0,61.1,55.3,16.4,27.6,37.0,N
3795,몬스테라,Medium,High,실내,0,124.0,3.9,58.8,18.9,67.3,69.2,N
3796,고무나무,Medium,High,실내,1,20.0,55.5,88.4,22.3,76.2,88.8,Y
3797,스킨답서스,Small,High,실내,4,128.0,24.7,65.5,21.7,,29.1,N
3798,몬스테라,Medium,Medium,베란다,4,18.0,21.4,55.2,20.7,57.3,63.4,N
3799,몬스테라,Small,High,베란다,2,60.0,13.4,64.6,17.8,64.3,68.0,N
3800,스킨답서스,Medium,High,베란다,5,100.0,32.1,42.3,20.2,28.3,37.9,N
3801,스투키,Medium,High,실내,2,6.0,34.0,51.1,20.5,24.0,29.2,Y
3802,필로덴드론,Small,Low,베란다,2,20.0,26.1,52.6,18.0,40.0,47.3,N
3803,산세베리아,Medium,High,실내,3,46.0,14.4,46.4,19.5,16.0,19.1,N
3804,필로덴드론,Large,Medium,실내,3,74.0,38.6,76.2,21.4,,38.2,N
3805,스투키,Medium,High,실내,1,235.0,67.0,60.7,23.4,44.5,51.4,Y
3806,필로덴드론,Large,Low,베란다,0,25.0,64.6,62.0,24.7,41.0,44.9,N
3807,스킨답서스,Medium,Medium,베란다,4,51.0,15.8,53.8,18.9,33.2,41.9,N
3808,스투키,Medium,Medium,실내,4,78.0,14.8,41.2,20.9,57.6,63.8,N
3809,몬스테라,Small,Medium,실내,4,42.0,27.8,54.2,21.3,51.9,57.8,N
3810,몬스테라,Small,Low,베란다,2,118.0,8.5,49.9,21.4,33.6,36.0,N
3811,고무나무,Small,High,실내,2,36.0,35.6,42.8,21.2,60.5,69.0,N
3812,스킨답서스,Medium,Low,베란다,2,178.0,15.5,64.1,18.5,23.3,23.6,N
3813,스투키,Large,Medium,실내,3,84.0,13.5,51.8,23.4,81.9,88.9,N
3814,고무나무,Small,Low,실내,2,11.0,53.0,33.6,21.1,72.9,72.9,N
3815,스투키,Medium,Medium,실내,3,118.0,9.4,55.0,22.1,47.8,52.2,N
3816,스킨답서스,Medium,Medium,실내,0,101.0,39.6,55.2,22.2,40.8,44.6,N
3817,스투키,Medium,Medium,실내,2,50.0,3.8,64.0,20.2,13.8,14.7,N
3818,산세베리아,Medium,Medium,실내,3,1.0,73.0,56.4,24.3,34.5,42.6,N
3819,산세베리아,Medium,Medium,실내,4,27.0,25.6,47.6,20.6,17.9,23.5,N
3820,스킨답서스,Small,Low,실내,0,62.0,6.5,61.0,22.5,58.9,60.8,N
3821,스투키,Small,Low,베란다,2,27.0,24.8,47.2,22.3,17.7,21.2,N
3822,스투키,Large,Low,실내,2,103.0,80.3,63.5,22.8,34.7,40.0,N
3823,산세베리아,Small,High,실내,1,150.0,8.5,68.9,25.2,29.7,32.9,N
3824,스투키,Small,Medium,베란다,2,233.0,39.9,25.2,19.8,30.8,36.7,N
3825,몬스테라,Large,Medium,실내,1,125.0,30.4,46.0,22.0,85.1,91.8,N
3826,몬스테라,Small,Low,실내,0,140.0,15.3,60.6,21.9,33.6,36.9,N
3827,스킨답서스,Medium,Medium,베란다,2,113.0,26.0,56.1,21.1,27.0,32.5,N
3828,스킨답서스,Small,Low,베란다,2,508.0,25.9,70.6,23.5,41.7,42.7,N
3829,산세베리아,Medium,Low,베란다,2,36.0,3.2,70.0,18.5,32.1,29.2,N
3830,스투키,Small,Medium,실내,3,37.0,12.0,66.1,26.2,57.4,58.4,N
3831,스투키,Small,Medium,베란다,0,16.0,17.4,34.8,26.3,73.1,77.2,N
3832,산세베리아,Medium,Low,실내,3,80.0,64.0,53.0,20.1,34.6,37.6,N
3833,산세베리아,Medium,Medium,실내,2,12.0,98.0,62.7,21.7,39.3,45.2,N
3834,스투키,Medium,High,베란다,2,38.0,6.5,54.7,16.6,56.6,60.4,N
3835,스킨답서스,Large,Medium,실내,1,79.0,44.0,53.5,20.0,81.4,86.1,N
3836,스투키,Small,Medium,베란다,2,379.0,5.8,69.9,28.9,58.6,62.7,N
3837,필로덴드론,Medium,High,실내,4,398.0,84.6,59.3,23.8,43.0,53.8,N
3838,몬스테라,Medium,High,실내,3,163.0,33.2,52.0,24.1,89.4,99.1,Y
3839,필로덴드론,Large,Medium,베란다,0,59.0,21.2,40.8,20.5,15.9,18.5,N
3840,고무나무,Small,High,실내,2,240.0,17.2,75.6,21.7,63.2,68.5,N
3841,스킨답서스,Medium,Low,베란다,1,250.0,24.3,58.6,21.8,44.9,45.5,N
3842,몬스테라,Large,Medium,베란다,3,289.0,13.4,49.4,17.8,65.9,74.9,N
3843,스킨답서스,Small,Medium,베란다,1,123.0,19.2,66.2,22.4,61.8,65.2,N
3844,스킨답서스,Large,Low,실내,5,27.0,8.6,35.8,24.3,30.5,35.4,N
3845,몬스테라,Small,Medium,실내,2,11.0,36.5,76.0,27.3,43.7,49.5,N
3846,고무나무,Medium,Low,베란다,2,295.0,17.7,62.3,22.7,66.7,71.9,N
3847,필로덴드론,Large,Medium,베란다,1,7.0,27.3,81.3,21.6,60.0,62.5,N
3848,스킨답서스,Medium,Medium,실내,0,42.0,58.4,62.6,21.6,63.4,69.4,N
3849,고무나무,Medium,Medium,베란다,6,80.0,39.8,57.9,23.1,61.4,69.6,Y
3850,몬스테라,Small,Low,실내,5,3.0,11.5,47.7,24.3,17.9,22.2,N
3851,스킨답서스,Large,Low,베란다,1,285.0,37.3,49.7,25.2,23.9,26.0,N
3852,몬스테라,Medium,Medium,실내,2,41.0,28.6,40.1,15.6,58.4,67.3,N
3853,고무나무,Small,High,실내,3,3.0,3.0,78.7,25.2,43.1,48.8,N
3854,필로덴드론,Medium,Low,실내,3,606.0,37.9,56.6,18.4,23.1,23.8,N
3855,고무나무,Medium,Medium,실내,7,45.0,25.6,65.4,19.1,69.1,77.7,N
3856,몬스테라,Small,High,베란다,1,251.0,16.4,67.4,21.4,48.8,53.8,Y
3857,스투키,Small,Low,실내,3,73.0,40.9,52.3,23.5,54.9,59.0,N
3858,스킨답서스,Small,High,베란다,2,131.0,13.0,45.4,18.1,52.0,55.0,N
3859,스킨답서스,Medium,Medium,실내,1,33.0,38.2,46.4,20.2,61.5,63.8,N
3860,산세베리아,Medium,Medium,실내,3,84.0,60.2,36.4,22.9,19.9,31.0,N
3861,산세베리아,Medium,Medium,실내,1,36.0,9.7,41.6,23.4,29.6,32.4,N
3862,고무나무,Large,Medium,실내,2,362.0,36.8,61.4,23.4,89.5,94.7,N
3863,스투키,Large,Medium,실내,4,8.0,1.1,67.3,24.8,,59.8,N
3864,스투키,Medium,High,실내,1,39.0,22.2,55.1,25.4,,40.3,N
3865,몬스테라,Small,High,베란다,2,268.0,29.3,66.1,22.3,80.3,86.8,N
3866,스투키,Medium,Medium,실내,1,78.0,15.9,66.4,21.8,56.8,60.9,N
3867,스킨답서스,Medium,High,실내,5,110.0,23.8,51.2,19.6,70.8,84.1,Y
3868,고무나무,Medium,Medium,베란다,2,127.0,16.2,68.0,20.3,56.2,59.3,N
3869,고무나무,Medium,Medium,실내,2,9.0,10.1,53.0,17.9,46.3,52.1,N
3870,몬스테라,Medium,Medium,실내,3,2.0,45.1,49.9,26.2,24.0,32.0,N
3871,스투키,Large,High,실내,3,333.0,6.1,56.0,21.8,39.5,45.7,N
3872,몬스테라,Small,Medium,실내,5,38.0,33.2,38.1,24.2,76.4,83.0,N
3873,몬스테라,Medium,Medium,실내,2,57.0,18.2,54.6,30.0,86.9,92.2,N
3874,산세베리아,Small,High,실내,1,138.0,23.8,27.3,28.7,62.4,67.6,N
3875,몬스테라,Large,Medium,베란다,2,32.0,31.9,63.1,25.3,32.0,38.6,N
3876,스킨답서스,Small,Low,베란다,7,158.0,53.9,39.5,20.9,42.5,45.4,N
3877,몬스테라,Small,Medium,실내,3,74.0,16.0,54.9,24.4,68.4,80.0,N
3878,·정보없음,Small,Medium,베란다,3,233.0,8.7,72.8,22.0,34.1,40.1,N
3879,스킨답서스,Medium,Medium,실내,2,39.0,25.0,55.9,19.2,34.6,40.4,N
3880,스투키,Small,High,실내,6,27.0,25.2,32.3,19.3,57.4,72.0,N
3881,스킨답서스,Medium,Medium,실내,3,214.0,70.1,56.6,24.6,,19.0,N
3882,고무나무,Medium,Medium,실내,1,47.0,9.1,51.9,24.2,68.2,70.1,N
3883,필로덴드론,Small,Medium,실내,4,64.0,39.7,66.2,25.7,36.3,42.8,N
3884,스투키,Small,Low,실내,0,189.0,30.2,53.6,21.3,51.5,58.0,N
3885,산세베리아,Large,Medium,베란다,3,121.0,51.1,68.4,20.7,32.7,39.5,N
3886,필로덴드론,Medium,High,베란다,1,70.0,8.7,60.2,18.7,18.1,27.8,N
3887,필로덴드론,Medium,Medium,실내,4,,23.1,65.5,17.0,31.4,36.7,N
3888,고무나무,Medium,Low,베란다,1,,57.1,53.9,19.5,73.1,71.3,N
3889,고무나무,Small,Low,베란다,0,24.0,2.5,70.4,20.0,41.2,39.1,N
3890,스킨답서스,Small,Medium,실내,3,316.0,7.3,48.9,18.6,38.5,44.4,N
3891,산세베리아,Small,High,실내,1,20.0,38.1,33.0,20.5,11.9,19.3,N
3892,스킨답서스,Large,High,실내,0,196.0,6.4,41.9,27.7,56.1,59.8,N
3893,고무나무,Large,Medium,실내,4,66.0,24.5,56.4,19.9,49.7,54.1,N
3894,스킨답서스,Medium,High,실내,1,25.0,11.3,58.2,16.5,54.0,56.0,N
3895,고무나무,Small,Medium,실내,1,62.0,29.4,56.9,22.5,28.0,29.4,N
3896,산세베리아,Small,Medium,실내,3,30.0,80.1,69.6,23.9,37.0,44.8,Y
3897,몬스테라,Small,Medium,실내,2,18.0,13.8,57.3,19.3,85.1,90.1,N
3898,산세베리아,Medium,Low,실내,1,33.0,12.3,59.0,24.3,15.9,20.5,N
3899,스킨답서스,Small,High,실내,1,242.0,54.4,66.8,27.4,39.6,48.7,Y
3900,산세베리아,Large,Low,실내,1,13.0,9.4,34.9,21.3,5.2,7.5,N
3901,스킨답서스,Medium,Medium,실내,3,431.0,6.7,63.7,24.2,47.4,57.5,N
3902,스투키,Large,High,실내,3,1.0,10.9,70.8,24.8,45.0,51.5,N
3903,필로덴드론,Medium,Medium,베란다,1,129.0,35.0,63.6,23.2,44.7,44.7,N
3904,스투키,Medium,High,실내,2,233.0,11.5,58.8,24.7,33.9,36.7,N
3905,산세베리아,Medium,Medium,실내,2,326.0,30.7,64.6,23.6,40.3,45.7,Y
3906,스킨답서스,Medium,Medium,실내,1,19.0,38.6,29.2,19.2,73.4,75.5,N
3907,스킨답서스,Medium,High,베란다,0,144.0,18.7,53.4,15.3,53.6,60.1,N
3908,스투키,Medium,Low,베란다,2,14.0,17.8,39.4,22.6,43.9,47.1,N
3909,스킨답서스,Medium,High,실내,3,52.0,23.2,59.6,21.3,35.3,45.2,N
3910,스투키,Large,Low,실내,0,158.0,82.8,43.0,17.1,36.3,40.5,N
3911,몬스테라,Medium,High,실내,3,51.0,15.9,65.2,21.4,,85.9,N
3912,스투키,Medium,Low,실내,4,45.0,24.3,50.0,21.6,,26.0,N
3913,몬스테라,Large,Medium,베란다,1,15.0,69.5,39.6,22.9,76.3,82.5,N
3914,필로덴드론,Small,High,실내,3,8.0,73.4,43.7,25.3,40.6,51.1,Y
3915,필로덴드론,Small,Medium,실내,1,15.0,14.7,39.2,19.6,25.3,29.8,N
3916,스투키,Medium,High,실내,2,250.0,9.3,54.6,15.8,28.4,33.4,N
3917,고무나무,Medium,High,실내,4,1.0,45.7,62.4,20.8,71.8,82.7,Y
3918,스투키,Large,High,베란다,0,142.0,22.6,47.3,24.4,49.4,53.9,Y
3919,고무나무,Medium,High,실내,3,176.0,68.1,37.5,26.0,52.0,62.1,N
3920,산세베리아,Medium,Medium,베란다,1,101.0,5.5,54.8,20.2,40.2,40.4,N
3921,필로덴드론,Medium,Low,실내,1,157.0,9.3,54.6,23.8,22.6,24.6,N
3922,스킨답서스,Small,Low,실내,2,127.0,24.6,49.0,18.7,39.9,42.6,N
3923,산세베리아,Medium,Low,실내,3,73.0,26.8,45.6,22.0,15.6,20.4,N
3924,스투키,Large,Low,실내,1,58.0,12.8,70.4,13.5,5.9,9.6,N
3925,필로덴드론,Small,Medium,실내,3,340.0,28.2,47.9,21.0,39.7,45.1,N
3926,몬스테라,Medium,Low,실내,6,429.0,48.0,37.7,23.0,93.0,97.9,N
3927,고무나무,Medium,Low,베란다,1,126.0,25.7,53.9,20.6,103.1,108.0,N
3928,고무나무,Small,Low,실내,0,26.0,47.3,61.3,17.8,77.6,81.7,N
3929,고무나무,Small,High,실내,1,71.0,18.4,60.5,22.2,82.6,86.1,N
3930,몬스테라,Large,Medium,실내,3,82.0,52.1,35.8,27.4,51.7,55.6,N
3931,필로덴드론,Medium,Medium,실내,0,170.0,34.2,69.6,19.5,54.5,61.8,N
3932,몬스테라,Small,High,베란다,1,132.0,10.7,57.5,19.9,48.9,54.9,Y
3933,고무나무,Small,Low,실내,3,87.0,33.7,61.8,21.3,66.7,72.2,N
3934,스투키,Medium,High,베란다,2,137.0,24.4,86.8,27.0,80.6,84.6,N
3935,,Medium,Medium,실내,4,3.0,28.0,64.1,18.0,37.4,45.6,N
3936,스킨답서스,Medium,Low,베란다,1,180.0,24.2,61.9,19.7,53.5,54.0,N
3937,스킨답서스,Small,Medium,베란다,2,29.0,15.0,52.3,24.0,51.9,58.4,N
3938,몬스테라,Large,High,베란다,3,128.0,30.6,54.9,18.3,89.2,96.7,Y
3939,몬스테라,Medium,Medium,실내,3,15.0,25.6,40.5,19.4,5.0,8.0,N
3940,스킨답서스,Small,High,실내,2,15.0,8.0,56.0,27.3,85.1,90.7,Y
3941,산세베리아,Medium,Low,실내,4,4.0,36.7,74.5,27.2,18.1,23.4,Y
3942,산세베리아,Medium,Medium,실내,2,289.0,4.0,60.1,23.8,25.6,30.6,N
3943,몬스테라,Large,Low,실내,3,111.0,40.0,81.8,23.0,42.9,46.8,N
3944,스투키,Large,Low,베란다,2,54.0,9.2,61.4,20.2,,56.3,N
3945,몬스테라,Small,Low,실내,4,186.0,9.6,58.4,22.0,29.6,35.9,N
3946,몬스테라,Large,High,베란다,2,118.0,6.6,53.3,19.7,51.0,57.4,N
3947,고무나무,Medium,Low,실내,2,116.0,97.5,78.7,26.6,88.4,93.6,Y
3948,고무나무,Large,Medium,베란다,1,80.0,59.7,49.4,22.4,13.3,21.7,N
3949,몬스테라,Small,Medium,실내,0,1.0,15.3,46.3,21.5,60.4,60.5,N
3950,스투키,Medium,High,실내,5,36.0,27.2,44.4,22.2,12.6,21.4,N
3951,,Small,High,베란다,0,14.0,35.7,82.1,20.1,64.7,71.6,Y
3952,산세베리아,Large,High,실내,4,130.0,10.1,56.8,23.5,58.3,70.1,N
3953,,Small,High,베란다,1,34.0,1.2,56.0,21.3,60.8,63.6,N
3954,몬스테라,Medium,High,실내,2,72.0,15.3,61.2,30.7,52.0,54.1,Y
3955,스투키,Small,High,실내,2,52.0,7.9,52.0,20.7,30.3,37.0,Y
3956,산세베리아,Small,High,베란다,3,19.0,14.6,45.8,24.5,38.4,47.8,N
3957,필로덴드론,Medium,Low,실내,0,381.0,26.9,45.3,27.5,71.3,69.8,N
3958,스킨답서스,Large,Medium,베란다,2,325.0,4.0,44.9,13.6,73.0,76.5,N
3959,몬스테라,Medium,Medium,실내,3,11.0,20.6,31.0,20.7,54.3,62.0,N
3960,몬스테라,Large,Medium,베란다,3,211.0,21.9,55.7,26.6,74.2,82.7,N
3961,스킨답서스,Small,Medium,실내,2,80.0,33.0,36.3,15.3,19.5,21.6,N
3962,스투키,Medium,Medium,실내,2,178.0,26.2,61.6,25.6,60.9,65.3,Y
3963,몬스테라,Medium,High,실내,5,20.0,28.7,65.0,23.0,35.7,44.4,N
3964,스킨답서스,Small,Low,실내,3,17.0,23.4,47.8,26.6,27.0,28.3,N
3965,몬스테라,Medium,High,실내,2,266.0,36.1,59.0,21.1,41.4,48.8,N
3966,산세베리아,Medium,High,실내,5,274.0,32.2,63.7,22.8,41.9,52.5,N
3967,스투키,Medium,High,실내,0,75.0,6.6,73.1,18.5,51.3,57.9,Y
3968,몬스테라,Medium,High,실내,2,245.0,46.2,50.3,21.3,27.1,29.9,Y
3969,스킨답서스,Medium,High,실내,3,132.0,20.2,38.0,19.7,65.6,73.7,N
3970,스투키,Small,Medium,실내,1,25.0,49.4,44.1,20.2,39.1,42.8,N
3971,필로덴드론,Small,Low,실내,3,48.0,27.9,35.1,22.4,22.4,23.5,N
3972,스킨답서스,Medium,Medium,실내,2,18.0,50.1,60.7,19.7,24.5,30.1,N
3973,스투키,Small,High,실내,2,178.0,42.8,20.0,15.3,74.8,82.8,N
3974,고무나무,Small,High,베란다,0,506.0,11.0,43.0,22.7,61.4,63.5,N
3975,스투키,Medium,High,실내,1,95.0,12.8,55.1,22.7,23.8,27.7,N
3976,필로덴드론,Medium,Low,베란다,3,128.0,55.3,42.1,24.2,21.1,25.4,N
3977,스투키,Small,Medium,실내,3,164.0,38.7,44.7,22.0,61.4,68.6,N
3978,스킨답서스,Medium,Medium,베란다,1,30.0,57.6,64.9,18.8,43.4,51.4,N
3979,몬스테라,Medium,Low,실내,1,49.0,9.6,41.6,26.6,49.7,51.3,N
3980,스킨답서스,Small,Low,실내,5,64.0,16.5,49.5,21.0,72.5,76.8,N
3981,산세베리아,Medium,Low,베란다,2,108.0,20.3,66.1,19.1,49.8,52.6,N
3982,산세베리아,Medium,High,베란다,1,228.0,33.3,50.5,26.4,53.3,62.6,N
3983,스투키,Medium,Medium,실내,2,35.0,13.7,83.8,27.1,38.6,43.9,N
3984,스투키,Medium,Medium,실내,3,76.0,45.7,68.1,13.7,32.3,39.8,N
3985,산세베리아,Small,High,실내,6,167.0,29.4,68.8,19.2,36.7,47.4,N
3986,필로덴드론,Medium,Medium,실내,4,11.0,29.4,38.3,21.4,32.9,39.6,N
3987,몬스테라,Medium,Low,베란다,1,86.0,30.0,53.8,22.8,9.5,8.2,N
3988,스킨답서스,Large,Medium,실내,2,19.0,20.1,51.6,24.0,46.2,50.0,N
3989,스투키,Large,,실내,6,93.0,31.2,50.1,29.6,15.5,21.6,N
3990,산세베리아,Medium,Low,실내,7,175.0,37.3,48.6,18.7,40.5,46.2,N
3991,몬스테라,Small,Low,실내,3,32.0,17.2,53.4,22.5,82.5,85.3,N
3992,몬스테라,Small,Medium,실내,2,227.0,13.7,26.2,17.6,69.9,77.0,N
3993,산세베리아,Small,Low,베란다,2,49.0,22.2,43.9,22.7,35.2,38.8,N
3994,몬스테라,Medium,Medium,실내,1,25.0,22.4,75.2,27.0,25.5,27.1,Y
3995,스킨답서스,Small,High,베란다,6,,42.1,48.6,13.6,59.7,68.1,Y
3996,스킨답서스,Medium,Medium,실내,2,251.0,17.9,47.2,17.7,44.4,50.8,N
3997,스투키,Small,High,실내,1,9.0,44.7,54.2,24.3,17.7,22.4,Y
3998,스투키,Large,Medium,실내,1,48.0,51.2,55.4,24.4,47.1,53.0,N
3999,스킨답서스,Small,Medium,실내,2,127.0,23.3,28.0,19.5,38.6,45.0,N
4000,몬스테라,Large,High,베란다,0,53.0,28.9,56.7,24.5,80.9,85.9,N
4001,스킨답서스,Large,Low,실내,4,9.0,44.1,61.6,25.9,5.0,12.6,N
4002,산세베리아,Medium,Low,실내,1,48.0,56.5,62.1,23.7,11.3,14.3,N
4003,산세베리아,Medium,Medium,실내,2,206.0,26.6,43.7,26.4,38.5,44.0,N
4004,몬스테라,Medium,Medium,실내,1,413.0,14.4,73.5,23.0,43.3,46.0,N
4005,몬스테라,Medium,High,베란다,2,5.0,43.6,72.1,21.2,32.5,39.5,N
4006,스투키,Small,High,실내,2,101.0,23.6,71.1,22.9,46.1,53.9,N
4007,스투키,Small,Medium,베란다,3,13.0,12.8,64.5,24.5,33.6,40.5,N
4008,스킨답서스,Medium,Medium,실내,2,137.0,56.7,50.8,17.2,45.1,48.4,N
4009,고무나무,Medium,Medium,실내,2,1.0,30.0,55.1,22.8,52.6,56.2,N
4010,몬스테라,Medium,High,실내,1,2.0,60.6,72.1,21.6,59.3,67.3,N
4011,몬스테라,Small,High,베란다,0,180.0,41.1,27.6,20.4,8.7,15.1,N
4012,스투키,Medium,High,베란다,5,9.0,24.2,46.2,18.6,41.9,48.8,N
4013,고무나무,Small,Medium,실내,1,44.0,47.8,60.5,16.4,96.3,100.4,N
4014,몬스테라,Small,High,실내,1,381.0,43.7,52.3,20.4,,48.9,N
4015,고무나무,Small,Medium,실내,5,506.0,11.4,50.2,20.2,23.7,31.7,N
4016,스투키,Small,Low,실내,3,21.0,40.5,74.5,24.8,42.8,47.4,N
4017,산세베리아,Small,High,실내,1,99.0,77.4,65.0,25.4,28.4,36.8,N
4018,산세베리아,Large,Low,실내,2,98.0,24.6,66.5,19.4,5.0,5.9,N
4019,스투키,Small,High,실내,1,72.0,43.6,45.7,19.4,37.9,43.6,N
4020,스투키,Medium,Low,실내,1,310.0,88.7,48.3,20.3,30.0,36.4,N
4021,스킨답서스,Small,High,실내,3,168.0,20.7,59.8,25.4,29.4,38.3,N
4022,스투키,Large,Medium,베란다,2,174.0,31.8,60.2,20.0,52.9,56.4,N
4023,고무나무,Medium,Medium,실내,1,38.0,30.4,77.2,27.9,68.7,76.2,N
4024,산세베리아,Small,Low,베란다,1,68.0,27.6,59.5,22.4,25.7,26.7,N
4025,고무나무,Medium,Medium,실내,2,80.0,87.9,74.9,23.3,100.7,109.0,Y
4026,산세베리아,Medium,Medium,실내,2,43.0,7.4,62.8,20.6,29.1,31.0,N
4027,스투키,Medium,Medium,실내,2,12.0,25.0,52.3,26.9,63.7,71.9,N
4028,몬스테라,Small,Low,실내,3,16.0,23.2,45.7,23.3,59.3,64.3,N
4029,고무나무,Large,Low,실내,4,24.0,23.6,64.6,20.6,59.2,63.4,N
4030,스투키,Medium,Low,실내,2,27.0,11.7,50.6,18.0,50.6,52.3,N
4031,고무나무,Small,Medium,베란다,2,33.0,52.5,53.6,24.1,59.1,69.7,N
4032,스투키,Medium,High,실내,4,35.0,40.5,45.1,20.1,51.5,61.9,N
4033,몬스테라,Medium,High,베란다,2,73.0,15.1,55.0,21.5,94.6,104.3,N
4034,필로덴드론,Large,Low,실내,1,85.0,18.1,62.1,19.2,31.9,34.4,N
4035,몬스테라,Medium,Medium,실내,0,44.0,10.4,50.1,19.2,18.2,21.1,N
4036,필로덴드론,Medium,High,실내,2,285.0,19.7,46.4,20.2,9.2,16.8,N
4037,필로덴드론,Small,Medium,베란다,3,97.0,31.5,55.8,21.8,50.1,56.5,N
4038,산세베리아,Large,Medium,실내,1,186.0,8.3,60.6,18.4,46.0,49.8,N
4039,고무나무,Medium,Medium,베란다,2,310.0,21.4,54.9,21.2,70.5,75.9,N
4040,스킨답서스,Small,Low,실내,5,21.0,5.6,77.7,19.8,,72.4,N
4041,산세베리아,Small,Low,베란다,5,67.0,16.4,56.2,21.6,33.1,35.7,N
4042,스투키,Small,Low,실내,3,68.0,32.8,61.2,24.7,56.3,60.0,N
4043,스킨답서스,Large,Medium,실내,4,,20.6,65.6,22.6,5.0,10.2,N
4044,고무나무,Small,Low,실내,3,1.0,7.9,59.8,20.2,55.7,59.9,N
4045,스킨답서스,Medium,Low,실내,4,203.0,31.6,43.4,21.9,29.9,34.0,N
4046,스킨답서스,Small,Medium,실내,6,14.0,23.6,45.1,23.8,67.8,74.7,N
4047,스투키,Medium,Low,실내,6,648.0,16.2,41.7,24.1,41.5,49.0,N
4048,스킨답서스,Medium,Low,실내,2,178.0,20.0,39.2,22.6,79.1,84.2,N
4049,산세베리아,Large,High,실내,3,104.0,20.2,58.3,27.4,26.0,35.4,N
4050,몬스테라,Medium,Low,실내,1,20.0,12.9,69.9,19.3,20.2,24.9,N
4051,필로덴드론,Large,Medium,실내,3,87.0,54.5,63.6,23.6,21.0,29.3,N
4052,고무나무,Medium,Medium,실내,2,36.0,59.1,63.5,21.8,74.3,82.2,N
4053,산세베리아,Small,Medium,베란다,3,35.0,2.3,42.7,25.1,19.1,23.3,N
4054,스킨답서스,Small,Medium,베란다,1,212.0,25.2,60.9,22.0,63.1,69.9,N
4055,산세베리아,Medium,Low,실내,2,57.0,66.2,61.4,28.3,32.2,36.7,N
4056,몬스테라,Large,High,베란다,2,72.0,18.7,75.1,22.3,44.0,48.8,Y
4057,산세베리아,Large,Medium,실내,2,222.0,48.2,59.0,24.2,36.7,43.6,N
4058,몬스테라,Small,High,실내,3,11.0,41.9,75.9,21.4,41.9,49.6,N
4059,산세베리아,Small,Medium,실내,1,108.0,12.6,56.5,23.0,41.6,46.9,N
4060,필로덴드론,Small,High,베란다,4,104.0,24.0,60.4,20.2,23.4,33.3,N
4061,스투키,Large,High,실내,2,66.0,26.0,69.0,23.3,35.4,43.5,Y
4062,몬스테라,Large,High,베란다,3,212.0,16.7,58.0,16.1,69.6,73.6,Y
4063,산세베리아,Medium,Medium,베란다,2,344.0,35.9,36.8,20.4,44.8,46.7,N
4064,스투키,Medium,Medium,실내,3,75.0,42.4,43.1,19.9,15.1,22.0,N
4065,산세베리아,Medium,High,실내,2,73.0,28.5,87.0,27.7,17.8,24.8,N
4066,몬스테라,Medium,High,실내,4,84.0,45.1,56.2,19.8,88.1,100.5,Y
4067,몬스테라,Small,High,실내,2,154.0,29.1,63.3,20.5,75.7,81.1,Y
4068,필로덴드론,Medium,Medium,실내,1,132.0,25.7,42.2,19.7,,45.0,N
4069,고무나무,Small,High,실내,5,30.0,4.7,59.1,23.2,95.4,102.1,N
4070,산세베리아,Small,Low,실내,3,8.0,8.6,71.0,21.0,37.9,38.7,N
4071,스투키,Large,Medium,실내,3,358.0,74.0,32.6,20.6,36.7,43.8,N
4072,,Medium,Low,실내,1,36.0,38.5,57.5,28.4,71.9,72.4,N
4073,스킨답서스,Medium,Medium,실내,2,122.0,65.0,57.4,22.5,53.4,60.4,N
4074,고무나무,Medium,High,실내,4,212.0,22.8,58.9,24.0,61.5,69.8,Y
4075,고무나무,Medium,Low,실내,2,43.0,106.1,80.4,23.2,85.9,89.9,N
4076,스킨답서스,Medium,Medium,실내,2,,24.7,51.9,19.5,5.5,8.4,N
4077,스킨답서스,Medium,Medium,베란다,2,14.0,22.9,49.3,20.3,18.8,21.3,N
4078,스투키,Medium,Low,실내,2,421.0,5.5,52.9,18.6,35.5,33.1,N
4079,산세베리아,Medium,Medium,실내,1,7.0,45.7,83.4,18.3,32.9,36.6,N
4080,스투키,Small,Medium,베란다,2,69.0,64.2,56.9,22.1,29.2,35.1,N
4081,고무나무,Small,Low,실내,1,92.0,85.5,61.9,22.3,108.0,108.2,N
4082,스투키,Medium,High,베란다,3,188.0,26.8,27.5,21.6,48.5,58.8,N
4083,고무나무,Small,High,실내,2,15.0,14.7,56.4,23.1,42.8,50.3,N
4084,고무나무,Medium,Low,베란다,0,70.0,24.0,52.9,21.5,119.2,120.8,N
4085,몬스테라,Small,Low,베란다,1,43.0,37.9,56.1,25.7,39.0,37.7,N
4086,몬스테라,Small,Medium,실내,3,45.0,20.8,51.1,20.5,86.3,94.0,N
4087,몬스테라,Medium,High,실내,1,181.0,23.2,39.5,24.9,48.1,52.3,N
4088,고무나무,Large,Medium,베란다,3,1.0,25.9,51.7,24.3,,47.4,N
4089,산세베리아,Small,Low,베란다,1,166.0,27.1,73.1,14.3,31.8,31.8,N
4090,몬스테라,Medium,Medium,베란다,1,200.0,9.1,56.5,17.5,63.0,65.2,Y
4091,고무나무,Medium,High,실내,2,278.0,31.4,33.4,16.8,73.4,78.2,Y
4092,스투키,Small,Medium,베란다,3,118.0,13.5,40.9,22.9,42.1,45.9,N
4093,스킨답서스,Medium,Medium,실내,1,49.0,29.0,58.4,18.7,58.6,58.9,N
4094,필로덴드론,Medium,High,실내,0,67.0,6.4,42.3,25.1,13.5,19.4,N
4095,스투키,Medium,Medium,실내,3,420.0,56.4,57.8,18.7,51.4,60.5,N
4096,스킨답서스,Large,High,실내,1,256.0,26.3,70.0,22.5,14.2,18.0,N
4097,몬스테라,Small,Medium,실내,5,75.0,22.4,60.7,19.0,60.5,69.3,N
4098,몬스테라,Small,High,실내,1,344.0,52.0,43.2,23.7,61.2,67.3,N
4099,스투키,Large,Medium,실내,1,208.0,37.9,57.1,21.0,28.1,32.9,N
4100,몬스테라,Medium,High,실내,5,278.0,20.6,63.9,20.6,71.8,78.5,Y
4101,고무나무,Medium,Medium,베란다,2,138.0,60.7,46.3,19.9,72.0,79.7,N
4102,스킨답서스,Medium,High,실내,1,234.0,26.4,42.0,18.7,35.3,42.3,N
4103,스킨답서스,Small,Medium,실내,2,267.0,25.0,53.9,23.1,33.8,39.1,N
4104,몬스테라,Medium,Medium,실내,1,12.0,29.5,73.6,20.0,70.1,73.3,Y
4105,스투키,Small,,실내,1,403.0,89.9,43.2,29.2,22.1,27.6,N
4106,고무나무,Small,,실내,3,49.0,5.7,49.8,26.8,73.7,80.1,N
4107,필로덴드론,Small,Medium,실내,3,70.0,94.9,40.7,21.2,30.4,39.1,N
4108,몬스테라,Large,Low,실내,4,188.0,50.8,46.0,20.8,68.1,71.2,N
4109,산세베리아,Small,High,베란다,2,131.0,21.2,53.4,21.4,37.4,42.2,N
4110,,Medium,Low,실내,0,268.0,18.6,53.2,26.5,48.4,50.7,N
4111,스킨답서스,Large,High,실내,3,61.0,32.4,22.0,28.3,53.4,58.8,N
4112,스킨답서스,Medium,Medium,실내,3,56.0,37.0,52.2,16.1,5.0,12.1,N
4113,몬스테라,Medium,Low,실내,1,4.0,57.9,76.2,26.0,36.9,39.8,N
4114,몬스테라,Medium,Medium,실내,1,75.0,25.1,56.7,21.1,,30.9,N
4115,고무나무,Small,Medium,실내,1,155.0,25.1,52.1,19.5,12.8,15.3,N
4116,스투키,Medium,Medium,실내,3,43.0,3.0,48.2,25.4,,60.3,N
4117,필로덴드론,Medium,Medium,실내,1,75.0,17.7,43.9,22.2,48.3,47.0,N
4118,스킨답서스,Large,Low,실내,1,30.0,74.7,56.3,26.1,45.7,48.3,N
4119,몬스테라,Large,High,실내,2,178.0,39.0,60.4,24.9,68.6,77.1,Y
4120,고무나무,Large,Low,베란다,2,7.0,38.5,75.9,23.0,24.9,28.0,N
4121,스투키,Large,Medium,실내,3,147.0,19.2,46.1,26.9,57.4,65.2,N
4122,스킨답서스,Medium,Medium,실내,2,57.0,17.3,70.6,21.5,26.4,31.1,N
4123,고무나무,Medium,Medium,실내,3,5.0,39.2,70.1,18.7,50.2,55.2,N
4124,필로덴드론,Large,Medium,베란다,1,230.0,33.3,50.1,27.8,35.9,39.9,N
4125,산세베리아,Medium,Medium,베란다,5,80.0,39.3,46.2,21.3,55.5,63.8,N
4126,,Large,High,실내,0,110.0,28.9,37.8,22.5,42.3,45.2,Y
4127,고무나무,Medium,Medium,베란다,2,158.0,33.3,55.4,20.3,77.5,84.0,N
4128,필로덴드론,Medium,Low,실내,2,128.0,8.7,51.5,22.3,48.4,54.5,N
4129,스투키,Medium,Medium,베란다,3,158.0,81.2,67.9,23.0,32.4,38.5,N
4130,몬스테라,Large,Medium,실내,1,172.0,19.8,59.2,18.7,58.4,63.4,N
4131,스투키,Small,Low,실내,0,107.0,29.8,31.2,18.7,39.6,40.1,N
4132,몬스테라,Medium,Medium,실내,4,55.0,3.3,54.2,19.4,72.0,76.0,N
4133,고무나무,Medium,Medium,실내,1,33.0,17.0,58.7,21.6,97.8,100.7,N
4134,고무나무,Small,,실내,3,280.0,28.2,52.2,23.3,5.0,9.6,N
4135,,Medium,High,실내,1,420.0,37.7,65.7,25.9,51.1,58.5,N
4136,몬스테라,Medium,Medium,실내,3,53.0,4.5,48.2,29.4,38.4,43.1,Y
4137,고무나무,Medium,Medium,실내,2,14.0,28.1,67.4,22.5,27.2,31.8,N
4138,스투키,Small,Low,실내,1,30.0,58.1,48.3,20.6,,53.2,N
4139,고무나무,Medium,Medium,베란다,4,133.0,35.1,51.0,14.9,45.7,53.5,N
4140,스킨답서스,Medium,Medium,베란다,2,23.0,61.8,78.4,22.8,5.0,11.6,N
4141,스투키,Medium,Medium,베란다,3,182.0,37.7,39.2,21.5,53.7,62.0,N
4142,몬스테라,Small,High,베란다,3,308.0,18.6,56.1,20.9,,75.6,N
4143,몬스테라,Large,Medium,실내,0,398.0,23.7,59.2,20.0,42.4,49.8,N
4144,산세베리아,Medium,Medium,실내,1,1.0,30.4,47.6,20.1,31.4,33.9,N
4145,·정보없음,Medium,Medium,실내,7,381.0,40.4,60.6,23.0,52.7,59.3,N
4146,고무나무,Medium,Medium,실내,4,162.0,42.3,63.8,23.9,27.9,35.6,N
4147,몬스테라,Medium,Medium,실내,2,11.0,20.5,58.4,21.9,40.9,47.3,N
4148,스킨답서스,Medium,Medium,베란다,0,64.0,20.2,57.3,24.4,60.3,62.6,N
4149,고무나무,Medium,Low,실내,4,144.0,17.7,61.3,25.9,51.5,53.5,N
4150,산세베리아,Medium,Low,베란다,2,,7.3,46.0,21.7,36.2,38.6,N
4151,몬스테라,Medium,Medium,실내,2,22.0,49.2,47.4,25.7,79.3,84.9,N
4152,몬스테라,Medium,High,베란다,1,16.0,20.7,60.6,19.1,77.5,82.1,N
4153,고무나무,Small,Medium,실내,3,77.0,10.9,50.6,22.9,35.8,39.2,N
4154,스투키,Medium,Low,실내,5,413.0,37.4,54.4,20.9,18.7,22.4,N
4155,스투키,Small,High,베란다,2,,40.1,24.7,23.5,59.8,69.0,N
4156,몬스테라,Small,High,실내,2,31.0,9.1,63.1,15.5,55.5,63.3,Y
4157,스킨답서스,Large,High,실내,4,46.0,57.2,70.9,25.5,25.7,35.8,N
4158,산세베리아,Medium,Medium,실내,1,286.0,52.1,62.3,21.9,23.0,26.2,N
4159,필로덴드론,Medium,High,실내,4,159.0,29.6,64.2,23.3,33.5,40.2,N
4160,스킨답서스,Medium,Low,실내,3,430.0,28.7,66.1,19.6,32.3,33.3,N
4161,스킨답서스,Large,Low,실내,1,268.0,48.8,52.8,27.0,72.6,77.5,N
4162,몬스테라,Medium,Low,실내,3,29.0,19.4,44.3,23.0,41.3,44.9,N
4163,스킨답서스,Medium,High,실내,2,171.0,57.6,61.2,20.9,37.3,45.3,N
4164,스투키,Medium,Low,실내,3,6.0,4.7,67.8,15.7,25.1,29.7,N
4165,고무나무,Large,Medium,베란다,3,204.0,31.8,42.0,21.0,76.2,83.0,Y
4166,스투키,Large,Medium,베란다,2,110.0,25.6,63.6,15.0,24.0,24.0,N
4167,스투키,Large,Medium,실내,2,375.0,8.6,58.5,22.4,38.8,41.4,N
4168,몬스테라,Small,High,실내,2,386.0,49.8,53.7,23.8,47.9,55.7,Y
4169,스투키,Small,Low,실내,5,6.0,17.4,51.8,24.1,38.5,46.2,N
4170,몬스테라,Small,Medium,베란다,0,21.0,45.5,58.3,19.4,53.7,61.3,N
4171,몬스테라,Small,High,베란다,2,79.0,39.0,47.3,20.1,40.3,43.1,Y
4172,필로덴드론,Large,Low,베란다,3,254.0,13.8,91.3,21.7,5.0,5.5,N
4173,스킨답서스,Small,Medium,실내,3,202.0,4.9,39.1,20.4,59.8,64.7,N
4174,스킨답서스,Small,High,실내,2,400.0,34.9,24.4,17.0,39.5,47.7,N
4175,산세베리아,Small,High,실내,1,116.0,40.0,58.5,20.1,21.7,26.6,N
4176,필로덴드론,Small,High,실내,3,36.0,32.2,56.1,23.2,57.1,65.9,N
4177,스킨답서스,Small,Medium,실내,1,3.0,13.9,61.4,20.6,73.3,75.5,N
4178,산세베리아,Medium,Medium,실내,4,30.0,89.0,20.7,21.3,21.1,29.6,N
4179,스투키,Medium,Low,베란다,3,135.0,25.8,33.0,20.4,45.4,46.6,N
4180,스투키,Small,Medium,실내,0,313.0,5.7,49.7,29.0,47.4,46.9,N
4181,스킨답서스,Medium,Low,베란다,2,46.0,50.5,65.5,22.4,46.8,49.5,N
4182,고무나무,Medium,Medium,실내,2,250.0,15.2,33.2,22.7,142.9,149.5,N
4183,고무나무,Small,High,베란다,1,60.0,41.3,60.4,20.3,,43.1,N
4184,스투키,Medium,Medium,베란다,5,44.0,13.1,52.1,23.4,70.4,77.6,N
4185,몬스테라,Medium,Medium,베란다,0,85.0,26.4,56.9,22.3,58.0,60.8,N
4186,고무나무,Medium,Medium,베란다,0,70.0,10.1,54.7,16.8,99.1,102.5,N
4187,몬스테라,Medium,Medium,베란다,3,294.0,24.8,54.8,26.5,37.4,42.1,N
4188,스킨답서스,Small,High,실내,2,76.0,14.4,54.7,21.7,50.3,54.3,N
4189,고무나무,Large,Medium,실내,4,39.0,21.9,68.3,23.6,140.5,147.9,Y
4190,고무나무,Large,Medium,실내,3,222.0,17.6,55.4,20.1,41.3,45.4,N
4191,산세베리아,Large,Medium,베란다,5,802.0,51.7,67.2,23.3,15.8,22.2,N
4192,산세베리아,Small,Low,베란다,4,125.0,64.2,49.7,24.0,26.9,32.8,N
4193,스킨답서스,Large,Medium,실내,1,35.0,17.0,68.4,17.6,43.6,44.5,N
4194,고무나무,Large,High,실내,2,33.0,55.2,52.2,23.6,126.2,135.2,N
4195,,Large,Low,실내,5,7.0,86.1,52.3,21.7,,42.1,N
4196,몬스테라,Small,Low,베란다,2,10.0,9.4,33.7,18.9,88.8,88.7,N
4197,몬스테라,Medium,Low,실내,0,296.0,23.5,44.2,27.0,5.0,4.5,N
4198,스투키,Large,High,실내,1,12.0,19.2,46.6,19.2,31.3,38.8,N
4199,스킨답서스,Medium,High,실내,1,79.0,83.8,33.3,22.7,34.1,44.4,N
4200,고무나무,Medium,Medium,실내,4,144.0,31.3,44.6,18.3,98.5,106.2,N
4201,산세베리아,Large,Medium,실내,1,228.0,86.0,63.2,18.7,56.1,63.6,N
4202,몬스테라,Medium,High,실내,2,23.0,44.3,64.6,25.2,34.2,43.2,N
4203,몬스테라,Medium,High,베란다,2,69.0,48.0,34.8,20.9,69.3,78.5,N
4204,필로덴드론,Medium,High,실내,0,35.0,25.9,75.0,26.3,34.1,36.8,N
4205,몬스테라,Large,High,실내,2,35.0,37.7,65.1,20.8,89.4,96.2,Y
4206,,Small,Medium,베란다,3,43.0,35.5,80.0,20.6,57.5,62.8,N
4207,스킨답서스,Medium,Medium,베란다,0,106.0,38.4,68.3,19.7,25.1,30.2,N
4208,스킨답서스,Medium,High,베란다,1,2.0,4.2,77.7,20.5,54.6,58.9,N
4209,몬스테라,Medium,High,실내,3,63.0,73.8,60.0,23.9,35.0,48.0,N
4210,몬스테라,Medium,Low,베란다,1,,39.3,45.7,22.3,44.2,47.6,N
4211,몬스테라,Large,Low,실내,2,410.0,23.5,58.1,21.1,61.5,64.4,N
4212,스킨답서스,Large,High,베란다,1,105.0,49.1,28.1,24.1,59.2,67.7,Y
4213,스킨답서스,Small,Medium,실내,1,243.0,24.3,53.1,23.7,50.7,56.4,N
4214,스투키,Medium,High,실내,1,26.0,55.9,54.5,21.2,61.0,70.7,Y
4215,고무나무,Small,Medium,실내,5,199.0,17.1,66.6,26.6,37.3,44.6,Y
4216,산세베리아,Small,Low,실내,3,64.0,75.7,57.5,17.4,25.4,34.4,Y
4217,몬스테라,Medium,Low,베란다,1,23.0,31.2,49.7,23.2,62.5,67.0,N
4218,스킨답서스,Large,Low,실내,2,172.0,75.2,38.2,21.6,21.2,29.8,N
4219,고무나무,Large,Low,실내,3,172.0,94.9,46.0,23.5,5.5,11.2,N
4220,스투키,Small,Medium,실내,2,659.0,19.2,52.3,22.3,22.8,31.9,N
4221,스투키,Small,High,실내,3,182.0,1.6,46.6,22.8,26.4,33.7,N
4222,고무나무,Medium,High,베란다,3,19.0,1.0,23.5,16.6,92.4,96.1,N
4223,산세베리아,Medium,Medium,베란다,3,47.0,9.5,54.9,22.7,30.9,33.9,N
4224,산세베리아,Small,Medium,베란다,2,,8.2,49.4,25.1,18.0,21.4,N
4225,스킨답서스,Large,Medium,실내,1,16.0,18.9,49.2,20.2,49.0,52.1,N
4226,고무나무,Large,Medium,실내,2,186.0,54.8,57.0,25.0,76.8,83.8,Y
4227,스투키,Medium,Medium,실내,0,90.0,21.6,49.5,20.9,30.9,37.5,N
4228,고무나무,Large,Low,실내,2,347.0,35.3,67.9,20.2,58.7,62.6,Y
4229,스킨답서스,Medium,Low,실내,2,107.0,45.6,46.2,20.3,61.0,62.5,N
4230,몬스테라,Medium,Low,베란다,1,89.0,42.5,45.1,18.9,53.4,57.2,N
4231,고무나무,Medium,Low,실내,2,9.0,9.0,45.9,22.2,11.5,13.1,N
4232,스킨답서스,Small,High,실내,2,19.0,11.7,57.1,20.1,,19.4,N
4233,스투키,Large,Low,실내,3,227.0,13.9,56.9,20.4,16.0,18.7,N
4234,필로덴드론,Medium,High,실내,4,561.0,13.0,48.3,19.9,49.2,56.1,Y
4235,몬스테라,Medium,High,베란다,1,64.0,29.5,54.8,23.0,69.5,72.5,Y
4236,스투키,Medium,High,실내,3,199.0,13.8,59.6,18.2,51.7,58.5,N
4237,몬스테라,Small,High,실내,1,119.0,21.8,62.2,23.8,57.4,65.9,Y
4238,산세베리아,Small,Medium,실내,4,383.0,32.1,53.6,23.5,32.3,40.7,N
4239,고무나무,Medium,Medium,베란다,2,33.0,2.2,45.5,23.5,100.6,101.9,N
4240,스투키,Medium,Low,베란다,1,94.0,15.8,45.6,19.1,63.3,60.4,N
4241,고무나무,Small,High,실내,2,63.0,13.5,58.2,22.7,93.6,99.8,Y
4242,스투키,Medium,High,실내,2,94.0,25.9,63.7,25.9,58.6,66.1,Y
4243,산세베리아,Medium,High,실내,0,38.0,29.8,56.8,18.4,21.9,27.6,N
4244,,Medium,Medium,실내,2,83.0,57.3,50.4,22.5,9.5,16.2,N
4245,스킨답서스,Medium,High,베란다,0,118.0,50.2,48.2,18.7,56.9,60.7,N
4246,필로덴드론,Large,Low,베란다,2,10.0,16.9,64.7,21.2,59.6,65.6,N
4247,스투키,Medium,Low,베란다,5,163.0,20.3,40.3,21.9,21.9,25.9,N
4248,몬스테라,Medium,High,실내,1,147.0,21.7,49.3,20.1,57.9,61.9,N
4249,스킨답서스,Small,Medium,베란다,3,255.0,44.9,72.3,19.7,27.1,34.7,N
4250,필로덴드론,Small,High,실내,3,67.0,61.8,69.0,22.8,5.0,13.7,N
4251,스투키,Small,,베란다,3,8.0,37.9,57.4,19.0,79.2,80.7,N
4252,몬스테라,Medium,High,실내,2,74.0,30.3,49.2,23.5,89.2,94.9,N
4253,스투키,Small,Medium,실내,1,18.0,6.5,52.0,27.2,46.7,50.3,N
4254,스킨답서스,Small,High,실내,3,125.0,24.4,56.0,18.2,54.9,64.8,N
4255,,Medium,High,실내,0,6.0,48.7,80.3,18.0,45.9,48.1,N
4256,고무나무,Small,High,실내,2,56.0,25.0,67.3,17.5,,13.4,Y
4257,필로덴드론,Small,Medium,베란다,3,10.0,24.3,65.7,20.6,34.9,42.2,N
4258,스킨답서스,Small,High,실내,3,0.0,6.9,53.1,24.6,74.2,81.2,N
4259,스투키,Medium,Low,실내,2,388.0,64.6,49.0,24.8,68.2,73.6,N
4260,스킨답서스,Small,Low,실내,2,666.0,7.6,52.6,23.3,10.6,15.8,N
4261,몬스테라,Medium,Medium,실내,4,97.0,66.1,66.9,22.6,44.0,54.4,N
4262,산세베리아,Medium,High,베란다,1,33.0,30.2,74.5,25.8,30.8,35.6,N
4263,스킨답서스,Medium,Medium,실내,4,290.0,78.7,44.8,20.5,,19.8,N
4264,스투키,Medium,High,실내,3,308.0,45.5,27.4,23.7,42.9,51.9,N
4265,고무나무,Large,High,베란다,4,231.0,49.5,52.0,28.0,67.7,79.2,Y
4266,스킨답서스,Small,Low,베란다,2,94.0,22.6,67.7,25.7,,56.3,N
4267,고무나무,Small,High,실내,2,9.0,25.6,48.2,18.6,77.4,83.4,Y
4268,몬스테라,Small,Low,베란다,1,11.0,22.7,60.4,20.3,42.4,46.0,N
4269,산세베리아,Small,High,실내,4,272.0,13.4,41.5,28.1,30.8,38.2,N
4270,필로덴드론,Small,Medium,베란다,0,250.0,30.4,51.5,20.3,62.8,67.4,N
4271,고무나무,Small,Medium,실내,1,68.0,11.1,45.5,26.8,26.7,32.7,N
4272,필로덴드론,Medium,Medium,베란다,2,48.0,16.4,53.2,20.7,31.3,35.2,N
4273,몬스테라,Medium,Low,실내,1,,16.0,57.4,21.4,35.3,39.2,N
4274,스킨답서스,Medium,Medium,실내,3,197.0,17.2,63.3,19.2,66.2,69.4,N
4275,고무나무,Medium,Low,실내,4,158.0,14.0,50.0,19.8,91.0,96.1,N
4276,스킨답서스,Small,Low,실내,3,115.0,6.0,41.4,21.4,74.3,73.9,N
4277,스킨답서스,Small,Low,베란다,1,32.0,10.7,36.8,22.6,56.1,58.5,N
4278,스투키,Medium,Medium,실내,2,37.0,35.8,68.0,20.8,43.1,48.8,N
4279,몬스테라,Small,High,실내,1,155.0,19.5,45.2,24.1,47.1,55.4,N
4280,스투키,Small,Medium,실내,5,195.0,21.4,61.2,20.8,39.4,45.5,N
4281,몬스테라,Medium,High,실내,2,15.0,62.2,35.9,15.8,34.6,39.3,Y
4282,고무나무,Large,Medium,베란다,2,25.0,84.5,73.8,21.4,135.8,144.7,N
4283,몬스테라,Medium,Medium,실내,1,137.0,69.9,88.4,20.6,61.5,65.8,N
4284,몬스테라,Small,Medium,실내,3,59.0,66.1,59.0,26.5,61.9,69.7,N
4285,스킨답서스,Large,Medium,베란다,1,99.0,43.8,51.5,24.7,37.3,41.0,N
4286,스킨답서스,Medium,,베란다,2,114.0,55.0,72.3,25.0,41.9,47.8,Y
4287,산세베리아,Medium,Low,실내,0,180.0,57.9,49.0,24.1,33.6,32.2,N
4288,스킨답서스,Large,High,실내,0,197.0,59.7,55.6,23.3,46.7,49.7,N
4289,스투키,Medium,High,베란다,4,39.0,10.4,21.8,23.3,76.0,84.2,N
4290,산세베리아,Small,Low,베란다,0,94.0,22.9,54.1,24.8,48.3,49.9,N
4291,스킨답서스,Medium,High,베란다,0,16.0,29.4,68.9,23.7,73.7,75.9,Y
4292,몬스테라,Medium,Low,베란다,1,221.0,7.7,49.5,20.4,56.0,56.8,N
4293,스킨답서스,Medium,Low,베란다,3,224.0,5.6,49.7,17.8,45.9,49.7,N
4294,필로덴드론,Medium,Low,베란다,2,43.0,32.3,49.8,16.3,52.6,55.2,N
4295,스투키,Large,High,베란다,1,21.0,12.3,78.6,19.5,65.8,71.1,N
4296,스투키,Large,High,실내,2,9.0,36.0,57.7,19.8,44.1,49.4,Y
4297,몬스테라,Large,High,실내,4,103.0,37.4,55.5,21.7,60.0,70.3,N
4298,몬스테라,Large,Low,실내,2,12.0,23.2,50.1,21.6,,72.7,N
4299,스킨답서스,Large,Medium,실내,1,137.0,23.7,67.3,27.2,26.2,30.9,N
4300,스킨답서스,Small,High,베란다,1,136.0,16.5,45.3,23.7,44.5,49.8,Y
4301,몬스테라,Small,Low,베란다,2,114.0,8.6,70.1,19.8,24.4,26.0,N
4302,필로덴드론,Medium,Medium,베란다,3,251.0,33.3,53.6,26.1,15.3,20.7,N
4303,산세베리아,Large,Low,베란다,1,57.0,23.3,69.1,21.3,56.4,58.5,N
4304,,Medium,Low,실내,1,279.0,10.5,50.6,23.7,8.7,12.1,N
4305,산세베리아,Medium,Medium,베란다,2,5.0,21.1,64.8,23.4,56.3,64.4,N
4306,몬스테라,Small,Medium,실내,2,14.0,50.8,61.5,22.1,56.8,61.4,N
4307,스킨답서스,Small,Low,실내,2,64.0,5.5,54.3,26.2,28.9,33.2,N
4308,고무나무,Medium,Low,실내,2,108.0,26.4,71.4,20.2,93.1,95.5,Y
4309,산세베리아,Small,Low,베란다,2,4.0,9.8,70.6,22.4,36.3,38.5,N
4310,산세베리아,Medium,Low,실내,1,101.0,21.1,47.3,19.3,37.1,40.0,N
4311,스투키,Small,Low,베란다,1,44.0,3.3,46.4,23.1,40.2,41.1,N
4312,필로덴드론,Small,Medium,실내,3,262.0,6.2,52.1,23.2,43.6,47.6,Y
4313,몬스테라,Medium,Medium,실내,1,91.0,5.6,51.4,22.3,90.2,97.0,N
4314,산세베리아,Medium,Medium,실내,2,106.0,78.0,67.5,22.2,36.1,43.8,N
4315,필로덴드론,Medium,High,실내,2,349.0,31.9,59.3,21.5,12.5,20.2,N
4316,몬스테라,Small,High,베란다,3,173.0,12.2,44.2,23.1,36.7,46.9,N
4317,고무나무,Large,Low,실내,5,69.0,12.7,44.8,23.9,113.5,121.1,N
4318,몬스테라,Medium,Low,베란다,2,78.0,42.3,56.4,18.4,112.7,115.8,Y
4319,스킨답서스,Medium,High,베란다,4,125.0,36.8,65.4,21.2,33.8,41.4,N
4320,스킨답서스,Medium,Low,베란다,2,27.0,24.3,73.8,20.9,,32.9,N
4321,스킨답서스,Small,Low,실내,1,11.0,65.5,57.1,24.0,8.3,9.6,N
4322,필로덴드론,Large,Low,베란다,1,45.0,12.8,53.5,25.6,51.2,52.4,Y
4323,고무나무,Medium,Medium,실내,2,181.0,5.8,52.3,23.3,87.9,89.6,N
4324,스킨답서스,Medium,Medium,실내,0,36.0,62.7,46.3,22.4,16.3,21.3,N
4325,산세베리아,Small,High,실내,0,17.0,16.7,54.1,19.7,44.2,46.5,Y
4326,필로덴드론,Large,High,베란다,0,30.0,6.1,49.2,27.6,26.9,29.2,N
4327,몬스테라,Medium,Medium,실내,3,136.0,25.3,50.1,19.2,42.4,47.9,N
4328,필로덴드론,Small,Medium,실내,2,114.0,29.1,62.1,18.2,60.7,65.1,N
4329,몬스테라,Small,Medium,실내,1,140.0,24.5,37.7,24.2,56.2,58.1,N
4330,산세베리아,Large,Low,실내,0,47.0,60.0,32.0,20.5,26.7,30.4,N
4331,스투키,Medium,Low,실내,6,277.0,81.7,43.6,24.3,56.2,65.2,N
4332,몬스테라,Medium,Low,베란다,1,72.0,16.9,64.5,26.3,,61.9,N
4333,스킨답서스,Medium,Low,실내,2,87.0,46.3,59.2,21.2,39.6,44.9,N
4334,고무나무,Medium,Low,베란다,2,357.0,18.9,66.3,23.4,26.9,29.1,N
4335,스투키,Medium,Medium,실내,3,465.0,62.2,35.2,20.7,17.0,23.2,N
4336,몬스테라,Small,High,베란다,2,130.0,7.6,61.1,22.2,14.2,20.8,N
4337,스킨답서스,Medium,Medium,실내,1,348.0,27.8,37.7,21.6,56.8,61.6,N
4338,필로덴드론,Large,High,실내,2,94.0,39.2,42.0,24.9,61.4,70.0,N
4339,스투키,Small,Medium,실내,2,44.0,39.9,39.4,20.4,12.4,21.7,N
4340,몬스테라,Medium,Medium,실내,3,45.0,18.0,41.4,20.0,30.0,35.3,N
4341,스킨답서스,Medium,Medium,베란다,1,98.0,22.8,86.7,21.4,31.6,34.0,N
4342,몬스테라,Medium,Low,실내,2,111.0,37.0,61.4,24.0,66.5,68.7,N
4343,산세베리아,Large,Low,베란다,1,69.0,28.4,32.8,19.6,22.8,25.6,N
4344,산세베리아,Medium,High,베란다,2,258.0,27.2,36.1,18.5,10.9,16.2,N
4345,스킨답서스,Small,High,실내,4,67.0,17.5,56.0,25.5,41.5,50.9,N
4346,스투키,Large,Low,실내,2,38.0,11.2,57.0,15.3,29.5,33.4,N
4347,산세베리아,Medium,Low,실내,0,1.0,53.3,47.4,18.1,45.7,51.1,N
4348,스킨답서스,Large,Medium,실내,5,423.0,10.3,75.3,28.5,57.5,66.6,N
4349,산세베리아,Medium,Low,실내,5,209.0,60.3,44.3,16.7,37.7,38.1,N
4350,고무나무,Large,Medium,베란다,2,115.0,68.4,66.2,20.7,86.0,91.5,N
4351,산세베리아,Small,Low,실내,3,213.0,44.9,64.8,20.1,25.1,29.3,N
4352,스킨답서스,Small,Medium,실내,1,199.0,18.5,83.8,15.1,93.4,94.9,N
4353,스킨답서스,Large,Medium,실내,5,322.0,5.3,84.4,19.0,33.7,39.9,N
4354,필로덴드론,Small,Medium,실내,3,59.0,39.5,63.3,22.8,24.1,28.9,N
4355,스킨답서스,Small,Low,베란다,1,97.0,8.0,55.4,24.3,23.2,24.3,N
4356,고무나무,Medium,Medium,베란다,1,12.0,14.4,59.3,25.3,21.4,28.3,N
4357,스투키,Large,High,베란다,4,403.0,17.1,62.4,20.9,50.6,60.9,N
4358,고무나무,Small,Medium,베란다,3,505.0,11.3,32.7,16.5,45.0,50.0,N
4359,스킨답서스,Large,High,실내,1,187.0,13.3,37.0,22.2,55.8,58.5,N
4360,몬스테라,Medium,High,실내,1,73.0,28.1,66.7,26.1,44.2,50.4,Y
4361,몬스테라,Medium,High,실내,2,82.0,101.6,71.4,26.6,28.3,35.3,Y
4362,고무나무,Large,High,베란다,4,69.0,36.9,72.8,24.9,52.8,63.3,N
4363,산세베리아,Medium,Medium,베란다,2,42.0,53.7,52.4,17.9,54.3,61.8,N
4364,스킨답서스,Small,High,실내,1,90.0,16.1,58.9,21.4,57.0,59.4,N
4365,스투키,Small,Low,실내,4,7.0,87.2,49.5,22.7,60.9,69.3,N
4366,고무나무,Medium,Medium,실내,0,578.0,80.9,77.1,23.2,49.4,54.3,N
4367,몬스테라,Medium,High,베란다,2,66.0,18.6,50.3,16.7,80.4,84.5,Y
4368,스킨답서스,Large,High,실내,1,315.0,84.7,45.6,28.2,,23.3,N
4369,몬스테라,Medium,High,베란다,0,155.0,13.0,53.1,26.0,57.7,58.5,N
4370,몬스테라,Medium,High,실내,2,41.0,21.8,50.3,22.0,46.5,50.9,N
4371,몬스테라,Medium,High,실내,1,30.0,23.5,54.1,22.4,107.1,113.0,Y
4372,스투키,Small,High,베란다,3,653.0,17.8,65.8,20.5,26.3,32.3,N
4373,몬스테라,Small,High,실내,3,177.0,4.2,56.5,25.7,,33.9,Y
4374,스투키,Large,Medium,베란다,1,34.0,4.7,47.9,18.5,68.1,68.1,N
4375,스킨답서스,Small,High,베란다,2,8.0,20.3,47.2,22.3,17.6,23.8,N
4376,,Small,High,실내,5,143.0,56.6,48.6,19.5,,26.1,N
4377,스투키,Medium,High,베란다,5,43.0,24.1,31.7,21.9,37.0,48.0,N
4378,산세베리아,Medium,Medium,실내,3,30.0,14.1,65.8,25.5,27.1,30.9,N
4379,몬스테라,Large,Medium,실내,2,159.0,46.2,62.4,20.1,24.2,33.8,N
4380,스킨답서스,Small,Low,베란다,2,136.0,38.9,73.7,22.5,25.7,25.3,N
4381,몬스테라,Small,High,실내,7,79.0,31.9,59.6,21.6,40.1,52.0,Y
4382,몬스테라,Small,Medium,실내,1,343.0,13.6,36.9,19.8,57.0,62.3,N
4383,스킨답서스,Medium,Medium,베란다,2,137.0,26.4,56.8,20.1,57.3,64.7,N
4384,스킨답서스,Medium,Low,실내,3,269.0,1.1,57.2,20.2,47.1,48.0,N
4385,산세베리아,Medium,High,베란다,2,25.0,58.3,63.9,16.6,53.1,61.9,N
4386,스킨답서스,Large,High,베란다,1,42.0,39.7,76.6,21.5,43.4,51.2,N
4387,필로덴드론,Large,High,실내,0,13.0,16.3,40.2,22.2,65.2,68.5,Y
4388,몬스테라,Small,Medium,실내,2,44.0,28.0,61.8,17.5,61.3,63.9,N
4389,몬스테라,Medium,Medium,실내,6,428.0,20.5,53.0,20.6,31.8,36.2,N
4390,몬스테라,Medium,Medium,실내,1,395.0,27.5,85.8,21.3,15.2,18.1,N
4391,몬스테라,Large,Low,베란다,7,171.0,102.5,65.6,24.4,64.6,71.1,N
4392,스킨답서스,Large,High,베란다,2,88.0,59.4,51.8,27.2,20.4,27.4,N
4393,고무나무,Small,Low,실내,2,182.0,48.6,71.3,23.2,36.3,43.6,N
4394,몬스테라,Medium,Medium,실내,0,97.0,48.8,52.1,17.9,39.0,44.6,N
4395,필로덴드론,Medium,Medium,베란다,4,0.0,62.9,63.2,19.2,24.5,32.3,N
4396,산세베리아,Small,Medium,실내,4,84.0,64.1,50.4,22.2,24.5,32.5,N
4397,스투키,Small,High,베란다,2,,43.1,55.9,20.6,51.4,58.6,N
4398,몬스테라,Medium,Low,베란다,1,37.0,25.6,70.3,21.9,50.2,53.8,N
4399,몬스테라,Medium,High,실내,4,27.0,9.9,50.6,24.5,52.2,57.4,N
4400,몬스테라,Small,Low,실내,3,38.0,34.7,20.0,21.5,73.9,75.7,N
4401,몬스테라,Medium,Low,베란다,1,117.0,22.8,45.9,29.3,37.2,39.5,N
4402,스킨답서스,Small,Medium,실내,1,19.0,10.9,72.8,17.3,18.8,16.6,Y
4403,스투키,Medium,Low,실내,3,153.0,28.3,74.0,23.6,36.9,38.8,N
4404,·정보없음,Small,High,베란다,5,66.0,6.8,46.4,17.0,43.2,53.2,N
4405,필로덴드론,Small,Medium,베란다,2,52.0,18.9,35.9,19.4,47.2,53.3,N
4406,고무나무,Medium,Low,실내,3,198.0,49.9,49.4,24.5,52.5,53.4,N
4407,필로덴드론,Small,Low,실내,4,85.0,25.6,66.6,15.8,34.4,38.1,Y
4408,몬스테라,Medium,Medium,실내,3,57.0,40.1,52.4,22.9,89.7,93.5,N
4409,스투키,Small,High,실내,2,253.0,38.8,31.1,18.3,72.1,77.8,N
4410,스킨답서스,Medium,Medium,실내,3,55.0,24.0,61.8,21.8,41.5,45.8,N
4411,몬스테라,Small,Medium,실내,2,235.0,44.3,67.4,20.1,46.3,53.4,N
4412,몬스테라,Medium,High,실내,2,84.0,26.5,74.0,22.0,16.4,24.7,N
4413,고무나무,Medium,Medium,실내,1,28.0,8.7,30.3,23.2,56.4,58.6,N
4414,고무나무,Small,Low,실내,3,114.0,23.2,68.7,25.2,98.7,99.0,N
4415,스킨답서스,Medium,Medium,실내,1,40.0,86.2,57.2,22.4,39.0,42.5,N
4416,스킨답서스,Small,Medium,실내,1,19.0,12.6,47.1,23.8,49.8,55.5,N
4417,스킨답서스,Medium,High,실내,1,11.0,82.5,35.2,21.8,67.8,76.2,Y
4418,몬스테라,Small,Medium,베란다,2,33.0,1.6,32.7,18.0,24.8,28.0,N
4419,스투키,Medium,High,실내,5,160.0,6.6,45.8,18.6,37.0,42.9,N
4420,몬스테라,Medium,Low,실내,2,218.0,11.5,45.2,26.5,23.7,28.0,N
4421,몬스테라,Large,High,베란다,3,237.0,7.5,53.7,18.3,31.8,39.2,N
4422,필로덴드론,Medium,Medium,실내,5,38.0,51.0,72.8,22.6,27.4,35.1,N
4423,스킨답서스,Medium,Medium,베란다,1,130.0,5.5,54.2,22.5,17.2,18.4,N
4424,고무나무,Medium,Low,실내,3,31.0,12.7,36.5,22.4,72.9,76.3,N
4425,스투키,Large,Medium,실내,1,117.0,44.0,42.8,25.1,30.9,32.2,N
4426,스투키,Medium,High,실내,2,262.0,31.7,59.0,20.1,55.0,62.7,N
4427,스투키,Small,High,실내,2,5.0,24.4,46.0,21.4,59.6,65.2,N
4428,몬스테라,Large,Low,실내,1,506.0,21.8,53.6,21.0,56.5,59.2,N
4429,몬스테라,Medium,Medium,실내,3,211.0,42.6,68.8,15.2,75.2,81.6,N
4430,산세베리아,Large,Low,실내,3,172.0,8.4,62.8,19.7,37.2,41.8,N
4431,고무나무,Large,High,베란다,3,141.0,11.8,48.4,25.2,89.8,98.1,Y
4432,스킨답서스,Small,High,실내,1,177.0,36.2,43.2,28.1,37.0,45.1,Y
4433,스킨답서스,Medium,Low,실내,3,626.0,12.6,78.6,24.9,42.3,45.5,N
4434,필로덴드론,Small,High,실내,1,176.0,27.2,46.6,23.2,49.4,54.6,N
4435,몬스테라,Small,High,실내,4,52.0,19.4,83.7,17.9,,11.7,N
4436,스투키,Small,Medium,베란다,3,114.0,14.5,74.4,22.6,22.4,26.4,N
4437,스투키,Medium,High,실내,1,49.0,23.6,53.9,22.3,50.5,56.4,N
4438,산세베리아,Small,Medium,실내,4,421.0,2.4,40.4,29.0,40.3,45.6,N
4439,필로덴드론,Small,Medium,베란다,0,276.0,35.4,55.5,16.8,25.8,32.0,N
4440,스투키,Medium,Medium,베란다,4,101.0,34.4,70.8,18.2,53.1,59.5,N
4441,산세베리아,Small,Medium,실내,2,182.0,64.7,50.4,25.6,28.6,32.6,N
4442,산세베리아,Small,Medium,실내,2,289.0,11.0,39.2,26.6,19.5,23.9,N
4443,스투키,Small,Low,실내,2,34.0,57.1,48.3,23.0,71.2,76.9,N
4444,스투키,Medium,High,실내,2,104.0,11.5,59.7,20.9,39.0,45.5,N
4445,스킨답서스,Medium,Medium,실내,1,79.0,45.3,60.7,23.7,43.9,49.9,N
4446,필로덴드론,Small,Medium,실내,2,177.0,7.4,56.0,28.5,24.8,30.8,N
4447,몬스테라,Large,High,베란다,1,57.0,12.6,49.4,20.1,72.4,77.3,N
4448,산세베리아,Medium,Medium,실내,1,148.0,13.6,53.5,23.4,35.4,35.6,N
4449,스투키,Small,Medium,실내,1,62.0,27.6,49.5,21.4,65.2,71.1,N
4450,고무나무,Small,High,실내,2,14.0,32.8,56.6,23.1,53.0,60.4,N
4451,스킨답서스,Medium,High,실내,3,14.0,5.2,58.2,24.3,41.5,47.3,Y
4452,스킨답서스,Medium,Low,실내,1,15.0,30.0,52.1,20.2,39.3,39.4,N
4453,산세베리아,Small,Medium,실내,2,4.0,27.3,44.9,24.9,25.7,29.1,N
4454,산세베리아,Small,High,실내,2,91.0,32.4,70.0,20.5,16.0,19.1,N
4455,산세베리아,Large,Medium,실내,0,,32.9,58.6,23.7,13.2,15.8,N
4456,몬스테라,Small,Medium,실내,2,16.0,68.3,63.6,16.2,85.3,91.1,Y
4457,,Medium,Low,실내,1,114.0,14.8,46.1,24.3,89.0,90.9,N
4458,몬스테라,Large,Low,실내,2,109.0,58.6,53.9,19.3,101.3,108.3,N
4459,스킨답서스,Medium,High,실내,0,19.0,36.0,45.8,20.5,43.8,50.7,N
4460,스킨답서스,Small,High,실내,3,62.0,19.2,72.0,15.2,50.3,57.3,Y
4461,스킨답서스,Medium,High,실내,0,169.0,16.2,42.0,21.3,25.9,28.0,N
4462,스킨답서스,Small,High,베란다,1,2.0,41.8,42.9,26.0,49.4,53.5,N
4463,필로덴드론,Medium,Low,베란다,2,19.0,11.6,55.8,17.3,35.1,39.7,N
4464,몬스테라,Medium,Low,실내,0,658.0,37.4,41.0,22.6,60.5,60.3,N
4465,고무나무,Large,High,베란다,3,159.0,16.4,71.9,15.9,5.0,9.4,N
4466,스투키,Large,Medium,실내,1,75.0,42.9,38.1,21.5,47.4,57.5,Y
4467,몬스테라,Large,Medium,베란다,3,119.0,14.1,52.1,24.6,5.5,10.2,N
4468,몬스테라,Large,High,실내,4,225.0,21.8,50.0,21.7,16.4,28.7,N
4469,필로덴드론,Medium,Medium,실내,4,222.0,17.2,58.6,24.3,51.4,56.8,N
4470,산세베리아,Medium,Low,실내,0,47.0,65.1,45.4,20.5,37.2,42.8,N
4471,필로덴드론,Medium,High,실내,3,81.0,81.3,58.1,29.8,39.3,50.8,N
4472,필로덴드론,Medium,High,베란다,1,122.0,17.6,44.7,25.3,28.5,31.9,N
4473,몬스테라,Large,Low,실내,1,9.0,32.1,42.9,22.6,72.3,73.2,N
4474,스투키,Small,High,실내,1,350.0,25.8,52.3,27.1,40.5,41.4,N
4475,고무나무,Large,Medium,실내,3,68.0,16.1,53.7,26.2,21.6,24.8,N
4476,스킨답서스,Large,Medium,실내,0,56.0,11.1,51.6,20.4,50.3,54.2,N
4477,스킨답서스,Large,High,실내,2,285.0,9.6,50.3,23.5,44.7,49.9,N
4478,스투키,Large,High,실내,0,15.0,13.2,71.4,21.1,33.9,36.2,Y
4479,스킨답서스,Small,Medium,실내,3,5.0,18.2,58.6,24.8,71.5,76.6,N
4480,스킨답서스,Small,Low,베란다,5,139.0,20.4,57.9,26.7,44.3,50.4,N
4481,몬스테라,Small,Low,실내,2,58.0,3.6,67.9,17.6,52.3,51.8,N
4482,스킨답서스,Small,Medium,실내,1,174.0,49.4,38.7,22.4,47.3,53.3,N
4483,스킨답서스,Medium,Low,실내,3,9.0,60.6,79.9,26.4,20.5,22.0,N
4484,스킨답서스,Large,Medium,베란다,3,58.0,68.2,34.9,24.3,60.8,63.0,N
4485,몬스테라,Large,Low,실내,1,32.0,6.6,69.8,23.3,34.2,34.8,N
4486,고무나무,Medium,Medium,실내,2,161.0,21.7,34.8,25.2,90.3,94.0,N
4487,몬스테라,Small,Low,베란다,3,31.0,52.3,54.2,18.0,12.7,16.2,N
4488,·정보없음,Small,High,실내,4,73.0,2.7,47.6,23.7,52.4,59.1,N
4489,산세베리아,Small,Low,실내,1,205.0,8.7,73.3,25.7,7.4,10.4,N
4490,스킨답서스,Medium,Medium,실내,1,296.0,43.9,64.3,23.7,78.3,81.8,N
4491,스투키,Medium,High,베란다,3,154.0,19.3,51.6,18.3,27.5,31.8,N
4492,고무나무,Small,High,베란다,1,67.0,22.0,61.4,20.9,42.2,49.4,N
4493,스킨답서스,Small,Low,베란다,3,102.0,13.7,58.4,22.0,,48.7,N
4494,산세베리아,Small,Low,실내,1,140.0,31.3,63.4,19.5,31.5,34.5,N
4495,고무나무,Medium,High,실내,1,249.0,28.4,52.6,19.3,63.2,69.6,N
4496,고무나무,Medium,Medium,실내,0,263.0,9.9,46.7,23.5,,9.5,N
4497,스킨답서스,Medium,High,베란다,0,321.0,56.4,28.9,26.9,5.0,13.3,N
4498,몬스테라,Medium,Medium,베란다,2,200.0,1.7,50.9,16.3,23.1,24.4,N
4499,스투키,Large,Medium,실내,2,19.0,34.2,56.6,20.6,28.6,33.4,N
4500,스킨답서스,Small,Medium,실내,1,165.0,28.4,43.0,19.8,61.5,62.4,N
4501,스킨답서스,Medium,High,실내,0,202.0,69.3,54.1,26.5,67.4,75.0,N
4502,스킨답서스,Medium,High,실내,4,252.0,17.4,68.4,24.2,44.3,53.4,N
4503,스투키,Medium,Low,실내,1,311.0,15.0,56.1,26.2,54.1,53.5,N
4504,몬스테라,Large,Medium,실내,3,85.0,51.9,46.1,24.7,63.1,71.4,N
4505,스킨답서스,Medium,Low,실내,1,128.0,13.4,66.1,25.5,29.6,33.6,N
4506,스투키,Medium,Medium,실내,0,1.0,8.5,57.6,22.9,72.7,78.1,N
4507,고무나무,Small,High,베란다,0,102.0,47.1,57.3,23.4,48.6,53.9,N
4508,몬스테라,Medium,Medium,베란다,1,77.0,45.4,49.9,23.6,62.0,68.0,N
4509,스킨답서스,Small,High,베란다,3,393.0,38.5,39.9,22.1,65.5,76.4,N
4510,필로덴드론,Small,,베란다,1,278.0,12.1,57.9,22.0,25.8,26.8,N
4511,몬스테라,Medium,,실내,1,,55.2,59.4,23.4,74.2,81.1,N
4512,스킨답서스,Medium,High,실내,2,7.0,27.6,46.4,23.3,64.0,67.9,N
4513,몬스테라,Small,Low,베란다,2,62.0,27.4,56.9,22.6,83.0,86.1,N
4514,고무나무,Medium,Low,실내,1,143.0,83.5,66.2,22.5,,26.3,N
4515,스킨답서스,Medium,Medium,실내,3,4.0,7.8,42.8,24.1,45.0,48.5,N
4516,스킨답서스,Small,Low,실내,1,32.0,43.6,60.1,21.6,62.8,67.0,N
4517,스킨답서스,Medium,Medium,베란다,2,,73.3,53.8,18.3,25.5,31.2,N
4518,산세베리아,Medium,Medium,실내,0,17.0,8.7,66.5,22.6,44.1,45.7,N
4519,몬스테라,Medium,High,실내,5,6.0,32.5,67.9,19.3,28.1,40.2,Y
4520,몬스테라,Medium,Medium,실내,3,104.0,13.4,55.7,25.1,73.1,82.2,N
4521,산세베리아,Small,High,베란다,6,351.0,37.3,55.0,20.2,16.8,30.9,N
4522,스킨답서스,Medium,High,실내,1,216.0,34.5,52.3,20.5,65.8,72.2,N
4523,산세베리아,Large,High,실내,1,442.0,42.5,42.3,23.2,18.8,26.7,N
4524,스킨답서스,Medium,Low,실내,1,168.0,13.3,59.7,22.0,45.5,48.2,N
4525,산세베리아,Small,Medium,베란다,0,69.0,31.8,55.7,25.5,38.8,38.3,N
4526,스킨답서스,Medium,Medium,베란다,4,352.0,44.1,45.9,21.4,33.9,38.1,N
4527,고무나무,Large,Medium,실내,0,67.0,15.8,31.4,21.1,39.6,41.8,N
4528,필로덴드론,Small,Medium,실내,3,52.0,34.1,61.6,19.7,31.2,41.1,N
4529,스킨답서스,Large,High,베란다,4,,19.5,50.7,18.4,42.3,47.9,N
4530,몬스테라,Large,Medium,실내,3,202.0,53.5,63.2,20.4,31.5,40.0,N
4531,스투키,Small,Medium,베란다,2,300.0,6.9,38.6,23.2,23.7,25.1,N
4532,몬스테라,Large,High,실내,0,53.0,31.6,55.9,25.9,46.9,53.4,N
4533,스투키,Medium,Low,실내,2,74.0,65.7,54.6,24.6,34.0,39.2,N
4534,스투키,Large,Medium,베란다,3,274.0,20.2,52.5,20.3,49.4,52.3,N
4535,스킨답서스,Medium,High,실내,1,6.0,5.6,74.0,22.5,56.2,60.4,N
4536,스킨답서스,Medium,Low,실내,1,184.0,30.7,56.9,22.1,46.2,50.1,N
4537,스킨답서스,Medium,Medium,실내,2,73.0,64.3,34.2,25.5,76.7,84.0,N
4538,고무나무,Medium,Low,베란다,0,57.0,24.4,50.2,25.9,63.7,68.0,N
4539,몬스테라,Small,High,실내,0,71.0,25.7,35.6,16.2,31.7,37.4,N
4540,,Medium,Medium,실내,5,65.0,5.9,72.0,26.2,69.3,79.3,N
4541,몬스테라,Small,Medium,베란다,1,170.0,52.1,58.0,17.3,35.5,44.1,N
4542,스킨답서스,Small,Medium,실내,7,316.0,21.4,53.1,22.8,64.3,74.0,N
4543,몬스테라,Small,Low,실내,2,81.0,51.8,38.1,15.7,66.2,71.6,N
4544,스투키,Medium,Medium,실내,4,215.0,45.1,57.1,25.0,36.7,43.7,N
4545,스킨답서스,Small,Medium,베란다,1,158.0,12.7,67.6,21.0,16.6,20.9,N
4546,산세베리아,Small,Medium,실내,1,48.0,34.5,62.1,24.0,5.0,10.9,N
4547,몬스테라,Small,Medium,실내,3,106.0,45.6,61.6,21.1,62.0,67.6,N
4548,고무나무,Small,Medium,실내,2,132.0,59.7,72.2,24.9,63.1,72.7,N
4549,고무나무,Medium,Medium,베란다,2,3.0,18.7,73.3,17.0,52.7,56.5,N
4550,산세베리아,Large,Medium,베란다,1,60.0,26.4,56.3,23.8,34.1,38.8,N
4551,필로덴드론,Small,Medium,실내,0,589.0,3.1,62.1,23.3,44.8,46.6,N
4552,몬스테라,Large,Low,실내,1,122.0,69.5,75.6,23.1,78.5,85.2,N
4553,몬스테라,Medium,High,베란다,3,49.0,40.6,42.9,23.5,64.6,70.2,N
4554,산세베리아,Medium,High,실내,2,35.0,35.7,60.7,25.4,29.1,33.5,N
4555,,Medium,Medium,베란다,4,28.0,2.9,42.7,25.0,58.5,62.7,N
4556,스킨답서스,Large,Medium,실내,0,62.0,37.7,50.5,17.8,60.1,63.2,N
4557,고무나무,Small,Medium,실내,0,26.0,30.6,71.1,22.3,87.1,90.7,N
4558,고무나무,Medium,Medium,실내,3,17.0,24.0,44.9,23.1,46.8,49.8,N
4559,필로덴드론,Medium,Medium,베란다,1,54.0,33.0,68.1,21.8,15.7,20.7,N
4560,필로덴드론,Medium,Low,실내,5,112.0,27.3,47.7,22.5,23.1,24.9,N
4561,고무나무,Large,High,실내,3,19.0,38.8,68.2,23.4,52.1,60.6,N
4562,스투키,Small,Low,실내,4,5.0,32.0,72.6,24.3,16.8,23.3,N
4563,산세베리아,Medium,Medium,실내,5,4.0,22.6,44.1,23.7,52.3,61.1,N
4564,몬스테라,Medium,High,실내,2,37.0,37.2,62.7,24.6,96.7,103.1,Y
4565,스투키,Medium,Medium,실내,0,25.0,15.0,68.3,27.9,32.2,33.7,N
4566,산세베리아,Small,Low,베란다,2,93.0,32.1,49.8,21.4,54.1,62.4,N
4567,스투키,Medium,High,실내,1,73.0,34.4,61.8,21.6,52.3,59.6,N
4568,스투키,Large,High,베란다,1,47.0,34.8,40.7,24.1,40.8,48.0,N
4569,몬스테라,Medium,High,실내,1,215.0,34.1,81.3,22.0,33.9,41.8,N
4570,산세베리아,Large,Medium,실내,7,84.0,47.9,46.1,21.0,38.9,50.0,N
4571,스킨답서스,Medium,Low,실내,3,,37.8,51.5,20.6,52.3,57.2,N
4572,고무나무,Small,High,베란다,1,42.0,45.8,53.4,23.9,24.1,31.4,N
4573,스투키,Small,Medium,베란다,2,435.0,17.6,56.0,23.4,50.5,55.6,N
4574,산세베리아,Small,High,실내,4,453.0,21.1,60.4,27.6,26.5,34.1,N
4575,산세베리아,Medium,Medium,베란다,3,35.0,62.2,60.2,18.9,35.9,43.3,N
4576,스투키,Small,Medium,실내,3,22.0,10.1,41.7,19.0,24.5,32.5,N
4577,스킨답서스,Medium,High,실내,4,82.0,44.0,40.0,22.2,21.0,32.3,N
4578,몬스테라,Medium,Medium,실내,2,79.0,57.0,75.4,19.6,69.9,74.7,N
4579,필로덴드론,Small,Low,실내,1,63.0,24.5,68.9,16.7,49.2,53.5,N
4580,고무나무,Small,Low,실내,5,90.0,11.5,39.4,20.7,96.4,100.2,N
4581,필로덴드론,Small,Medium,베란다,1,32.0,26.8,59.8,28.5,20.1,22.8,N
4582,스투키,Medium,Low,실내,6,,5.4,64.8,29.5,50.0,55.1,N
4583,산세베리아,Small,Medium,베란다,3,101.0,19.2,79.8,23.6,45.5,49.2,N
4584,산세베리아,Small,Medium,실내,2,324.0,22.2,49.3,18.7,43.3,46.2,Y
4585,고무나무,Large,High,실내,1,18.0,35.9,67.3,19.7,35.6,44.2,N
4586,필로덴드론,Large,Medium,베란다,4,146.0,17.2,63.7,22.3,24.6,28.2,N
4587,스투키,Small,High,베란다,1,69.0,21.5,46.7,20.5,13.6,19.1,N
4588,몬스테라,Medium,Low,베란다,1,42.0,58.6,50.9,22.5,60.0,65.2,N
4589,고무나무,Medium,Medium,실내,1,230.0,12.8,46.0,22.1,17.7,19.5,N
4590,고무나무,Medium,Low,베란다,4,73.0,59.7,59.3,18.3,23.6,30.7,N
4591,스킨답서스,Medium,High,베란다,0,105.0,33.2,36.5,21.9,62.4,68.4,N
4592,몬스테라,Small,High,실내,1,70.0,47.6,52.4,23.4,31.1,44.7,N
4593,스킨답서스,Medium,High,실내,3,10.0,11.3,50.7,20.9,45.2,52.0,N
4594,스투키,Medium,Medium,실내,2,108.0,24.6,30.5,24.8,56.7,65.3,N
4595,스킨답서스,Small,Medium,실내,0,65.0,24.7,58.7,22.2,19.8,20.7,N
4596,고무나무,Medium,High,실내,1,11.0,23.2,63.1,21.6,65.9,69.5,N
4597,고무나무,Medium,High,베란다,2,109.0,28.9,37.6,22.2,57.1,65.9,N
4598,,Small,High,실내,1,1.0,16.6,55.0,20.4,65.5,69.2,N
4599,스킨답서스,Small,Medium,베란다,0,28.0,15.9,38.5,23.2,47.1,49.0,N
4600,스투키,Medium,High,실내,1,182.0,17.3,56.5,19.4,24.1,32.7,N
4601,몬스테라,Small,Low,실내,3,5.0,48.4,69.0,29.2,73.9,79.4,N
4602,산세베리아,Medium,Medium,실내,1,125.0,9.1,48.9,28.1,6.7,11.1,N
4603,필로덴드론,Small,Low,실내,2,359.0,16.7,51.5,21.8,34.4,37.7,N
4604,스투키,Small,Medium,베란다,3,23.0,42.0,80.4,23.7,,43.7,N
4605,산세베리아,Medium,High,베란다,2,65.0,64.3,46.1,23.8,17.3,22.7,N
4606,산세베리아,Medium,High,실내,1,103.0,63.3,43.8,23.8,44.0,52.1,N
4607,산세베리아,Large,High,베란다,4,72.0,45.6,54.9,24.1,19.5,27.9,N
4608,몬스테라,Medium,Medium,실내,2,116.0,56.4,84.0,24.3,71.3,79.8,N
4609,필로덴드론,Small,Medium,실내,2,62.0,20.9,58.0,24.1,20.4,23.7,N
4610,스투키,Medium,High,실내,1,19.0,17.1,47.1,19.6,22.8,26.5,N
4611,스투키,Medium,Medium,실내,3,11.0,2.1,62.1,23.3,46.4,48.2,N
4612,몬스테라,Small,High,실내,2,164.0,17.7,63.9,19.8,33.9,41.0,N
4613,스킨답서스,Large,Medium,실내,2,33.0,19.5,62.3,23.6,62.6,70.1,N
4614,몬스테라,Small,Medium,실내,3,226.0,3.8,64.4,24.8,8.2,11.0,N
4615,스투키,Large,Medium,베란다,1,163.0,11.2,66.2,23.1,47.3,49.4,N
4616,스투키,Large,High,실내,3,6.0,81.6,53.5,24.2,24.9,38.0,N
4617,산세베리아,Medium,Medium,실내,3,27.0,24.1,53.5,22.7,39.0,44.5,N
4618,산세베리아,Large,Medium,실내,3,41.0,11.4,65.1,27.5,44.7,50.1,N
4619,스투키,Medium,High,베란다,1,108.0,21.8,25.7,23.2,36.3,42.4,N
4620,산세베리아,Small,Medium,베란다,5,199.0,30.3,23.9,19.2,,49.2,N
4621,산세베리아,Medium,High,베란다,3,7.0,24.9,47.8,20.5,40.7,47.3,N
4622,산세베리아,Small,Medium,실내,0,34.0,14.4,50.9,23.3,29.1,30.0,N
4623,몬스테라,Medium,Medium,실내,0,57.0,42.9,63.3,25.9,47.4,49.5,N
4624,고무나무,Medium,High,베란다,1,24.0,102.1,49.2,23.2,53.3,59.8,N
4625,필로덴드론,Medium,Medium,실내,3,95.0,52.9,69.1,22.7,26.7,34.1,N
4626,고무나무,Small,Medium,실내,1,78.0,21.6,56.7,18.6,90.1,94.3,N
4627,스투키,Medium,Medium,실내,1,46.0,23.2,45.6,27.7,,66.0,N
4628,스킨답서스,Large,Medium,실내,3,87.0,37.4,70.2,18.0,23.2,31.2,N
4629,고무나무,Small,Medium,실내,3,53.0,28.9,58.3,17.4,30.5,36.8,N
4630,스킨답서스,Medium,Low,실내,0,50.0,51.4,39.4,20.6,,23.2,N
4631,몬스테라,Small,High,실내,2,37.0,57.5,64.2,23.8,32.9,39.9,Y
4632,스투키,Medium,High,실내,2,93.0,5.8,64.2,20.8,53.3,56.4,N
4633,산세베리아,Small,Low,베란다,3,70.0,35.6,39.7,20.2,18.4,20.2,N
4634,산세베리아,Medium,Medium,실내,1,26.0,2.1,56.3,19.5,56.5,60.5,N
4635,몬스테라,Small,Medium,실내,3,2.0,72.0,62.3,27.3,54.1,62.2,N
4636,필로덴드론,Small,Low,실내,2,20.0,19.9,35.0,23.0,37.4,38.4,N
4637,스투키,Large,Medium,실내,4,5.0,6.2,67.7,24.7,47.9,54.9,N
4638,고무나무,Small,Medium,실내,1,68.0,31.0,46.7,28.2,74.8,234.7,Y
4639,산세베리아,Medium,Medium,실내,2,31.0,62.4,44.6,28.1,11.6,16.8,N
4640,산세베리아,Small,Medium,실내,5,65.0,61.3,51.6,19.3,36.3,46.2,N
4641,필로덴드론,Medium,Medium,실내,1,48.0,35.2,63.4,22.7,47.9,55.2,N
4642,스투키,Medium,High,베란다,2,93.0,17.0,67.0,24.4,61.5,66.0,N
4643,산세베리아,Small,High,실내,3,154.0,21.0,75.0,22.3,28.1,33.3,N
4644,몬스테라,Small,Medium,실내,6,78.0,10.0,44.3,20.0,,58.5,N
4645,고무나무,Medium,High,실내,3,8.0,27.6,59.4,14.0,62.8,70.7,N
4646,고무나무,Medium,Medium,베란다,4,2.0,29.0,63.2,26.0,72.2,78.0,N
4647,고무나무,Medium,High,실내,4,29.0,7.8,60.8,27.5,63.4,69.5,Y
4648,스투키,Medium,Medium,베란다,2,66.0,49.5,43.2,24.2,,78.5,N
4649,산세베리아,Medium,High,실내,2,6.0,1.0,58.1,21.9,50.8,53.2,Y
4650,몬스테라,Small,Medium,실내,3,48.0,37.7,58.9,20.3,94.5,100.0,N
4651,몬스테라,Small,Low,실내,4,262.0,46.2,47.5,22.4,31.6,34.7,N
4652,고무나무,Small,Medium,실내,1,11.0,52.0,60.8,26.0,37.5,41.1,N
4653,스킨답서스,Small,Medium,실내,1,356.0,26.5,57.5,23.7,54.6,59.2,N
4654,산세베리아,Small,Medium,실내,2,233.0,28.7,38.8,15.5,35.3,44.0,N
4655,스투키,Medium,Medium,실내,4,214.0,48.0,62.6,26.8,47.1,51.6,N
4656,몬스테라,Medium,High,실내,0,239.0,30.7,56.4,24.0,64.8,71.1,Y
4657,산세베리아,Large,Medium,실내,0,10.0,14.3,32.3,18.8,24.4,27.3,N
4658,스킨답서스,Small,Medium,베란다,1,20.0,30.6,51.4,23.8,47.3,43.7,N
4659,몬스테라,Medium,Low,베란다,7,17.0,76.4,56.5,22.6,16.2,22.3,N
4660,고무나무,Large,High,실내,1,14.0,17.7,46.4,22.6,5.0,16.6,N
4661,스킨답서스,Medium,High,베란다,4,48.0,14.9,58.7,19.0,56.4,60.0,N
4662,고무나무,Small,High,실내,3,213.0,21.6,51.5,21.2,84.4,93.9,Y
4663,스킨답서스,Small,Medium,실내,5,35.0,32.6,67.3,17.2,41.4,49.9,N
4664,산세베리아,Small,Medium,실내,2,34.0,12.5,58.3,25.7,29.3,31.7,N
4665,산세베리아,Small,Low,실내,0,135.0,5.6,77.8,19.4,45.6,48.0,N
4666,고무나무,Medium,Medium,실내,4,12.0,30.4,37.7,25.4,59.7,67.3,N
4667,몬스테라,Small,Low,실내,3,54.0,27.7,58.8,23.8,25.5,28.8,N
4668,산세베리아,Small,Medium,실내,3,42.0,5.7,55.2,20.8,47.7,51.8,N
4669,고무나무,Medium,Medium,실내,1,226.0,8.4,60.0,19.8,63.7,66.1,N
4670,고무나무,Medium,Medium,베란다,2,87.0,26.0,70.7,22.6,59.1,64.6,N
4671,스투키,Medium,Medium,베란다,4,125.0,17.9,37.8,25.3,49.6,56.7,N
4672,산세베리아,Medium,High,실내,5,17.0,12.5,62.3,24.4,42.7,53.3,N
4673,,Medium,Low,실내,5,317.0,18.2,59.0,23.7,15.6,19.4,N
4674,몬스테라,Small,High,실내,1,47.0,13.3,44.1,21.5,38.9,44.1,N
4675,스킨답서스,Medium,Low,실내,3,147.0,22.1,69.3,24.4,90.2,90.9,N
4676,산세베리아,Medium,Low,실내,2,371.0,42.8,55.7,17.4,36.2,36.2,Y
4677,몬스테라,Large,Low,실내,2,85.0,47.8,46.1,22.7,28.9,31.6,N
4678,필로덴드론,Small,High,실내,1,85.0,13.8,60.1,22.0,21.2,23.4,N
4679,고무나무,Medium,Medium,실내,2,15.0,28.3,66.5,18.3,66.8,71.8,Y
4680,고무나무,Small,High,베란다,7,59.0,28.1,58.8,21.0,60.9,73.4,N
4681,스투키,Medium,Medium,베란다,3,230.0,6.7,49.9,27.1,40.8,45.7,N
4682,스투키,Small,Low,실내,4,17.0,3.1,45.5,23.7,47.6,49.8,N
4683,필로덴드론,Small,High,실내,2,299.0,57.7,45.2,24.8,20.2,129.2,Y
4684,스투키,Large,Low,베란다,2,132.0,37.2,64.5,20.7,34.4,39.1,N
4685,산세베리아,Medium,High,실내,2,66.0,56.5,66.3,17.0,23.3,33.8,N
4686,스투키,Medium,Low,실내,2,95.0,47.0,52.0,26.5,19.7,23.3,N
4687,몬스테라,Small,Medium,실내,1,20.0,37.2,83.0,19.8,60.9,64.0,N
4688,몬스테라,Small,High,실내,2,29.0,47.4,52.1,21.0,49.3,58.6,N
4689,스킨답서스,Medium,High,베란다,3,40.0,22.0,54.1,18.0,33.0,37.7,Y
4690,필로덴드론,Large,Medium,실내,1,58.0,39.5,50.3,26.2,55.5,58.1,N
4691,스투키,Large,High,실내,4,297.0,46.3,53.6,23.0,57.0,68.1,N
4692,스투키,Medium,Low,실내,2,55.0,38.1,54.5,21.6,55.5,55.6,N
4693,스투키,Medium,High,실내,2,89.0,12.4,62.0,23.8,46.1,49.0,N
4694,스킨답서스,Large,Medium,실내,2,21.0,9.5,52.7,20.9,53.4,59.9,N
4695,스킨답서스,Medium,Low,베란다,4,160.0,36.0,62.3,20.2,30.9,31.8,N
4696,산세베리아,Medium,Medium,실내,3,99.0,13.0,35.8,18.5,26.2,30.6,N
4697,스킨답서스,Small,Low,실내,4,70.0,13.5,47.5,18.1,12.0,19.0,N
4698,스킨답서스,Medium,Medium,실내,3,353.0,18.0,51.2,25.2,37.6,44.1,N
4699,몬스테라,Medium,Low,실내,1,266.0,20.2,51.9,25.8,70.6,70.8,N
4700,필로덴드론,Large,Medium,실내,1,129.0,18.6,33.0,16.9,,27.7,N
4701,스투키,Medium,High,실내,4,306.0,17.5,65.7,21.8,46.9,55.6,N
4702,몬스테라,Small,Low,실내,2,100.0,22.2,37.4,22.3,24.3,24.9,N
4703,고무나무,Medium,Medium,실내,0,210.0,8.1,47.4,20.0,57.8,61.3,N
4704,스킨답서스,Large,Medium,실내,4,63.0,5.6,54.7,19.6,34.5,42.6,N
4705,스킨답서스,Small,High,베란다,1,11.0,67.5,79.5,22.3,75.7,86.9,N
4706,스킨답서스,Small,Medium,실내,1,617.0,11.2,54.4,19.9,48.8,53.1,N
4707,산세베리아,Small,Medium,실내,3,22.0,0.8,60.4,22.1,40.5,46.6,N
4708,몬스테라,Medium,Medium,실내,2,35.0,15.3,37.2,18.8,54.5,57.1,N
4709,산세베리아,Medium,Medium,실내,3,21.0,3.7,45.0,20.2,47.1,55.1,N
4710,고무나무,Medium,Low,실내,3,49.0,6.3,46.7,21.2,111.5,112.6,N
4711,스킨답서스,Small,Medium,실내,2,41.0,23.5,48.6,21.0,24.6,28.0,N
4712,스킨답서스,Large,Low,실내,0,110.0,7.0,67.2,25.4,41.3,41.9,Y
4713,스투키,Small,Medium,실내,2,677.0,57.1,48.4,20.3,34.6,40.0,N
4714,산세베리아,Small,Medium,실내,2,6.0,40.1,62.3,24.8,,20.4,N
4715,,Medium,Medium,실내,1,181.0,47.6,45.8,13.1,22.1,26.7,N
4716,스투키,Medium,Low,실내,3,16.0,24.8,51.6,22.0,63.0,69.4,N
4717,스킨답서스,Small,,실내,2,2.0,8.5,26.2,15.7,35.2,39.2,N
4718,필로덴드론,Small,High,베란다,4,122.0,17.4,54.1,25.7,21.5,28.2,N
4719,스킨답서스,Small,Low,베란다,1,248.0,29.0,54.8,28.1,60.9,66.3,N
4720,필로덴드론,Medium,Medium,실내,2,23.0,51.6,52.7,21.9,5.0,7.2,N
4721,스투키,Medium,Medium,실내,3,50.0,8.9,78.6,27.2,26.8,33.3,N
4722,몬스테라,Medium,Low,실내,3,22.0,24.0,54.2,19.6,31.4,34.3,N
4723,몬스테라,Medium,Medium,실내,1,284.0,46.1,22.3,24.9,81.8,87.9,N
4724,스킨답서스,Medium,Medium,실내,2,38.0,29.8,40.4,24.5,49.6,55.3,Y
4725,몬스테라,Small,High,실내,1,71.0,67.5,54.5,21.5,24.3,35.1,N
4726,몬스테라,Large,High,베란다,1,270.0,16.4,54.0,22.0,6.1,8.5,N
4727,필로덴드론,Large,Medium,실내,0,97.0,16.9,45.2,23.0,54.9,55.1,N
4728,산세베리아,Small,Medium,실내,3,324.0,2.5,42.7,22.6,14.4,19.6,N
4729,고무나무,Small,High,베란다,3,313.0,22.4,71.6,23.0,63.7,68.6,Y
4730,몬스테라,Small,High,실내,1,74.0,34.9,66.9,28.4,35.3,42.8,N
4731,몬스테라,Small,High,실내,4,105.0,49.8,68.5,28.0,22.0,32.9,Y
4732,몬스테라,Medium,Low,실내,3,31.0,24.7,47.5,24.5,53.6,57.7,N
4733,고무나무,Medium,Low,실내,1,559.0,52.2,63.4,28.2,56.3,262.1,Y
4734,필로덴드론,Medium,Medium,실내,1,39.0,36.8,24.2,18.7,59.7,64.3,N
4735,스킨답서스,Medium,Medium,실내,2,184.0,79.5,50.0,24.5,7.1,14.2,N
4736,몬스테라,Medium,,실내,3,45.0,30.5,48.4,24.6,64.5,71.5,N
4737,스킨답서스,Medium,Low,실내,4,45.0,39.6,52.0,20.8,24.3,28.1,N
4738,스투키,Small,High,실내,4,13.0,35.4,56.4,28.5,66.1,73.8,N
4739,스투키,Small,High,베란다,6,98.0,49.8,52.9,26.9,53.8,67.9,N
4740,고무나무,Medium,Medium,실내,3,34.0,31.6,41.5,23.6,55.4,59.5,N
4741,고무나무,Small,High,실내,1,19.0,19.0,46.1,19.9,27.9,36.4,N
4742,몬스테라,Small,Medium,실내,1,31.0,8.1,61.2,17.4,68.2,68.2,N
4743,몬스테라,Large,High,실내,3,35.0,15.7,59.3,18.9,5.0,15.3,N
4744,필로덴드론,Medium,Medium,실내,3,84.0,18.0,74.1,26.9,34.6,39.9,N
4745,스투키,Small,Low,베란다,3,59.0,53.9,58.7,21.2,49.4,52.8,N
4746,몬스테라,Medium,Medium,실내,4,,43.6,72.9,25.5,68.1,79.0,N
4747,몬스테라,Medium,Medium,베란다,1,92.0,98.4,37.6,23.1,55.7,62.9,N
4748,몬스테라,Small,Medium,베란다,1,186.0,24.1,62.1,15.9,67.5,69.4,N
4749,스투키,Small,Low,베란다,5,102.0,10.3,64.1,21.2,50.3,54.1,N
4750,산세베리아,Large,High,실내,2,440.0,11.8,60.8,19.1,32.4,39.1,Y
4751,스투키,Small,Low,베란다,1,13.0,47.7,40.6,24.5,60.2,63.2,N
4752,스킨답서스,Small,Low,실내,3,207.0,14.8,58.8,24.7,23.5,26.0,N
4753,고무나무,Medium,Medium,실내,1,85.0,5.4,50.7,21.4,64.2,66.6,N
4754,스킨답서스,Medium,Medium,실내,1,88.0,35.8,61.9,26.6,26.3,32.1,N
4755,산세베리아,Small,Medium,베란다,4,88.0,45.7,54.0,25.2,37.7,42.9,N
4756,산세베리아,Small,High,실내,5,47.0,4.8,48.2,20.7,36.9,45.9,N
4757,몬스테라,Small,Medium,실내,5,47.0,16.2,82.4,23.6,72.0,81.9,N
4758,산세베리아,Large,Medium,실내,2,120.0,14.9,46.1,19.6,41.3,48.5,N
4759,스킨답서스,Small,High,실내,2,5.0,25.5,58.4,21.0,45.9,55.2,N
4760,필로덴드론,Medium,Low,실내,0,107.0,14.7,61.6,23.8,38.5,38.4,N
4761,스킨답서스,Large,Medium,베란다,2,155.0,22.7,51.5,22.2,61.0,69.1,N
4762,필로덴드론,Small,High,베란다,3,53.0,29.5,68.7,17.7,35.0,42.3,N
4763,산세베리아,Large,Low,베란다,2,29.0,4.8,65.4,23.2,28.5,31.6,N
4764,스투키,Large,Medium,실내,2,29.0,20.4,34.8,21.0,36.6,41.2,N
4765,스킨답서스,Large,High,실내,0,10.0,17.3,62.4,19.6,33.3,35.7,N
4766,필로덴드론,Small,Medium,실내,1,11.0,20.4,76.3,18.7,15.3,19.4,N
4767,산세베리아,Medium,Medium,실내,2,22.0,20.4,45.9,21.4,49.7,55.9,N
4768,몬스테라,Medium,High,실내,1,2.0,4.0,38.5,22.8,,39.6,N
4769,고무나무,Large,Low,베란다,4,37.0,75.7,51.4,21.3,68.1,74.3,N
4770,스투키,Small,Low,실내,0,44.0,26.6,54.6,22.9,56.8,57.2,N
4771,몬스테라,Medium,High,베란다,5,641.0,48.6,55.4,21.2,27.4,38.1,N
4772,스킨답서스,Small,High,베란다,2,575.0,11.6,67.6,23.8,27.4,33.4,Y
4773,·정보없음,Small,Medium,실내,0,25.0,57.4,46.7,21.6,39.0,40.7,N
4774,산세베리아,Medium,Medium,베란다,3,29.0,26.1,61.4,17.1,53.1,60.0,N
4775,스투키,Medium,High,베란다,0,81.0,38.4,64.2,18.4,52.0,57.9,Y
4776,산세베리아,Medium,High,실내,5,19.0,6.3,56.2,20.4,41.3,52.4,N
4777,몬스테라,Medium,Medium,실내,0,84.0,18.1,47.5,25.8,58.2,60.2,N
4778,스투키,Large,Low,실내,0,61.0,27.7,41.1,19.1,21.4,23.3,N
4779,스투키,Medium,Medium,실내,1,47.0,76.0,36.6,23.2,34.9,41.5,N
4780,스투키,Medium,High,실내,2,208.0,35.0,37.4,23.2,71.3,79.6,N
4781,몬스테라,Medium,High,실내,4,211.0,9.1,35.7,18.3,74.1,80.6,Y
4782,몬스테라,Medium,High,실내,1,530.0,10.2,73.3,21.2,18.7,25.5,N
4783,스킨답서스,Medium,High,실내,3,30.0,5.4,52.8,22.5,56.7,62.3,N
4784,스투키,Large,Medium,실내,3,263.0,12.6,79.5,21.2,65.0,70.5,N
4785,스킨답서스,Medium,Medium,실내,1,93.0,58.0,59.4,23.7,46.3,50.6,N
4786,스투키,Medium,High,실내,0,107.0,33.3,36.6,23.6,69.7,72.2,N
4787,산세베리아,Small,High,실내,1,272.0,38.6,52.6,22.6,28.8,34.7,N
4788,필로덴드론,Small,Medium,실내,3,343.0,58.2,62.5,24.8,46.2,51.8,N
4789,스킨답서스,Medium,Low,베란다,0,156.0,39.2,58.7,22.0,29.6,29.9,N
4790,스투키,Small,High,실내,0,51.0,7.1,49.8,22.3,62.1,65.1,Y
4791,몬스테라,Small,Medium,실내,1,81.0,45.5,65.7,22.8,51.6,54.0,N
4792,필로덴드론,Medium,,실내,3,115.0,87.1,42.4,18.7,59.6,67.7,N
4793,몬스테라,Small,Medium,실내,3,212.0,7.3,57.1,23.7,37.0,41.8,N
4794,스투키,Small,Medium,실내,1,129.0,29.8,64.5,20.2,,41.9,N
4795,스투키,Medium,Low,실내,1,55.0,56.7,50.5,21.4,37.4,40.5,N
4796,스투키,Medium,High,베란다,2,65.0,47.6,60.9,23.6,59.8,68.4,Y
4797,몬스테라,Large,Medium,베란다,1,,87.7,53.4,23.3,36.9,41.5,N
4798,산세베리아,Medium,Low,실내,1,310.0,58.3,57.3,17.7,5.0,5.9,N
4799,몬스테라,Medium,Medium,베란다,1,11.0,14.2,60.0,17.8,40.3,45.5,N
4800,고무나무,Large,High,실내,0,104.0,51.8,51.4,19.0,40.1,44.7,Y
4801,몬스테라,Medium,High,베란다,2,246.0,24.6,71.6,22.6,66.4,70.7,Y
4802,몬스테라,Small,High,실내,1,66.0,19.9,58.0,25.9,64.5,199.7,Y
4803,필로덴드론,Small,High,실내,0,193.0,14.7,61.6,20.6,,37.9,N
4804,몬스테라,Medium,Low,실내,2,195.0,52.7,68.6,19.2,27.8,32.8,N
4805,산세베리아,Medium,Low,실내,2,7.0,8.2,62.1,19.2,26.9,24.9,N
4806,스킨답서스,Medium,Medium,베란다,3,64.0,28.8,43.6,23.3,32.2,43.3,N
4807,몬스테라,Medium,Medium,실내,4,141.0,14.9,63.7,25.2,15.7,21.8,N
4808,필로덴드론,Medium,High,실내,0,66.0,25.7,58.0,25.1,47.8,50.3,N
4809,스투키,Large,Medium,실내,1,95.0,21.7,46.6,20.0,61.2,64.8,N
4810,산세베리아,Medium,High,실내,3,108.0,26.4,68.7,17.4,36.5,42.0,Y
4811,몬스테라,Small,Medium,실내,2,20.0,33.5,42.6,22.3,76.9,82.5,N
4812,산세베리아,Large,Medium,베란다,4,64.0,13.2,48.4,26.4,42.6,46.8,N
4813,몬스테라,Small,Medium,베란다,3,3.0,8.3,50.0,23.3,70.1,75.2,N
4814,스킨답서스,Medium,Low,실내,2,19.0,12.9,39.7,17.9,34.2,35.8,N
4815,산세베리아,Large,Medium,실내,6,86.0,28.9,54.8,21.8,30.7,40.1,N
4816,필로덴드론,Medium,Medium,실내,2,102.0,25.9,47.0,19.0,19.2,27.5,N
4817,필로덴드론,Medium,Medium,베란다,3,19.0,13.1,57.7,23.0,17.6,21.2,N
4818,산세베리아,Medium,Medium,베란다,1,169.0,28.6,75.7,21.9,33.6,37.7,N
4819,산세베리아,Medium,Low,실내,1,56.0,54.8,54.5,21.2,55.2,59.8,N
4820,몬스테라,Medium,Medium,베란다,4,304.0,26.1,60.8,20.1,81.0,89.9,N
4821,스투키,Medium,Medium,실내,1,59.0,12.3,54.8,23.3,65.8,70.0,N
4822,스투키,Medium,Low,실내,2,19.0,6.5,51.2,25.6,47.9,48.8,N
4823,스투키,Medium,Medium,베란다,1,170.0,25.8,63.8,26.9,44.0,45.7,N
4824,스투키,Small,Medium,실내,2,101.0,11.3,43.7,23.2,,67.6,N
4825,스킨답서스,Medium,Medium,실내,5,59.0,19.1,67.0,25.8,62.2,70.5,N
4826,몬스테라,Medium,Low,실내,1,53.0,34.1,45.7,19.0,63.7,67.4,N
4827,고무나무,Medium,Medium,실내,0,20.0,31.7,71.2,21.0,82.3,87.2,N
4828,몬스테라,Medium,Medium,실내,2,50.0,56.3,50.6,19.1,83.3,87.2,N
4829,스투키,Medium,Medium,베란다,2,4.0,4.3,45.1,20.5,22.1,24.8,N
4830,스킨답서스,Medium,High,실내,1,84.0,21.2,56.2,18.9,48.8,53.5,N
4831,산세베리아,Medium,Medium,베란다,6,272.0,21.8,36.1,26.9,21.7,30.1,N
4832,고무나무,Large,Medium,실내,3,190.0,29.1,42.1,20.9,74.6,81.0,N
4833,고무나무,Small,High,실내,2,3.0,9.2,60.7,21.6,56.6,62.6,N
4834,몬스테라,Large,Medium,베란다,3,256.0,14.1,69.1,17.4,5.0,6.2,N
4835,스킨답서스,Small,High,실내,1,72.0,8.3,47.9,16.0,,78.2,N
4836,몬스테라,Small,Medium,실내,2,25.0,30.8,70.3,27.1,47.1,52.3,N
4837,스투키,Large,Medium,실내,4,168.0,13.5,50.0,21.3,42.5,48.7,N
4838,스킨답서스,Small,High,실내,2,47.0,47.0,57.2,28.9,51.0,58.4,Y
4839,몬스테라,Medium,Low,실내,3,35.0,42.4,57.3,21.5,32.7,37.4,N
4840,스투키,Large,Medium,베란다,0,21.0,51.2,73.4,18.3,41.1,47.0,N
4841,필로덴드론,Large,Low,베란다,2,80.0,17.6,65.6,22.1,43.4,43.9,N
4842,필로덴드론,Large,Medium,실내,3,12.0,17.7,52.6,22.2,62.5,64.3,N
4843,스투키,Small,Low,베란다,1,185.0,18.8,84.2,22.4,41.3,42.8,N
4844,몬스테라,Medium,Medium,베란다,3,76.0,12.4,54.3,21.8,99.6,106.0,N
4845,몬스테라,Small,High,베란다,0,71.0,7.6,55.2,17.5,20.0,23.6,N
4846,스투키,Medium,High,실내,2,0.0,10.7,59.0,17.4,64.9,69.7,Y
4847,필로덴드론,Large,Medium,실내,2,204.0,64.8,50.0,25.5,24.1,33.4,N
4848,몬스테라,Medium,High,실내,3,81.0,16.1,71.6,27.9,16.4,27.4,N
4849,산세베리아,Medium,Medium,실내,1,70.0,76.3,53.9,21.1,14.9,23.0,N
4850,몬스테라,Medium,Medium,실내,2,172.0,15.4,62.8,16.5,34.3,41.8,N
4851,필로덴드론,Medium,High,실내,2,8.0,28.2,22.1,25.6,31.7,35.2,N
4852,스투키,Large,High,실내,2,55.0,31.6,56.6,19.5,54.3,61.3,Y
4853,산세베리아,Small,High,실내,0,103.0,25.1,51.0,23.0,6.1,9.3,Y
4854,스투키,Medium,Low,실내,0,74.0,15.4,55.9,20.4,46.9,50.0,N
4855,고무나무,Large,Medium,실내,0,24.0,3.4,41.1,20.5,84.9,84.6,N
4856,몬스테라,Medium,High,베란다,4,43.0,23.3,52.8,19.4,36.9,45.1,N
4857,몬스테라,Small,Medium,실내,4,43.0,12.2,57.2,26.2,40.6,45.1,N
4858,필로덴드론,Medium,Medium,베란다,2,579.0,16.1,50.7,23.4,44.5,50.5,N
4859,필로덴드론,Small,Medium,베란다,4,47.0,15.2,62.2,23.0,27.0,32.0,N
4860,산세베리아,Small,High,베란다,2,28.0,64.7,55.8,22.1,46.4,52.2,N
4861,고무나무,Large,Medium,베란다,1,208.0,10.2,62.6,23.2,48.5,52.7,N
4862,산세베리아,Medium,Medium,베란다,1,66.0,75.1,66.7,18.4,18.8,27.1,N
4863,몬스테라,Large,Low,실내,2,70.0,86.2,67.7,23.6,72.6,75.6,N
4864,스투키,Large,Medium,베란다,1,96.0,45.9,50.4,25.6,22.1,28.5,N
4865,스투키,Medium,High,베란다,1,109.0,1.5,50.2,22.7,28.0,31.9,N
4866,고무나무,Small,Low,베란다,4,107.0,7.4,74.3,24.6,83.9,87.4,N
4867,스투키,Medium,Medium,실내,3,4.0,52.7,44.0,20.8,57.1,59.8,N
4868,몬스테라,Small,Medium,실내,2,205.0,9.5,50.0,23.2,87.0,93.4,N
4869,스킨답서스,Large,Low,실내,2,26.0,26.8,53.1,20.8,22.3,26.0,N
4870,산세베리아,Small,Medium,실내,3,41.0,15.2,44.7,17.1,30.7,36.4,N
4871,스투키,Small,Low,베란다,2,23.0,55.8,56.4,21.3,48.8,53.5,N
4872,몬스테라,Medium,Medium,실내,6,175.0,25.5,69.6,25.4,74.3,82.9,N
4873,몬스테라,Small,Medium,실내,0,105.0,28.5,32.0,18.0,112.0,118.4,N
4874,스투키,Small,High,실내,1,169.0,110.1,48.8,26.9,63.4,76.4,N
4875,스투키,Medium,High,실내,3,127.0,76.0,56.4,20.3,34.3,44.1,N
4876,고무나무,Small,Medium,실내,2,13.0,25.4,73.8,23.7,45.3,55.6,N
4877,고무나무,Small,Low,실내,4,43.0,2.4,37.1,26.6,107.4,112.1,Y
4878,고무나무,Medium,High,실내,3,85.0,40.7,65.4,27.5,42.5,54.8,N
4879,스투키,Medium,Medium,실내,1,44.0,93.9,53.0,26.8,45.6,53.5,N
4880,산세베리아,Medium,Low,실내,2,28.0,3.4,56.9,19.7,44.7,47.2,N
4881,몬스테라,Medium,High,베란다,4,245.0,44.2,69.7,25.4,82.1,89.3,Y
4882,스킨답서스,Medium,Low,베란다,4,165.0,57.9,53.4,20.2,6.7,8.0,N
4883,산세베리아,Medium,Medium,베란다,1,51.0,25.3,54.6,19.2,53.4,57.5,N
4884,몬스테라,Large,Medium,실내,3,174.0,27.5,56.6,20.2,34.2,39.3,N
4885,몬스테라,Small,Medium,실내,1,119.0,25.8,57.4,25.8,47.2,52.1,N
4886,산세베리아,Medium,High,실내,3,0.0,8.6,41.9,20.6,35.5,40.4,N
4887,스투키,Large,Medium,베란다,1,57.0,116.0,56.9,19.7,42.5,52.5,N
4888,고무나무,Large,Low,베란다,3,41.0,5.9,60.2,26.8,55.3,59.9,N
4889,몬스테라,Small,High,실내,2,29.0,44.6,35.6,21.6,,80.9,Y
4890,고무나무,Small,High,베란다,4,35.0,42.5,65.4,24.0,34.0,48.3,N
4891,스투키,Medium,Medium,실내,2,342.0,9.6,66.0,19.2,58.3,63.9,N
4892,몬스테라,Small,Medium,실내,2,80.0,27.1,58.0,20.8,21.1,30.1,N
4893,고무나무,Large,Low,실내,3,,7.8,38.9,21.4,76.5,80.3,N
4894,스투키,Medium,High,실내,3,29.0,36.2,47.2,20.3,75.9,84.5,Y
4895,스투키,Medium,Low,실내,2,23.0,60.1,27.1,21.8,36.6,38.6,N
4896,몬스테라,Small,Low,베란다,2,264.0,28.0,50.7,19.3,42.2,45.4,N
4897,몬스테라,Medium,Medium,실내,4,82.0,42.7,44.0,21.8,66.3,73.0,N
4898,스투키,Medium,Low,실내,1,271.0,10.7,54.2,25.4,14.5,14.6,N
4899,몬스테라,Large,Low,베란다,2,8.0,10.6,67.0,17.0,97.8,97.2,N
4900,필로덴드론,Small,Medium,실내,2,298.0,26.2,49.0,21.6,43.7,48.6,N
4901,몬스테라,Small,Low,실내,2,64.0,7.1,59.9,20.6,50.8,51.0,N
4902,스킨답서스,Medium,Low,실내,4,20.0,9.7,53.9,20.3,27.6,30.7,N
4903,몬스테라,Small,Low,실내,2,138.0,14.7,44.2,27.9,54.8,59.0,N
4904,스투키,Medium,Low,실내,1,191.0,36.3,71.9,26.3,52.3,53.3,N
4905,필로덴드론,Large,High,실내,0,6.0,10.5,64.9,20.5,,18.7,N
4906,몬스테라,Medium,High,실내,2,523.0,24.6,41.7,17.9,62.9,66.5,N
4907,필로덴드론,Large,Medium,실내,3,143.0,44.2,60.4,26.6,42.8,48.1,N
4908,몬스테라,Small,Medium,베란다,1,47.0,16.4,52.5,23.2,6.6,9.0,N
4909,고무나무,Small,Low,베란다,2,20.0,16.8,61.2,18.5,25.9,25.9,N
4910,스킨답서스,Small,Low,베란다,3,60.0,36.5,38.9,19.3,7.4,13.0,N
4911,산세베리아,Small,Medium,실내,0,30.0,28.8,50.8,22.3,22.8,27.4,N
4912,스킨답서스,Large,Medium,실내,4,82.0,18.2,59.2,27.3,24.4,27.5,N
4913,스킨답서스,Small,High,베란다,2,183.0,11.9,41.9,20.9,40.4,43.7,N
4914,몬스테라,Medium,Medium,실내,0,130.0,14.4,58.1,23.4,41.0,45.4,N
4915,몬스테라,Medium,Medium,실내,2,69.0,44.9,51.0,20.2,28.6,31.8,N
4916,필로덴드론,Large,Low,베란다,2,15.0,16.4,55.5,23.4,30.8,31.5,N
4917,스투키,Small,High,실내,1,378.0,124.3,67.2,17.1,51.2,62.5,Y
4918,스투키,Small,Medium,실내,1,38.0,13.0,87.5,23.9,17.8,19.7,N
4919,산세베리아,Small,High,베란다,2,39.0,39.1,55.9,22.7,39.1,50.5,N
4920,스투키,Medium,Medium,베란다,2,124.0,40.3,52.7,19.5,30.2,36.7,N
4921,필로덴드론,Small,High,실내,2,177.0,32.9,78.2,11.9,6.2,13.6,N
4922,고무나무,Large,High,실내,2,497.0,6.5,68.6,26.9,56.5,61.5,N
4923,스킨답서스,Medium,High,실내,1,417.0,51.1,76.3,16.8,14.0,22.7,N
4924,산세베리아,Medium,Medium,베란다,2,294.0,24.0,57.9,25.8,22.2,27.6,N
4925,몬스테라,Medium,Medium,실내,4,69.0,62.5,64.8,19.5,69.4,76.7,N
4926,스투키,Small,Medium,실내,1,22.0,19.5,55.6,23.1,,38.9,N
4927,스킨답서스,Medium,High,베란다,5,105.0,19.3,55.7,23.8,55.7,63.5,N
4928,스투키,Large,Medium,실내,3,2.0,34.2,56.3,27.0,62.2,67.6,N
4929,고무나무,Large,Low,베란다,2,26.0,24.0,60.0,18.7,18.5,22.3,N
4930,필로덴드론,Large,Medium,베란다,3,0.0,7.0,55.9,21.9,16.4,23.0,N
4931,스킨답서스,Large,Low,실내,4,24.0,44.9,71.7,19.1,29.9,34.4,N
4932,스투키,Small,Medium,베란다,2,77.0,5.8,61.9,18.9,29.5,33.6,N
4933,필로덴드론,Small,Medium,실내,2,60.0,50.2,57.4,22.3,40.9,44.6,N
4934,스킨답서스,Small,Medium,베란다,1,55.0,11.2,56.9,24.5,56.0,57.6,N
4935,스킨답서스,Small,Low,베란다,4,213.0,89.0,49.9,29.5,21.1,23.3,N
4936,스투키,Small,High,실내,3,135.0,6.8,42.0,21.3,41.0,45.9,N
4937,필로덴드론,Medium,High,베란다,1,331.0,7.6,67.0,21.8,59.4,64.2,N
4938,스킨답서스,Medium,High,베란다,3,71.0,10.8,67.0,22.0,54.5,62.2,Y
4939,산세베리아,Large,Medium,실내,1,38.0,49.0,41.7,22.5,34.1,38.0,N
4940,산세베리아,Medium,High,실내,3,16.0,37.2,42.0,22.8,,28.4,N
4941,스투키,Large,Medium,실내,2,134.0,51.9,63.4,18.5,15.5,24.6,N
4942,스킨답서스,Small,Low,실내,1,221.0,39.5,51.2,13.7,29.9,34.5,N
4943,산세베리아,Small,Low,베란다,4,24.0,23.8,43.1,21.2,24.9,31.1,N
4944,스투키,Medium,Medium,베란다,1,253.0,59.5,35.7,27.9,52.3,56.2,N
4945,산세베리아,Small,Low,실내,1,90.0,75.4,49.5,22.2,61.9,63.0,N
4946,필로덴드론,Small,High,실내,1,19.0,9.9,56.6,21.6,11.4,17.5,N
4947,고무나무,Small,Low,실내,0,,57.2,51.6,21.9,76.1,81.8,N
4948,고무나무,Small,Medium,실내,2,88.0,56.5,39.1,19.9,77.7,87.5,N
4949,산세베리아,Medium,Medium,실내,1,3.0,11.5,47.9,21.7,47.8,47.8,N
4950,산세베리아,Medium,Medium,실내,4,61.0,14.7,61.7,22.1,26.8,32.8,N
4951,스투키,Medium,Medium,실내,4,184.0,46.9,74.0,22.1,26.4,31.7,N
4952,몬스테라,Medium,Low,베란다,2,97.0,16.5,55.6,22.3,39.0,41.3,N
4953,스킨답서스,Medium,High,실내,2,40.0,28.5,67.4,22.3,35.3,43.5,N
4954,고무나무,Small,Medium,실내,1,317.0,30.1,63.7,21.8,63.7,68.8,N
4955,스킨답서스,Small,Medium,실내,3,33.0,10.7,48.0,25.4,27.3,29.3,N
4956,고무나무,Small,High,베란다,3,35.0,10.7,66.3,27.7,44.1,50.1,N
4957,스투키,Medium,High,베란다,3,53.0,9.0,68.5,16.9,77.6,82.9,Y
4958,고무나무,Medium,High,베란다,1,270.0,37.8,49.2,20.3,80.8,88.7,N
4959,,Medium,Medium,실내,4,85.0,6.8,55.2,15.3,80.4,84.5,N
4960,고무나무,Small,Medium,실내,1,138.0,49.8,48.2,23.5,31.7,37.3,N
4961,스킨답서스,Medium,Medium,실내,7,449.0,15.9,39.9,25.7,37.0,44.8,N
4962,몬스테라,Medium,High,실내,0,184.0,28.3,67.3,22.3,60.9,68.9,Y
4963,스투키,Medium,High,실내,2,23.0,8.6,74.2,22.4,32.2,38.8,Y
4964,고무나무,Medium,Low,베란다,2,186.0,90.3,54.3,20.3,37.7,42.3,N
4965,스킨답서스,Medium,Medium,실내,3,166.0,40.1,48.6,22.6,51.5,57.2,N
4966,몬스테라,Medium,High,실내,3,32.0,38.9,67.8,21.8,46.0,54.2,N
4967,필로덴드론,Medium,Medium,베란다,4,47.0,41.7,69.1,25.3,53.3,65.0,N
4968,고무나무,Small,Medium,실내,2,149.0,36.5,44.6,28.1,80.7,87.3,N
4969,필로덴드론,Medium,Medium,실내,5,33.0,9.9,56.7,26.7,42.5,49.6,N
4970,스킨답서스,Small,Medium,실내,3,28.0,12.4,78.8,28.8,12.4,18.8,N
4971,스킨답서스,Small,High,실내,1,146.0,23.4,76.9,24.0,84.4,90.7,Y
4972,산세베리아,Large,Medium,베란다,1,255.0,37.6,43.9,23.0,29.6,35.6,N
4973,스킨답서스,Large,Low,실내,2,9.0,44.9,38.3,22.0,84.7,89.6,N
4974,고무나무,Small,Low,베란다,1,71.0,13.4,59.2,23.1,76.3,76.4,Y
4975,스투키,Medium,Low,베란다,0,112.0,21.8,63.6,23.0,59.2,58.5,N
4976,스킨답서스,Small,Medium,베란다,1,135.0,79.0,63.6,26.0,30.0,38.1,N
4977,몬스테라,Medium,Medium,실내,0,669.0,18.8,61.5,21.5,35.9,39.6,N
4978,몬스테라,Large,Low,실내,4,138.0,51.3,58.4,18.9,32.2,35.8,N
4979,몬스테라,Large,Medium,실내,3,116.0,5.9,49.9,21.9,90.3,93.6,N
4980,몬스테라,Medium,High,실내,1,549.0,19.3,47.4,19.2,5.0,10.9,N
4981,필로덴드론,Medium,Medium,베란다,1,,57.4,64.6,21.4,52.3,59.0,N
4982,스투키,Medium,Medium,실내,1,9.0,66.3,46.5,16.8,53.0,56.1,N
4983,고무나무,Small,High,베란다,1,99.0,34.2,35.0,22.1,76.5,82.5,N
4984,산세베리아,Large,Medium,실내,2,53.0,3.0,56.7,19.4,43.6,47.1,N
4985,스킨답서스,Large,High,실내,3,12.0,2.7,58.4,24.2,59.9,65.3,N
4986,몬스테라,Medium,Medium,베란다,0,44.0,32.2,78.1,20.9,47.9,49.3,Y
4987,고무나무,Small,High,실내,2,135.0,34.4,55.4,16.3,128.9,134.4,Y
4988,고무나무,Small,High,베란다,4,255.0,95.8,39.1,20.8,65.1,77.5,N
4989,고무나무,Small,Medium,실내,1,12.0,13.7,69.6,21.7,48.0,47.8,N
4990,산세베리아,Large,High,베란다,2,93.0,8.4,54.4,23.0,30.0,37.3,N
4991,필로덴드론,Medium,High,실내,2,42.0,22.4,53.1,23.6,32.2,38.2,N
4992,스킨답서스,Small,Medium,베란다,1,132.0,17.9,41.0,19.6,16.1,18.6,N
4993,스투키,Medium,Low,실내,0,96.0,40.8,61.1,19.7,32.0,32.4,N
4994,고무나무,Large,Medium,실내,4,314.0,45.9,56.9,21.9,55.7,63.7,Y
4995,몬스테라,Small,High,베란다,1,5.0,21.9,56.0,22.9,52.1,53.8,N
4996,산세베리아,Large,Medium,베란다,3,76.0,44.3,66.3,23.4,,57.6,N
4997,몬스테라,Large,Low,실내,1,26.0,10.5,67.7,24.9,5.0,8.6,N
4998,스투키,Large,Low,실내,1,92.0,30.6,58.8,17.0,61.7,63.0,Y
4999,산세베리아,Medium,Medium,실내,4,231.0,1.4,61.5,24.9,16.1,16.8,N
5000,스킨답서스,Small,Medium,실내,3,291.0,13.5,59.2,24.5,7.2,11.1,N
